"P/O Number","Backorder Number","SKU Number","Location","Distributed Qty","Total Rec""d Qty","Current Rec""d Qty","PROCESSED Y/N","Buy U/M Cost","Sell U/M Cost","Unit Retail"
300013,0,30000000,1,1.0,0,1.0,"Y",250.0,250.0,499.75
300013,0,30000000,6,1.0,0,1.0,"Y",250.0,250.0,499.75
300013,0,30000000,15,1.0,0,1.0,"Y",250.0,250.0,499.75
300013,0,30000000,277,1.0,0,1.0,"Y",250.0,250.0,499.75
300014,0,30000000,2,1.0,0,1.0,"Y",250.0,250.0,499.75
300014,0,30000000,9,1.0,0,1.0,"Y",250.0,250.0,499.75
300014,0,30000000,46,1.0,0,1.0,"Y",250.0,250.0,499.75
300014,0,30000000,228,1.0,0,1.0,"Y",250.0,250.0,499.75
300014,0,30000000,276,1.0,0,1.0,"Y",250.0,250.0,499.75
300015,0,30000000,3,1.0,0,1.0,"Y",250.0,250.0,499.75
300015,0,30000000,65,1.0,0,1.0,"Y",250.0,250.0,499.75
300015,0,30000000,73,1.0,0,1.0,"Y",250.0,250.0,499.75
300015,0,30000000,156,1.0,0,1.0,"Y",250.0,250.0,499.75
300015,0,30000000,245,1.0,0,1.0,"Y",250.0,250.0,499.75
300016,0,30000000,138,1.0,0,1.0,"Y",250.0,250.0,499.75
300016,0,30000000,274,1.0,0,1.0,"Y",250.0,250.0,499.75
300017,0,30000000,94,1.0,0,1.0,"Y",250.0,250.0,499.75
300017,0,30000000,134,1.0,0,1.0,"Y",250.0,250.0,499.75
300017,0,30000000,238,1.0,0,1.0,"Y",250.0,250.0,499.75
300017,0,30000000,351,1.0,0,1.0,"Y",250.0,250.0,499.75
300017,0,30000000,353,1.0,0,1.0,"Y",250.0,250.0,499.75
300018,0,30000000,14,1.0,0,1.0,"Y",250.0,250.0,499.75
300018,0,30000000,145,1.0,0,1.0,"Y",250.0,250.0,499.75
300018,0,30000000,241,1.0,0,1.0,"Y",250.0,250.0,499.75
300018,0,30000000,275,1.0,0,1.0,"Y",250.0,250.0,499.75
300018,0,30000000,432,1.0,0,1.0,"Y",250.0,250.0,499.75
300018,0,30000000,440,1.0,0,1.0,"Y",250.0,250.0,499.75
300019,0,30000000,130,1.0,0,1.0,"Y",250.0,250.0,499.75
300019,0,30000000,148,1.0,0,1.0,"Y",250.0,250.0,499.75
300019,0,30000000,270,1.0,0,1.0,"Y",250.0,250.0,499.75
300020,0,30000000,32,1.0,0,1.0,"Y",250.0,250.0,499.75
300020,0,30000000,50,1.0,0,1.0,"Y",250.0,250.0,499.75
300020,0,30000000,142,1.0,0,1.0,"Y",250.0,250.0,499.75
300020,0,30000000,149,1.0,0,1.0,"Y",250.0,250.0,499.75
300020,0,30000000,352,1.0,0,1.0,"Y",250.0,250.0,499.75
300021,0,30000000,95,1.0,0,1.0,"Y",250.0,250.0,499.75
300021,0,30000000,120,1.0,0,1.0,"Y",250.0,250.0,499.75
300022,0,30000013,1,2.0,0,2.0,"",500.0,500.0,999.0
300022,0,30000013,6,2.0,0,2.0,"",500.0,500.0,999.0
300022,0,30000013,15,1.0,0,1.0,"",500.0,500.0,999.0
300022,0,30000013,277,1.0,0,1.0,"",500.0,500.0,999.0
300022,0,30000013,448,1.0,0,1.0,"",500.0,500.0,999.0
300022,0,30000013,855,1.0,0,1.0,"",500.0,500.0,999.0
300022,0,30000013,1268,1.0,0,1.0,"",500.0,500.0,999.0
300022,0,30000013,1896,1.0,0,1.0,"",500.0,500.0,999.0
300022,0,30000014,1,3.0,0,3.0,"",500.0,500.0,999.0
300022,0,30000014,6,3.0,0,3.0,"",500.0,500.0,999.0
300022,0,30000014,15,3.0,0,3.0,"",500.0,500.0,999.0
300022,0,30000014,277,2.0,0,2.0,"",500.0,500.0,999.0
300022,0,30000014,448,2.0,0,2.0,"",500.0,500.0,999.0
300022,0,30000014,855,2.0,0,2.0,"",500.0,500.0,999.0
300022,0,30000014,1268,2.0,0,2.0,"",500.0,500.0,999.0
300022,0,30000014,1896,2.0,0,2.0,"",500.0,500.0,999.0
300022,0,30000015,1,4.0,0,4.0,"",500.0,500.0,999.0
300022,0,30000015,6,4.0,0,4.0,"",500.0,500.0,999.0
300022,0,30000015,15,4.0,0,4.0,"",500.0,500.0,999.0
300022,0,30000015,277,3.0,0,3.0,"",500.0,500.0,999.0
300022,0,30000015,448,3.0,0,3.0,"",500.0,500.0,999.0
300022,0,30000015,855,3.0,0,3.0,"",500.0,500.0,999.0
300022,0,30000015,1268,3.0,0,3.0,"",500.0,500.0,999.0
300022,0,30000015,1896,3.0,0,3.0,"",500.0,500.0,999.0
300022,0,30000016,1,3.0,0,3.0,"",500.0,500.0,999.0
300022,0,30000016,6,3.0,0,3.0,"",500.0,500.0,999.0
300022,0,30000016,15,3.0,0,3.0,"",500.0,500.0,999.0
300022,0,30000016,277,2.0,0,2.0,"",500.0,500.0,999.0
300022,0,30000016,448,2.0,0,2.0,"",500.0,500.0,999.0
300022,0,30000016,855,2.0,0,2.0,"",500.0,500.0,999.0
300022,0,30000016,1268,2.0,0,2.0,"",500.0,500.0,999.0
300022,0,30000016,1896,2.0,0,2.0,"",500.0,500.0,999.0
300022,0,30000017,1,3.0,0,3.0,"",500.0,500.0,999.0
300022,0,30000017,6,3.0,0,3.0,"",500.0,500.0,999.0
300022,0,30000017,15,3.0,0,3.0,"",500.0,500.0,999.0
300022,0,30000017,277,2.0,0,2.0,"",500.0,500.0,999.0
300022,0,30000017,448,2.0,0,2.0,"",500.0,500.0,999.0
300022,0,30000017,855,2.0,0,2.0,"",500.0,500.0,999.0
300022,0,30000017,1268,2.0,0,2.0,"",500.0,500.0,999.0
300022,0,30000017,1896,2.0,0,2.0,"",500.0,500.0,999.0
300022,0,30000018,1,1.0,0,1.0,"",500.0,500.0,999.0
300022,0,30000018,6,1.0,0,1.0,"",500.0,500.0,999.0
300022,0,30000018,15,1.0,0,1.0,"",500.0,500.0,999.0
300022,0,30000018,277,1.0,0,1.0,"",500.0,500.0,999.0
300022,0,30000018,448,1.0,0,1.0,"",500.0,500.0,999.0
300022,0,30000018,855,1.0,0,1.0,"",500.0,500.0,999.0
300022,0,30000018,1268,1.0,0,1.0,"",500.0,500.0,999.0
300022,0,30000019,1,2.0,0,2.0,"",500.0,500.0,999.0
300022,0,30000019,6,2.0,0,2.0,"",500.0,500.0,999.0
300022,0,30000019,15,2.0,0,2.0,"",500.0,500.0,999.0
300022,0,30000019,277,2.0,0,2.0,"",500.0,500.0,999.0
300022,0,30000019,448,1.0,0,1.0,"",500.0,500.0,999.0
300022,0,30000019,855,1.0,0,1.0,"",500.0,500.0,999.0
300022,0,30000019,1268,1.0,0,1.0,"",500.0,500.0,999.0
300022,0,30000019,1896,1.0,0,1.0,"",500.0,500.0,999.0
300022,0,30000020,1,3.0,0,3.0,"",500.0,500.0,999.0
300022,0,30000020,6,3.0,0,3.0,"",500.0,500.0,999.0
300022,0,30000020,15,3.0,0,3.0,"",500.0,500.0,999.0
300022,0,30000020,277,2.0,0,2.0,"",500.0,500.0,999.0
300022,0,30000020,448,2.0,0,2.0,"",500.0,500.0,999.0
300022,0,30000020,855,2.0,0,2.0,"",500.0,500.0,999.0
300022,0,30000020,1268,2.0,0,2.0,"",500.0,500.0,999.0
300022,0,30000020,1896,2.0,0,2.0,"",500.0,500.0,999.0
300022,0,30000021,1,2.0,0,2.0,"",500.0,500.0,999.0
300022,0,30000021,6,2.0,0,2.0,"",500.0,500.0,999.0
300022,0,30000021,15,2.0,0,2.0,"",500.0,500.0,999.0
300022,0,30000021,277,2.0,0,2.0,"",500.0,500.0,999.0
300022,0,30000021,448,1.0,0,1.0,"",500.0,500.0,999.0
300022,0,30000021,855,1.0,0,1.0,"",500.0,500.0,999.0
300022,0,30000021,1268,1.0,0,1.0,"",500.0,500.0,999.0
300022,0,30000021,1896,1.0,0,1.0,"",500.0,500.0,999.0
300022,0,30000022,1,2.0,0,2.0,"",500.0,500.0,999.0
300022,0,30000022,6,2.0,0,2.0,"",500.0,500.0,999.0
300022,0,30000022,15,2.0,0,2.0,"",500.0,500.0,999.0
300022,0,30000022,277,2.0,0,2.0,"",500.0,500.0,999.0
300022,0,30000022,448,1.0,0,1.0,"",500.0,500.0,999.0
300022,0,30000022,855,1.0,0,1.0,"",500.0,500.0,999.0
300022,0,30000022,1268,1.0,0,1.0,"",500.0,500.0,999.0
300022,0,30000022,1896,1.0,0,1.0,"",500.0,500.0,999.0
300023,0,30000013,2,2.0,0,2.0,"",500.0,500.0,999.0
300023,0,30000013,9,1.0,0,1.0,"",500.0,500.0,999.0
300023,0,30000013,46,1.0,0,1.0,"",500.0,500.0,999.0
300023,0,30000013,228,1.0,0,1.0,"",500.0,500.0,999.0
300023,0,30000013,276,1.0,0,1.0,"",500.0,500.0,999.0
300023,0,30000013,1875,1.0,0,1.0,"",500.0,500.0,999.0
300023,0,30000013,3065,1.0,0,1.0,"",500.0,500.0,999.0
300023,0,30000013,3574,1.0,0,1.0,"",500.0,500.0,999.0
300023,0,30000014,2,3.0,0,3.0,"",500.0,500.0,999.0
300023,0,30000014,9,3.0,0,3.0,"",500.0,500.0,999.0
300023,0,30000014,46,2.0,0,2.0,"",500.0,500.0,999.0
300023,0,30000014,228,2.0,0,2.0,"",500.0,500.0,999.0
300023,0,30000014,276,2.0,0,2.0,"",500.0,500.0,999.0
300023,0,30000014,1875,2.0,0,2.0,"",500.0,500.0,999.0
300023,0,30000014,3065,2.0,0,2.0,"",500.0,500.0,999.0
300023,0,30000014,3574,2.0,0,2.0,"",500.0,500.0,999.0
300023,0,30000015,2,4.0,0,4.0,"",500.0,500.0,999.0
300023,0,30000015,9,4.0,0,4.0,"",500.0,500.0,999.0
300023,0,30000015,46,4.0,0,4.0,"",500.0,500.0,999.0
300023,0,30000015,228,3.0,0,3.0,"",500.0,500.0,999.0
300023,0,30000015,276,3.0,0,3.0,"",500.0,500.0,999.0
300023,0,30000015,1875,3.0,0,3.0,"",500.0,500.0,999.0
300023,0,30000015,3065,3.0,0,3.0,"",500.0,500.0,999.0
300023,0,30000015,3574,3.0,0,3.0,"",500.0,500.0,999.0
300023,0,30000016,2,3.0,0,3.0,"",500.0,500.0,999.0
300023,0,30000016,9,3.0,0,3.0,"",500.0,500.0,999.0
300023,0,30000016,46,2.0,0,2.0,"",500.0,500.0,999.0
300023,0,30000016,228,2.0,0,2.0,"",500.0,500.0,999.0
300023,0,30000016,276,2.0,0,2.0,"",500.0,500.0,999.0
300023,0,30000016,1875,2.0,0,2.0,"",500.0,500.0,999.0
300023,0,30000016,3065,2.0,0,2.0,"",500.0,500.0,999.0
300023,0,30000016,3574,2.0,0,2.0,"",500.0,500.0,999.0
300023,0,30000017,2,3.0,0,3.0,"",500.0,500.0,999.0
300023,0,30000017,9,3.0,0,3.0,"",500.0,500.0,999.0
300023,0,30000017,46,2.0,0,2.0,"",500.0,500.0,999.0
300023,0,30000017,228,2.0,0,2.0,"",500.0,500.0,999.0
300023,0,30000017,276,2.0,0,2.0,"",500.0,500.0,999.0
300023,0,30000017,1875,2.0,0,2.0,"",500.0,500.0,999.0
300023,0,30000017,3065,2.0,0,2.0,"",500.0,500.0,999.0
300023,0,30000017,3574,2.0,0,2.0,"",500.0,500.0,999.0
300023,0,30000018,2,1.0,0,1.0,"",500.0,500.0,999.0
300023,0,30000018,9,1.0,0,1.0,"",500.0,500.0,999.0
300023,0,30000018,46,1.0,0,1.0,"",500.0,500.0,999.0
300023,0,30000018,228,1.0,0,1.0,"",500.0,500.0,999.0
300023,0,30000018,276,1.0,0,1.0,"",500.0,500.0,999.0
300023,0,30000019,2,2.0,0,2.0,"",500.0,500.0,999.0
300023,0,30000019,9,2.0,0,2.0,"",500.0,500.0,999.0
300023,0,30000019,46,2.0,0,2.0,"",500.0,500.0,999.0
300023,0,30000019,228,2.0,0,2.0,"",500.0,500.0,999.0
300023,0,30000019,276,2.0,0,2.0,"",500.0,500.0,999.0
300023,0,30000019,1875,1.0,0,1.0,"",500.0,500.0,999.0
300023,0,30000019,3065,1.0,0,1.0,"",500.0,500.0,999.0
300023,0,30000019,3574,1.0,0,1.0,"",500.0,500.0,999.0
300023,0,30000020,2,3.0,0,3.0,"",500.0,500.0,999.0
300023,0,30000020,9,3.0,0,3.0,"",500.0,500.0,999.0
300023,0,30000020,46,3.0,0,3.0,"",500.0,500.0,999.0
300023,0,30000020,228,2.0,0,2.0,"",500.0,500.0,999.0
300023,0,30000020,276,2.0,0,2.0,"",500.0,500.0,999.0
300023,0,30000020,1875,2.0,0,2.0,"",500.0,500.0,999.0
300023,0,30000020,3065,2.0,0,2.0,"",500.0,500.0,999.0
300023,0,30000020,3574,2.0,0,2.0,"",500.0,500.0,999.0
300023,0,30000021,2,2.0,0,2.0,"",500.0,500.0,999.0
300023,0,30000021,9,2.0,0,2.0,"",500.0,500.0,999.0
300023,0,30000021,46,2.0,0,2.0,"",500.0,500.0,999.0
300023,0,30000021,228,2.0,0,2.0,"",500.0,500.0,999.0
300023,0,30000021,276,2.0,0,2.0,"",500.0,500.0,999.0
300023,0,30000021,1875,1.0,0,1.0,"",500.0,500.0,999.0
300023,0,30000021,3065,1.0,0,1.0,"",500.0,500.0,999.0
300023,0,30000021,3574,1.0,0,1.0,"",500.0,500.0,999.0
300023,0,30000022,2,2.0,0,2.0,"",500.0,500.0,999.0
300023,0,30000022,9,2.0,0,2.0,"",500.0,500.0,999.0
300023,0,30000022,46,2.0,0,2.0,"",500.0,500.0,999.0
300023,0,30000022,228,2.0,0,2.0,"",500.0,500.0,999.0
300023,0,30000022,276,2.0,0,2.0,"",500.0,500.0,999.0
300023,0,30000022,1875,1.0,0,1.0,"",500.0,500.0,999.0
300023,0,30000022,3065,1.0,0,1.0,"",500.0,500.0,999.0
300023,0,30000022,3574,1.0,0,1.0,"",500.0,500.0,999.0
300024,0,30000013,3,2.0,0,2.0,"",500.0,500.0,999.0
300024,0,30000013,65,1.0,0,1.0,"",500.0,500.0,999.0
300024,0,30000013,73,1.0,0,1.0,"",500.0,500.0,999.0
300024,0,30000013,156,1.0,0,1.0,"",500.0,500.0,999.0
300024,0,30000013,245,1.0,0,1.0,"",500.0,500.0,999.0
300024,0,30000013,1132,1.0,0,1.0,"",500.0,500.0,999.0
300024,0,30000013,1204,1.0,0,1.0,"",500.0,500.0,999.0
300024,0,30000014,3,3.0,0,3.0,"",500.0,500.0,999.0
300024,0,30000014,65,2.0,0,2.0,"",500.0,500.0,999.0
300024,0,30000014,73,2.0,0,2.0,"",500.0,500.0,999.0
300024,0,30000014,156,2.0,0,2.0,"",500.0,500.0,999.0
300024,0,30000014,245,2.0,0,2.0,"",500.0,500.0,999.0
300024,0,30000014,1132,2.0,0,2.0,"",500.0,500.0,999.0
300024,0,30000014,1204,2.0,0,2.0,"",500.0,500.0,999.0
300024,0,30000015,3,4.0,0,4.0,"",500.0,500.0,999.0
300024,0,30000015,65,4.0,0,4.0,"",500.0,500.0,999.0
300024,0,30000015,73,4.0,0,4.0,"",500.0,500.0,999.0
300024,0,30000015,156,3.0,0,3.0,"",500.0,500.0,999.0
300024,0,30000015,245,3.0,0,3.0,"",500.0,500.0,999.0
300024,0,30000015,1132,3.0,0,3.0,"",500.0,500.0,999.0
300024,0,30000015,1204,3.0,0,3.0,"",500.0,500.0,999.0
300024,0,30000016,3,3.0,0,3.0,"",500.0,500.0,999.0
300024,0,30000016,65,2.0,0,2.0,"",500.0,500.0,999.0
300024,0,30000016,73,2.0,0,2.0,"",500.0,500.0,999.0
300024,0,30000016,156,2.0,0,2.0,"",500.0,500.0,999.0
300024,0,30000016,245,2.0,0,2.0,"",500.0,500.0,999.0
300024,0,30000016,1132,2.0,0,2.0,"",500.0,500.0,999.0
300024,0,30000016,1204,2.0,0,2.0,"",500.0,500.0,999.0
300024,0,30000017,3,3.0,0,3.0,"",500.0,500.0,999.0
300024,0,30000017,65,2.0,0,2.0,"",500.0,500.0,999.0
300024,0,30000017,73,2.0,0,2.0,"",500.0,500.0,999.0
300024,0,30000017,156,2.0,0,2.0,"",500.0,500.0,999.0
300024,0,30000017,245,2.0,0,2.0,"",500.0,500.0,999.0
300024,0,30000017,1132,2.0,0,2.0,"",500.0,500.0,999.0
300024,0,30000017,1204,2.0,0,2.0,"",500.0,500.0,999.0
300024,0,30000018,3,1.0,0,1.0,"",500.0,500.0,999.0
300024,0,30000018,65,1.0,0,1.0,"",500.0,500.0,999.0
300024,0,30000018,73,1.0,0,1.0,"",500.0,500.0,999.0
300024,0,30000018,156,1.0,0,1.0,"",500.0,500.0,999.0
300024,0,30000018,245,1.0,0,1.0,"",500.0,500.0,999.0
300024,0,30000018,1132,1.0,0,1.0,"",500.0,500.0,999.0
300024,0,30000018,1204,1.0,0,1.0,"",500.0,500.0,999.0
300024,0,30000019,3,2.0,0,2.0,"",500.0,500.0,999.0
300024,0,30000019,65,2.0,0,2.0,"",500.0,500.0,999.0
300024,0,30000019,73,2.0,0,2.0,"",500.0,500.0,999.0
300024,0,30000019,156,2.0,0,2.0,"",500.0,500.0,999.0
300024,0,30000019,245,2.0,0,2.0,"",500.0,500.0,999.0
300024,0,30000019,1132,1.0,0,1.0,"",500.0,500.0,999.0
300024,0,30000019,1204,1.0,0,1.0,"",500.0,500.0,999.0
300024,0,30000020,3,3.0,0,3.0,"",500.0,500.0,999.0
300024,0,30000020,65,3.0,0,3.0,"",500.0,500.0,999.0
300024,0,30000020,73,3.0,0,3.0,"",500.0,500.0,999.0
300024,0,30000020,156,2.0,0,2.0,"",500.0,500.0,999.0
300024,0,30000020,245,2.0,0,2.0,"",500.0,500.0,999.0
300024,0,30000020,1132,2.0,0,2.0,"",500.0,500.0,999.0
300024,0,30000020,1204,2.0,0,2.0,"",500.0,500.0,999.0
300024,0,30000021,3,2.0,0,2.0,"",500.0,500.0,999.0
300024,0,30000021,65,2.0,0,2.0,"",500.0,500.0,999.0
300024,0,30000021,73,2.0,0,2.0,"",500.0,500.0,999.0
300024,0,30000021,156,2.0,0,2.0,"",500.0,500.0,999.0
300024,0,30000021,245,2.0,0,2.0,"",500.0,500.0,999.0
300024,0,30000021,1132,1.0,0,1.0,"",500.0,500.0,999.0
300024,0,30000021,1204,1.0,0,1.0,"",500.0,500.0,999.0
300024,0,30000022,3,2.0,0,2.0,"",500.0,500.0,999.0
300024,0,30000022,65,2.0,0,2.0,"",500.0,500.0,999.0
300024,0,30000022,73,2.0,0,2.0,"",500.0,500.0,999.0
300024,0,30000022,156,2.0,0,2.0,"",500.0,500.0,999.0
300024,0,30000022,245,2.0,0,2.0,"",500.0,500.0,999.0
300024,0,30000022,1132,1.0,0,1.0,"",500.0,500.0,999.0
300024,0,30000022,1204,1.0,0,1.0,"",500.0,500.0,999.0
300025,0,30000013,138,1.0,0,1.0,"",500.0,500.0,999.0
300025,0,30000013,274,1.0,0,1.0,"",500.0,500.0,999.0
300025,0,30000013,457,1.0,0,1.0,"",500.0,500.0,999.0
300025,0,30000013,1267,1.0,0,1.0,"",500.0,500.0,999.0
300025,0,30000013,1296,1.0,0,1.0,"",500.0,500.0,999.0
300025,0,30000013,1425,1.0,0,1.0,"",500.0,500.0,999.0
300025,0,30000013,2268,1.0,0,1.0,"",500.0,500.0,999.0
300025,0,30000014,138,2.0,0,2.0,"",500.0,500.0,999.0
300025,0,30000014,274,2.0,0,2.0,"",500.0,500.0,999.0
300025,0,30000014,457,2.0,0,2.0,"",500.0,500.0,999.0
300025,0,30000014,1267,2.0,0,2.0,"",500.0,500.0,999.0
300025,0,30000014,1296,2.0,0,2.0,"",500.0,500.0,999.0
300025,0,30000014,1425,2.0,0,2.0,"",500.0,500.0,999.0
300025,0,30000014,2268,2.0,0,2.0,"",500.0,500.0,999.0
300025,0,30000015,138,3.0,0,3.0,"",500.0,500.0,999.0
300025,0,30000015,274,3.0,0,3.0,"",500.0,500.0,999.0
300025,0,30000015,457,3.0,0,3.0,"",500.0,500.0,999.0
300025,0,30000015,1267,3.0,0,3.0,"",500.0,500.0,999.0
300025,0,30000015,1296,3.0,0,3.0,"",500.0,500.0,999.0
300025,0,30000015,1425,3.0,0,3.0,"",500.0,500.0,999.0
300025,0,30000015,2268,3.0,0,3.0,"",500.0,500.0,999.0
300025,0,30000016,138,2.0,0,2.0,"",500.0,500.0,999.0
300025,0,30000016,274,2.0,0,2.0,"",500.0,500.0,999.0
300025,0,30000016,457,2.0,0,2.0,"",500.0,500.0,999.0
300025,0,30000016,1267,2.0,0,2.0,"",500.0,500.0,999.0
300025,0,30000016,1296,2.0,0,2.0,"",500.0,500.0,999.0
300025,0,30000016,1425,2.0,0,2.0,"",500.0,500.0,999.0
300025,0,30000016,2268,2.0,0,2.0,"",500.0,500.0,999.0
300025,0,30000017,138,2.0,0,2.0,"",500.0,500.0,999.0
300025,0,30000017,274,2.0,0,2.0,"",500.0,500.0,999.0
300025,0,30000017,457,2.0,0,2.0,"",500.0,500.0,999.0
300025,0,30000017,1267,2.0,0,2.0,"",500.0,500.0,999.0
300025,0,30000017,1296,2.0,0,2.0,"",500.0,500.0,999.0
300025,0,30000017,1425,2.0,0,2.0,"",500.0,500.0,999.0
300025,0,30000017,2268,2.0,0,2.0,"",500.0,500.0,999.0
300025,0,30000018,138,1.0,0,1.0,"",500.0,500.0,999.0
300025,0,30000018,274,1.0,0,1.0,"",500.0,500.0,999.0
300025,0,30000018,457,1.0,0,1.0,"",500.0,500.0,999.0
300025,0,30000018,1267,1.0,0,1.0,"",500.0,500.0,999.0
300025,0,30000018,1296,1.0,0,1.0,"",500.0,500.0,999.0
300025,0,30000018,1425,1.0,0,1.0,"",500.0,500.0,999.0
300025,0,30000019,138,2.0,0,2.0,"",500.0,500.0,999.0
300025,0,30000019,274,2.0,0,2.0,"",500.0,500.0,999.0
300025,0,30000019,457,1.0,0,1.0,"",500.0,500.0,999.0
300025,0,30000019,1267,1.0,0,1.0,"",500.0,500.0,999.0
300025,0,30000019,1296,1.0,0,1.0,"",500.0,500.0,999.0
300025,0,30000019,1425,1.0,0,1.0,"",500.0,500.0,999.0
300025,0,30000019,2268,1.0,0,1.0,"",500.0,500.0,999.0
300025,0,30000020,138,3.0,0,3.0,"",500.0,500.0,999.0
300025,0,30000020,274,2.0,0,2.0,"",500.0,500.0,999.0
300025,0,30000020,457,2.0,0,2.0,"",500.0,500.0,999.0
300025,0,30000020,1267,2.0,0,2.0,"",500.0,500.0,999.0
300025,0,30000020,1296,2.0,0,2.0,"",500.0,500.0,999.0
300025,0,30000020,1425,2.0,0,2.0,"",500.0,500.0,999.0
300025,0,30000020,2268,2.0,0,2.0,"",500.0,500.0,999.0
300025,0,30000021,138,2.0,0,2.0,"",500.0,500.0,999.0
300025,0,30000021,274,2.0,0,2.0,"",500.0,500.0,999.0
300025,0,30000021,457,1.0,0,1.0,"",500.0,500.0,999.0
300025,0,30000021,1267,1.0,0,1.0,"",500.0,500.0,999.0
300025,0,30000021,1296,1.0,0,1.0,"",500.0,500.0,999.0
300025,0,30000021,1425,1.0,0,1.0,"",500.0,500.0,999.0
300025,0,30000021,2268,1.0,0,1.0,"",500.0,500.0,999.0
300025,0,30000022,138,2.0,0,2.0,"",500.0,500.0,999.0
300025,0,30000022,274,2.0,0,2.0,"",500.0,500.0,999.0
300025,0,30000022,457,1.0,0,1.0,"",500.0,500.0,999.0
300025,0,30000022,1267,1.0,0,1.0,"",500.0,500.0,999.0
300025,0,30000022,1296,1.0,0,1.0,"",500.0,500.0,999.0
300025,0,30000022,1425,1.0,0,1.0,"",500.0,500.0,999.0
300025,0,30000022,2268,1.0,0,1.0,"",500.0,500.0,999.0
300026,0,30000013,94,1.0,0,1.0,"",500.0,500.0,999.0
300026,0,30000013,134,1.0,0,1.0,"",500.0,500.0,999.0
300026,0,30000013,238,1.0,0,1.0,"",500.0,500.0,999.0
300026,0,30000013,351,1.0,0,1.0,"",500.0,500.0,999.0
300026,0,30000013,353,1.0,0,1.0,"",500.0,500.0,999.0
300026,0,30000013,445,1.0,0,1.0,"",500.0,500.0,999.0
300026,0,30000013,2553,1.0,0,1.0,"",500.0,500.0,999.0
300026,0,30000013,3066,1.0,0,1.0,"",500.0,500.0,999.0
300026,0,30000014,94,2.0,0,2.0,"",500.0,500.0,999.0
300026,0,30000014,134,2.0,0,2.0,"",500.0,500.0,999.0
300026,0,30000014,238,2.0,0,2.0,"",500.0,500.0,999.0
300026,0,30000014,351,2.0,0,2.0,"",500.0,500.0,999.0
300026,0,30000014,353,2.0,0,2.0,"",500.0,500.0,999.0
300026,0,30000014,445,2.0,0,2.0,"",500.0,500.0,999.0
300026,0,30000014,2553,2.0,0,2.0,"",500.0,500.0,999.0
300026,0,30000014,3066,2.0,0,2.0,"",500.0,500.0,999.0
300026,0,30000015,94,3.0,0,3.0,"",500.0,500.0,999.0
300026,0,30000015,134,3.0,0,3.0,"",500.0,500.0,999.0
300026,0,30000015,238,3.0,0,3.0,"",500.0,500.0,999.0
300026,0,30000015,351,3.0,0,3.0,"",500.0,500.0,999.0
300026,0,30000015,353,3.0,0,3.0,"",500.0,500.0,999.0
300026,0,30000015,445,3.0,0,3.0,"",500.0,500.0,999.0
300026,0,30000015,2553,3.0,0,3.0,"",500.0,500.0,999.0
300026,0,30000015,3066,3.0,0,3.0,"",500.0,500.0,999.0
300026,0,30000016,94,2.0,0,2.0,"",500.0,500.0,999.0
300026,0,30000016,134,2.0,0,2.0,"",500.0,500.0,999.0
300026,0,30000016,238,2.0,0,2.0,"",500.0,500.0,999.0
300026,0,30000016,351,2.0,0,2.0,"",500.0,500.0,999.0
300026,0,30000016,353,2.0,0,2.0,"",500.0,500.0,999.0
300026,0,30000016,445,2.0,0,2.0,"",500.0,500.0,999.0
300026,0,30000016,2553,2.0,0,2.0,"",500.0,500.0,999.0
300026,0,30000016,3066,2.0,0,2.0,"",500.0,500.0,999.0
300026,0,30000017,94,2.0,0,2.0,"",500.0,500.0,999.0
300026,0,30000017,134,2.0,0,2.0,"",500.0,500.0,999.0
300026,0,30000017,238,2.0,0,2.0,"",500.0,500.0,999.0
300026,0,30000017,351,2.0,0,2.0,"",500.0,500.0,999.0
300026,0,30000017,353,2.0,0,2.0,"",500.0,500.0,999.0
300026,0,30000017,445,2.0,0,2.0,"",500.0,500.0,999.0
300026,0,30000017,2553,2.0,0,2.0,"",500.0,500.0,999.0
300026,0,30000017,3066,2.0,0,2.0,"",500.0,500.0,999.0
300026,0,30000018,94,1.0,0,1.0,"",500.0,500.0,999.0
300026,0,30000018,134,1.0,0,1.0,"",500.0,500.0,999.0
300026,0,30000018,238,1.0,0,1.0,"",500.0,500.0,999.0
300026,0,30000018,351,1.0,0,1.0,"",500.0,500.0,999.0
300026,0,30000018,353,1.0,0,1.0,"",500.0,500.0,999.0
300026,0,30000018,445,1.0,0,1.0,"",500.0,500.0,999.0
300026,0,30000019,94,2.0,0,2.0,"",500.0,500.0,999.0
300026,0,30000019,134,2.0,0,2.0,"",500.0,500.0,999.0
300026,0,30000019,238,2.0,0,2.0,"",500.0,500.0,999.0
300026,0,30000019,351,2.0,0,2.0,"",500.0,500.0,999.0
300026,0,30000019,353,1.0,0,1.0,"",500.0,500.0,999.0
300026,0,30000019,445,1.0,0,1.0,"",500.0,500.0,999.0
300026,0,30000019,2553,1.0,0,1.0,"",500.0,500.0,999.0
300026,0,30000019,3066,1.0,0,1.0,"",500.0,500.0,999.0
300026,0,30000020,94,3.0,0,3.0,"",500.0,500.0,999.0
300026,0,30000020,134,3.0,0,3.0,"",500.0,500.0,999.0
300026,0,30000020,238,2.0,0,2.0,"",500.0,500.0,999.0
300026,0,30000020,351,2.0,0,2.0,"",500.0,500.0,999.0
300026,0,30000020,353,2.0,0,2.0,"",500.0,500.0,999.0
300026,0,30000020,445,2.0,0,2.0,"",500.0,500.0,999.0
300026,0,30000020,2553,2.0,0,2.0,"",500.0,500.0,999.0
300026,0,30000020,3066,2.0,0,2.0,"",500.0,500.0,999.0
300026,0,30000021,94,2.0,0,2.0,"",500.0,500.0,999.0
300026,0,30000021,134,2.0,0,2.0,"",500.0,500.0,999.0
300026,0,30000021,238,2.0,0,2.0,"",500.0,500.0,999.0
300026,0,30000021,351,2.0,0,2.0,"",500.0,500.0,999.0
300026,0,30000021,353,1.0,0,1.0,"",500.0,500.0,999.0
300026,0,30000021,445,1.0,0,1.0,"",500.0,500.0,999.0
300026,0,30000021,2553,1.0,0,1.0,"",500.0,500.0,999.0
300026,0,30000021,3066,1.0,0,1.0,"",500.0,500.0,999.0
300026,0,30000022,94,2.0,0,2.0,"",500.0,500.0,999.0
300026,0,30000022,134,2.0,0,2.0,"",500.0,500.0,999.0
300026,0,30000022,238,2.0,0,2.0,"",500.0,500.0,999.0
300026,0,30000022,351,2.0,0,2.0,"",500.0,500.0,999.0
300026,0,30000022,353,1.0,0,1.0,"",500.0,500.0,999.0
300026,0,30000022,445,1.0,0,1.0,"",500.0,500.0,999.0
300026,0,30000022,2553,1.0,0,1.0,"",500.0,500.0,999.0
300026,0,30000022,3066,1.0,0,1.0,"",500.0,500.0,999.0
300027,0,30000013,14,1.0,0,1.0,"",500.0,500.0,999.0
300027,0,30000013,145,1.0,0,1.0,"",500.0,500.0,999.0
300027,0,30000013,241,1.0,0,1.0,"",500.0,500.0,999.0
300027,0,30000013,275,1.0,0,1.0,"",500.0,500.0,999.0
300027,0,30000013,432,1.0,0,1.0,"",500.0,500.0,999.0
300027,0,30000013,440,1.0,0,1.0,"",500.0,500.0,999.0
300027,0,30000013,1887,1.0,0,1.0,"",500.0,500.0,999.0
300027,0,30000013,1888,1.0,0,1.0,"",500.0,500.0,999.0
300027,0,30000014,14,3.0,0,3.0,"",500.0,500.0,999.0
300027,0,30000014,145,2.0,0,2.0,"",500.0,500.0,999.0
300027,0,30000014,241,2.0,0,2.0,"",500.0,500.0,999.0
300027,0,30000014,275,2.0,0,2.0,"",500.0,500.0,999.0
300027,0,30000014,432,2.0,0,2.0,"",500.0,500.0,999.0
300027,0,30000014,440,2.0,0,2.0,"",500.0,500.0,999.0
300027,0,30000014,1887,2.0,0,2.0,"",500.0,500.0,999.0
300027,0,30000014,1888,2.0,0,2.0,"",500.0,500.0,999.0
300027,0,30000015,14,4.0,0,4.0,"",500.0,500.0,999.0
300027,0,30000015,145,3.0,0,3.0,"",500.0,500.0,999.0
300027,0,30000015,241,3.0,0,3.0,"",500.0,500.0,999.0
300027,0,30000015,275,3.0,0,3.0,"",500.0,500.0,999.0
300027,0,30000015,432,3.0,0,3.0,"",500.0,500.0,999.0
300027,0,30000015,440,3.0,0,3.0,"",500.0,500.0,999.0
300027,0,30000015,1887,3.0,0,3.0,"",500.0,500.0,999.0
300027,0,30000015,1888,3.0,0,3.0,"",500.0,500.0,999.0
300027,0,30000016,14,3.0,0,3.0,"",500.0,500.0,999.0
300027,0,30000016,145,2.0,0,2.0,"",500.0,500.0,999.0
300027,0,30000016,241,2.0,0,2.0,"",500.0,500.0,999.0
300027,0,30000016,275,2.0,0,2.0,"",500.0,500.0,999.0
300027,0,30000016,432,2.0,0,2.0,"",500.0,500.0,999.0
300027,0,30000016,440,2.0,0,2.0,"",500.0,500.0,999.0
300027,0,30000016,1887,2.0,0,2.0,"",500.0,500.0,999.0
300027,0,30000016,1888,2.0,0,2.0,"",500.0,500.0,999.0
300027,0,30000017,14,3.0,0,3.0,"",500.0,500.0,999.0
300027,0,30000017,145,2.0,0,2.0,"",500.0,500.0,999.0
300027,0,30000017,241,2.0,0,2.0,"",500.0,500.0,999.0
300027,0,30000017,275,2.0,0,2.0,"",500.0,500.0,999.0
300027,0,30000017,432,2.0,0,2.0,"",500.0,500.0,999.0
300027,0,30000017,440,2.0,0,2.0,"",500.0,500.0,999.0
300027,0,30000017,1887,2.0,0,2.0,"",500.0,500.0,999.0
300027,0,30000017,1888,2.0,0,2.0,"",500.0,500.0,999.0
300027,0,30000018,14,1.0,0,1.0,"",500.0,500.0,999.0
300027,0,30000018,145,1.0,0,1.0,"",500.0,500.0,999.0
300027,0,30000018,241,1.0,0,1.0,"",500.0,500.0,999.0
300027,0,30000018,275,1.0,0,1.0,"",500.0,500.0,999.0
300027,0,30000018,432,1.0,0,1.0,"",500.0,500.0,999.0
300027,0,30000018,440,1.0,0,1.0,"",500.0,500.0,999.0
300027,0,30000019,14,2.0,0,2.0,"",500.0,500.0,999.0
300027,0,30000019,145,2.0,0,2.0,"",500.0,500.0,999.0
300027,0,30000019,241,2.0,0,2.0,"",500.0,500.0,999.0
300027,0,30000019,275,2.0,0,2.0,"",500.0,500.0,999.0
300027,0,30000019,432,1.0,0,1.0,"",500.0,500.0,999.0
300027,0,30000019,440,1.0,0,1.0,"",500.0,500.0,999.0
300027,0,30000019,1887,1.0,0,1.0,"",500.0,500.0,999.0
300027,0,30000019,1888,1.0,0,1.0,"",500.0,500.0,999.0
300027,0,30000020,14,3.0,0,3.0,"",500.0,500.0,999.0
300027,0,30000020,145,2.0,0,2.0,"",500.0,500.0,999.0
300027,0,30000020,241,2.0,0,2.0,"",500.0,500.0,999.0
300027,0,30000020,275,2.0,0,2.0,"",500.0,500.0,999.0
300027,0,30000020,432,2.0,0,2.0,"",500.0,500.0,999.0
300027,0,30000020,440,2.0,0,2.0,"",500.0,500.0,999.0
300027,0,30000020,1887,2.0,0,2.0,"",500.0,500.0,999.0
300027,0,30000020,1888,2.0,0,2.0,"",500.0,500.0,999.0
300027,0,30000021,14,2.0,0,2.0,"",500.0,500.0,999.0
300027,0,30000021,145,2.0,0,2.0,"",500.0,500.0,999.0
300027,0,30000021,241,2.0,0,2.0,"",500.0,500.0,999.0
300027,0,30000021,275,2.0,0,2.0,"",500.0,500.0,999.0
300027,0,30000021,432,1.0,0,1.0,"",500.0,500.0,999.0
300027,0,30000021,440,1.0,0,1.0,"",500.0,500.0,999.0
300027,0,30000021,1887,1.0,0,1.0,"",500.0,500.0,999.0
300027,0,30000021,1888,1.0,0,1.0,"",500.0,500.0,999.0
300027,0,30000022,14,2.0,0,2.0,"",500.0,500.0,999.0
300027,0,30000022,145,2.0,0,2.0,"",500.0,500.0,999.0
300027,0,30000022,241,2.0,0,2.0,"",500.0,500.0,999.0
300027,0,30000022,275,2.0,0,2.0,"",500.0,500.0,999.0
300027,0,30000022,432,1.0,0,1.0,"",500.0,500.0,999.0
300027,0,30000022,440,1.0,0,1.0,"",500.0,500.0,999.0
300027,0,30000022,1887,1.0,0,1.0,"",500.0,500.0,999.0
300027,0,30000022,1888,1.0,0,1.0,"",500.0,500.0,999.0
300028,0,30000013,130,1.0,0,1.0,"",500.0,500.0,999.0
300028,0,30000013,148,1.0,0,1.0,"",500.0,500.0,999.0
300028,0,30000013,270,1.0,0,1.0,"",500.0,500.0,999.0
300028,0,30000013,452,1.0,0,1.0,"",500.0,500.0,999.0
300028,0,30000013,2552,1.0,0,1.0,"",500.0,500.0,999.0
300028,0,30000013,3068,1.0,0,1.0,"",500.0,500.0,999.0
300028,0,30000014,130,2.0,0,2.0,"",500.0,500.0,999.0
300028,0,30000014,148,2.0,0,2.0,"",500.0,500.0,999.0
300028,0,30000014,270,2.0,0,2.0,"",500.0,500.0,999.0
300028,0,30000014,452,2.0,0,2.0,"",500.0,500.0,999.0
300028,0,30000014,2552,2.0,0,2.0,"",500.0,500.0,999.0
300028,0,30000014,3068,2.0,0,2.0,"",500.0,500.0,999.0
300028,0,30000015,130,3.0,0,3.0,"",500.0,500.0,999.0
300028,0,30000015,148,3.0,0,3.0,"",500.0,500.0,999.0
300028,0,30000015,270,3.0,0,3.0,"",500.0,500.0,999.0
300028,0,30000015,452,3.0,0,3.0,"",500.0,500.0,999.0
300028,0,30000015,2552,3.0,0,3.0,"",500.0,500.0,999.0
300028,0,30000015,3068,3.0,0,3.0,"",500.0,500.0,999.0
300028,0,30000016,130,2.0,0,2.0,"",500.0,500.0,999.0
300028,0,30000016,148,2.0,0,2.0,"",500.0,500.0,999.0
300028,0,30000016,270,2.0,0,2.0,"",500.0,500.0,999.0
300028,0,30000016,452,2.0,0,2.0,"",500.0,500.0,999.0
300028,0,30000016,2552,2.0,0,2.0,"",500.0,500.0,999.0
300028,0,30000016,3068,2.0,0,2.0,"",500.0,500.0,999.0
300028,0,30000017,130,2.0,0,2.0,"",500.0,500.0,999.0
300028,0,30000017,148,2.0,0,2.0,"",500.0,500.0,999.0
300028,0,30000017,270,2.0,0,2.0,"",500.0,500.0,999.0
300028,0,30000017,452,2.0,0,2.0,"",500.0,500.0,999.0
300028,0,30000017,2552,2.0,0,2.0,"",500.0,500.0,999.0
300028,0,30000017,3068,2.0,0,2.0,"",500.0,500.0,999.0
300028,0,30000018,130,1.0,0,1.0,"",500.0,500.0,999.0
300028,0,30000018,148,1.0,0,1.0,"",500.0,500.0,999.0
300028,0,30000018,270,1.0,0,1.0,"",500.0,500.0,999.0
300028,0,30000018,452,1.0,0,1.0,"",500.0,500.0,999.0
300028,0,30000019,130,2.0,0,2.0,"",500.0,500.0,999.0
300028,0,30000019,148,2.0,0,2.0,"",500.0,500.0,999.0
300028,0,30000019,270,2.0,0,2.0,"",500.0,500.0,999.0
300028,0,30000019,452,1.0,0,1.0,"",500.0,500.0,999.0
300028,0,30000019,2552,1.0,0,1.0,"",500.0,500.0,999.0
300028,0,30000019,3068,1.0,0,1.0,"",500.0,500.0,999.0
300028,0,30000020,130,3.0,0,3.0,"",500.0,500.0,999.0
300028,0,30000020,148,2.0,0,2.0,"",500.0,500.0,999.0
300028,0,30000020,270,2.0,0,2.0,"",500.0,500.0,999.0
300028,0,30000020,452,2.0,0,2.0,"",500.0,500.0,999.0
300028,0,30000020,2552,2.0,0,2.0,"",500.0,500.0,999.0
300028,0,30000020,3068,2.0,0,2.0,"",500.0,500.0,999.0
300028,0,30000021,130,2.0,0,2.0,"",500.0,500.0,999.0
300028,0,30000021,148,2.0,0,2.0,"",500.0,500.0,999.0
300028,0,30000021,270,2.0,0,2.0,"",500.0,500.0,999.0
300028,0,30000021,452,1.0,0,1.0,"",500.0,500.0,999.0
300028,0,30000021,2552,1.0,0,1.0,"",500.0,500.0,999.0
300028,0,30000021,3068,1.0,0,1.0,"",500.0,500.0,999.0
300028,0,30000022,130,2.0,0,2.0,"",500.0,500.0,999.0
300028,0,30000022,148,2.0,0,2.0,"",500.0,500.0,999.0
300028,0,30000022,270,2.0,0,2.0,"",500.0,500.0,999.0
300028,0,30000022,452,1.0,0,1.0,"",500.0,500.0,999.0
300028,0,30000022,2552,1.0,0,1.0,"",500.0,500.0,999.0
300028,0,30000022,3068,1.0,0,1.0,"",500.0,500.0,999.0
300029,0,30000013,32,1.0,0,1.0,"",500.0,500.0,999.0
300029,0,30000013,50,1.0,0,1.0,"",500.0,500.0,999.0
300029,0,30000013,142,1.0,0,1.0,"",500.0,500.0,999.0
300029,0,30000013,149,1.0,0,1.0,"",500.0,500.0,999.0
300029,0,30000013,352,1.0,0,1.0,"",500.0,500.0,999.0
300029,0,30000013,1663,1.0,0,1.0,"",500.0,500.0,999.0
300029,0,30000013,2267,1.0,0,1.0,"",500.0,500.0,999.0
300029,0,30000014,32,3.0,0,3.0,"",500.0,500.0,999.0
300029,0,30000014,50,2.0,0,2.0,"",500.0,500.0,999.0
300029,0,30000014,142,2.0,0,2.0,"",500.0,500.0,999.0
300029,0,30000014,149,2.0,0,2.0,"",500.0,500.0,999.0
300029,0,30000014,352,2.0,0,2.0,"",500.0,500.0,999.0
300029,0,30000014,1663,2.0,0,2.0,"",500.0,500.0,999.0
300029,0,30000014,2267,2.0,0,2.0,"",500.0,500.0,999.0
300029,0,30000015,32,4.0,0,4.0,"",500.0,500.0,999.0
300029,0,30000015,50,4.0,0,4.0,"",500.0,500.0,999.0
300029,0,30000015,142,3.0,0,3.0,"",500.0,500.0,999.0
300029,0,30000015,149,3.0,0,3.0,"",500.0,500.0,999.0
300029,0,30000015,352,3.0,0,3.0,"",500.0,500.0,999.0
300029,0,30000015,1663,3.0,0,3.0,"",500.0,500.0,999.0
300029,0,30000015,2267,3.0,0,3.0,"",500.0,500.0,999.0
300029,0,30000016,32,3.0,0,3.0,"",500.0,500.0,999.0
300029,0,30000016,50,2.0,0,2.0,"",500.0,500.0,999.0
300029,0,30000016,142,2.0,0,2.0,"",500.0,500.0,999.0
300029,0,30000016,149,2.0,0,2.0,"",500.0,500.0,999.0
300029,0,30000016,352,2.0,0,2.0,"",500.0,500.0,999.0
300029,0,30000016,1663,2.0,0,2.0,"",500.0,500.0,999.0
300029,0,30000016,2267,2.0,0,2.0,"",500.0,500.0,999.0
300029,0,30000017,32,3.0,0,3.0,"",500.0,500.0,999.0
300029,0,30000017,50,2.0,0,2.0,"",500.0,500.0,999.0
300029,0,30000017,142,2.0,0,2.0,"",500.0,500.0,999.0
300029,0,30000017,149,2.0,0,2.0,"",500.0,500.0,999.0
300029,0,30000017,352,2.0,0,2.0,"",500.0,500.0,999.0
300029,0,30000017,1663,2.0,0,2.0,"",500.0,500.0,999.0
300029,0,30000017,2267,2.0,0,2.0,"",500.0,500.0,999.0
300029,0,30000018,32,1.0,0,1.0,"",500.0,500.0,999.0
300029,0,30000018,50,1.0,0,1.0,"",500.0,500.0,999.0
300029,0,30000018,142,1.0,0,1.0,"",500.0,500.0,999.0
300029,0,30000018,149,1.0,0,1.0,"",500.0,500.0,999.0
300029,0,30000018,352,1.0,0,1.0,"",500.0,500.0,999.0
300029,0,30000019,32,2.0,0,2.0,"",500.0,500.0,999.0
300029,0,30000019,50,2.0,0,2.0,"",500.0,500.0,999.0
300029,0,30000019,142,2.0,0,2.0,"",500.0,500.0,999.0
300029,0,30000019,149,2.0,0,2.0,"",500.0,500.0,999.0
300029,0,30000019,352,2.0,0,2.0,"",500.0,500.0,999.0
300029,0,30000019,1663,1.0,0,1.0,"",500.0,500.0,999.0
300029,0,30000019,2267,1.0,0,1.0,"",500.0,500.0,999.0
300029,0,30000020,32,3.0,0,3.0,"",500.0,500.0,999.0
300029,0,30000020,50,3.0,0,3.0,"",500.0,500.0,999.0
300029,0,30000020,142,2.0,0,2.0,"",500.0,500.0,999.0
300029,0,30000020,149,2.0,0,2.0,"",500.0,500.0,999.0
300029,0,30000020,352,2.0,0,2.0,"",500.0,500.0,999.0
300029,0,30000020,1663,2.0,0,2.0,"",500.0,500.0,999.0
300029,0,30000020,2267,2.0,0,2.0,"",500.0,500.0,999.0
300029,0,30000021,32,2.0,0,2.0,"",500.0,500.0,999.0
300029,0,30000021,50,2.0,0,2.0,"",500.0,500.0,999.0
300029,0,30000021,142,2.0,0,2.0,"",500.0,500.0,999.0
300029,0,30000021,149,2.0,0,2.0,"",500.0,500.0,999.0
300029,0,30000021,352,2.0,0,2.0,"",500.0,500.0,999.0
300029,0,30000021,1663,1.0,0,1.0,"",500.0,500.0,999.0
300029,0,30000021,2267,1.0,0,1.0,"",500.0,500.0,999.0
300029,0,30000022,32,2.0,0,2.0,"",500.0,500.0,999.0
300029,0,30000022,50,2.0,0,2.0,"",500.0,500.0,999.0
300029,0,30000022,142,2.0,0,2.0,"",500.0,500.0,999.0
300029,0,30000022,149,2.0,0,2.0,"",500.0,500.0,999.0
300029,0,30000022,352,2.0,0,2.0,"",500.0,500.0,999.0
300029,0,30000022,1663,1.0,0,1.0,"",500.0,500.0,999.0
300029,0,30000022,2267,1.0,0,1.0,"",500.0,500.0,999.0
300030,0,30000013,95,1.0,0,1.0,"",500.0,500.0,999.0
300030,0,30000013,120,1.0,0,1.0,"",500.0,500.0,999.0
300030,0,30000013,1063,1.0,0,1.0,"",500.0,500.0,999.0
300030,0,30000013,1090,1.0,0,1.0,"",500.0,500.0,999.0
300030,0,30000013,2203,1.0,0,1.0,"",500.0,500.0,999.0
300030,0,30000013,2592,1.0,0,1.0,"",500.0,500.0,999.0
300030,0,30000013,3067,1.0,0,1.0,"",500.0,500.0,999.0
300030,0,30000014,95,2.0,0,2.0,"",500.0,500.0,999.0
300030,0,30000014,120,2.0,0,2.0,"",500.0,500.0,999.0
300030,0,30000014,1063,2.0,0,2.0,"",500.0,500.0,999.0
300030,0,30000014,1090,2.0,0,2.0,"",500.0,500.0,999.0
300030,0,30000014,2203,2.0,0,2.0,"",500.0,500.0,999.0
300030,0,30000014,2592,2.0,0,2.0,"",500.0,500.0,999.0
300030,0,30000014,3067,2.0,0,2.0,"",500.0,500.0,999.0
300030,0,30000015,95,3.0,0,3.0,"",500.0,500.0,999.0
300030,0,30000015,120,3.0,0,3.0,"",500.0,500.0,999.0
300030,0,30000015,1063,3.0,0,3.0,"",500.0,500.0,999.0
300030,0,30000015,1090,3.0,0,3.0,"",500.0,500.0,999.0
300030,0,30000015,2203,3.0,0,3.0,"",500.0,500.0,999.0
300030,0,30000015,2592,3.0,0,3.0,"",500.0,500.0,999.0
300030,0,30000015,3067,3.0,0,3.0,"",500.0,500.0,999.0
300030,0,30000016,95,2.0,0,2.0,"",500.0,500.0,999.0
300030,0,30000016,120,2.0,0,2.0,"",500.0,500.0,999.0
300030,0,30000016,1063,2.0,0,2.0,"",500.0,500.0,999.0
300030,0,30000016,1090,2.0,0,2.0,"",500.0,500.0,999.0
300030,0,30000016,2203,2.0,0,2.0,"",500.0,500.0,999.0
300030,0,30000016,2592,2.0,0,2.0,"",500.0,500.0,999.0
300030,0,30000016,3067,2.0,0,2.0,"",500.0,500.0,999.0
300030,0,30000017,95,2.0,0,2.0,"",500.0,500.0,999.0
300030,0,30000017,120,2.0,0,2.0,"",500.0,500.0,999.0
300030,0,30000017,1063,2.0,0,2.0,"",500.0,500.0,999.0
300030,0,30000017,1090,2.0,0,2.0,"",500.0,500.0,999.0
300030,0,30000017,2203,2.0,0,2.0,"",500.0,500.0,999.0
300030,0,30000017,2592,2.0,0,2.0,"",500.0,500.0,999.0
300030,0,30000017,3067,2.0,0,2.0,"",500.0,500.0,999.0
300030,0,30000018,95,1.0,0,1.0,"",500.0,500.0,999.0
300030,0,30000018,120,1.0,0,1.0,"",500.0,500.0,999.0
300030,0,30000018,1063,1.0,0,1.0,"",500.0,500.0,999.0
300030,0,30000018,1090,1.0,0,1.0,"",500.0,500.0,999.0
300030,0,30000019,95,2.0,0,2.0,"",500.0,500.0,999.0
300030,0,30000019,120,2.0,0,2.0,"",500.0,500.0,999.0
300030,0,30000019,1063,1.0,0,1.0,"",500.0,500.0,999.0
300030,0,30000019,1090,1.0,0,1.0,"",500.0,500.0,999.0
300030,0,30000019,2203,1.0,0,1.0,"",500.0,500.0,999.0
300030,0,30000019,2592,1.0,0,1.0,"",500.0,500.0,999.0
300030,0,30000019,3067,1.0,0,1.0,"",500.0,500.0,999.0
300030,0,30000020,95,3.0,0,3.0,"",500.0,500.0,999.0
300030,0,30000020,120,3.0,0,3.0,"",500.0,500.0,999.0
300030,0,30000020,1063,2.0,0,2.0,"",500.0,500.0,999.0
300030,0,30000020,1090,2.0,0,2.0,"",500.0,500.0,999.0
300030,0,30000020,2203,2.0,0,2.0,"",500.0,500.0,999.0
300030,0,30000020,2592,2.0,0,2.0,"",500.0,500.0,999.0
300030,0,30000020,3067,2.0,0,2.0,"",500.0,500.0,999.0
300030,0,30000021,95,2.0,0,2.0,"",500.0,500.0,999.0
300030,0,30000021,120,2.0,0,2.0,"",500.0,500.0,999.0
300030,0,30000021,1063,1.0,0,1.0,"",500.0,500.0,999.0
300030,0,30000021,1090,1.0,0,1.0,"",500.0,500.0,999.0
300030,0,30000021,2203,1.0,0,1.0,"",500.0,500.0,999.0
300030,0,30000021,2592,1.0,0,1.0,"",500.0,500.0,999.0
300030,0,30000021,3067,1.0,0,1.0,"",500.0,500.0,999.0
300030,0,30000022,95,2.0,0,2.0,"",500.0,500.0,999.0
300030,0,30000022,120,2.0,0,2.0,"",500.0,500.0,999.0
300030,0,30000022,1063,1.0,0,1.0,"",500.0,500.0,999.0
300030,0,30000022,1090,1.0,0,1.0,"",500.0,500.0,999.0
300030,0,30000022,2203,1.0,0,1.0,"",500.0,500.0,999.0
300030,0,30000022,2592,1.0,0,1.0,"",500.0,500.0,999.0
300030,0,30000022,3067,1.0,0,1.0,"",500.0,500.0,999.0
300031,0,30000024,1,1.0,0,1.0,"",530.0,530.0,999.0
300031,0,30000024,6,1.0,0,1.0,"",530.0,530.0,999.0
300031,0,30000024,15,1.0,0,1.0,"",530.0,530.0,999.0
300031,0,30000024,277,1.0,0,1.0,"",530.0,530.0,999.0
300031,0,30000024,448,1.0,0,1.0,"",530.0,530.0,999.0
300031,0,30000024,855,1.0,0,1.0,"",530.0,530.0,999.0
300031,0,30000024,1268,1.0,0,1.0,"",530.0,530.0,999.0
300031,0,30000025,1,2.0,0,2.0,"",530.0,530.0,999.0
300031,0,30000025,6,2.0,0,2.0,"",530.0,530.0,999.0
300031,0,30000025,15,2.0,0,2.0,"",530.0,530.0,999.0
300031,0,30000025,277,2.0,0,2.0,"",530.0,530.0,999.0
300031,0,30000025,448,1.0,0,1.0,"",530.0,530.0,999.0
300031,0,30000025,855,1.0,0,1.0,"",530.0,530.0,999.0
300031,0,30000025,1268,1.0,0,1.0,"",530.0,530.0,999.0
300031,0,30000025,1896,1.0,0,1.0,"",530.0,530.0,999.0
300031,0,30000026,1,3.0,0,3.0,"",530.0,530.0,999.0
300031,0,30000026,6,3.0,0,3.0,"",530.0,530.0,999.0
300031,0,30000026,15,3.0,0,3.0,"",530.0,530.0,999.0
300031,0,30000026,277,2.0,0,2.0,"",530.0,530.0,999.0
300031,0,30000026,448,2.0,0,2.0,"",530.0,530.0,999.0
300031,0,30000026,855,2.0,0,2.0,"",530.0,530.0,999.0
300031,0,30000026,1268,2.0,0,2.0,"",530.0,530.0,999.0
300031,0,30000026,1896,2.0,0,2.0,"",530.0,530.0,999.0
300031,0,30000027,1,2.0,0,2.0,"",530.0,530.0,999.0
300031,0,30000027,6,2.0,0,2.0,"",530.0,530.0,999.0
300031,0,30000027,15,2.0,0,2.0,"",530.0,530.0,999.0
300031,0,30000027,277,2.0,0,2.0,"",530.0,530.0,999.0
300031,0,30000027,448,1.0,0,1.0,"",530.0,530.0,999.0
300031,0,30000027,855,1.0,0,1.0,"",530.0,530.0,999.0
300031,0,30000027,1268,1.0,0,1.0,"",530.0,530.0,999.0
300031,0,30000027,1896,1.0,0,1.0,"",530.0,530.0,999.0
300031,0,30000028,1,2.0,0,2.0,"",530.0,530.0,999.0
300031,0,30000028,6,2.0,0,2.0,"",530.0,530.0,999.0
300031,0,30000028,15,2.0,0,2.0,"",530.0,530.0,999.0
300031,0,30000028,277,2.0,0,2.0,"",530.0,530.0,999.0
300031,0,30000028,448,1.0,0,1.0,"",530.0,530.0,999.0
300031,0,30000028,855,1.0,0,1.0,"",530.0,530.0,999.0
300031,0,30000028,1268,1.0,0,1.0,"",530.0,530.0,999.0
300031,0,30000028,1896,1.0,0,1.0,"",530.0,530.0,999.0
300031,0,30000029,1,2.0,0,2.0,"",530.0,530.0,999.0
300031,0,30000029,6,2.0,0,2.0,"",530.0,530.0,999.0
300031,0,30000029,15,1.0,0,1.0,"",530.0,530.0,999.0
300031,0,30000029,277,1.0,0,1.0,"",530.0,530.0,999.0
300031,0,30000029,448,1.0,0,1.0,"",530.0,530.0,999.0
300031,0,30000029,855,1.0,0,1.0,"",530.0,530.0,999.0
300031,0,30000029,1268,1.0,0,1.0,"",530.0,530.0,999.0
300031,0,30000029,1896,1.0,0,1.0,"",530.0,530.0,999.0
300031,0,30000030,1,3.0,0,3.0,"",530.0,530.0,999.0
300031,0,30000030,6,3.0,0,3.0,"",530.0,530.0,999.0
300031,0,30000030,15,3.0,0,3.0,"",530.0,530.0,999.0
300031,0,30000030,277,2.0,0,2.0,"",530.0,530.0,999.0
300031,0,30000030,448,2.0,0,2.0,"",530.0,530.0,999.0
300031,0,30000030,855,2.0,0,2.0,"",530.0,530.0,999.0
300031,0,30000030,1268,2.0,0,2.0,"",530.0,530.0,999.0
300031,0,30000030,1896,2.0,0,2.0,"",530.0,530.0,999.0
300031,0,30000031,1,4.0,0,4.0,"",530.0,530.0,999.0
300031,0,30000031,6,4.0,0,4.0,"",530.0,530.0,999.0
300031,0,30000031,15,4.0,0,4.0,"",530.0,530.0,999.0
300031,0,30000031,277,3.0,0,3.0,"",530.0,530.0,999.0
300031,0,30000031,448,3.0,0,3.0,"",530.0,530.0,999.0
300031,0,30000031,855,3.0,0,3.0,"",530.0,530.0,999.0
300031,0,30000031,1268,3.0,0,3.0,"",530.0,530.0,999.0
300031,0,30000031,1896,3.0,0,3.0,"",530.0,530.0,999.0
300031,0,30000032,1,3.0,0,3.0,"",530.0,530.0,999.0
300031,0,30000032,6,3.0,0,3.0,"",530.0,530.0,999.0
300031,0,30000032,15,3.0,0,3.0,"",530.0,530.0,999.0
300031,0,30000032,277,2.0,0,2.0,"",530.0,530.0,999.0
300031,0,30000032,448,2.0,0,2.0,"",530.0,530.0,999.0
300031,0,30000032,855,2.0,0,2.0,"",530.0,530.0,999.0
300031,0,30000032,1268,2.0,0,2.0,"",530.0,530.0,999.0
300031,0,30000032,1896,2.0,0,2.0,"",530.0,530.0,999.0
300031,0,30000033,1,3.0,0,3.0,"",530.0,530.0,999.0
300031,0,30000033,6,3.0,0,3.0,"",530.0,530.0,999.0
300031,0,30000033,15,3.0,0,3.0,"",530.0,530.0,999.0
300031,0,30000033,277,2.0,0,2.0,"",530.0,530.0,999.0
300031,0,30000033,448,2.0,0,2.0,"",530.0,530.0,999.0
300031,0,30000033,855,2.0,0,2.0,"",530.0,530.0,999.0
300031,0,30000033,1268,2.0,0,2.0,"",530.0,530.0,999.0
300031,0,30000033,1896,2.0,0,2.0,"",530.0,530.0,999.0
300032,0,30000024,2,1.0,0,1.0,"",530.0,530.0,999.0
300032,0,30000024,9,1.0,0,1.0,"",530.0,530.0,999.0
300032,0,30000024,46,1.0,0,1.0,"",530.0,530.0,999.0
300032,0,30000024,228,1.0,0,1.0,"",530.0,530.0,999.0
300032,0,30000024,276,1.0,0,1.0,"",530.0,530.0,999.0
300032,0,30000025,2,2.0,0,2.0,"",530.0,530.0,999.0
300032,0,30000025,9,2.0,0,2.0,"",530.0,530.0,999.0
300032,0,30000025,46,2.0,0,2.0,"",530.0,530.0,999.0
300032,0,30000025,228,2.0,0,2.0,"",530.0,530.0,999.0
300032,0,30000025,276,2.0,0,2.0,"",530.0,530.0,999.0
300032,0,30000025,1875,1.0,0,1.0,"",530.0,530.0,999.0
300032,0,30000025,3065,1.0,0,1.0,"",530.0,530.0,999.0
300032,0,30000025,3574,1.0,0,1.0,"",530.0,530.0,999.0
300032,0,30000026,2,3.0,0,3.0,"",530.0,530.0,999.0
300032,0,30000026,9,3.0,0,3.0,"",530.0,530.0,999.0
300032,0,30000026,46,3.0,0,3.0,"",530.0,530.0,999.0
300032,0,30000026,228,2.0,0,2.0,"",530.0,530.0,999.0
300032,0,30000026,276,2.0,0,2.0,"",530.0,530.0,999.0
300032,0,30000026,1875,2.0,0,2.0,"",530.0,530.0,999.0
300032,0,30000026,3065,2.0,0,2.0,"",530.0,530.0,999.0
300032,0,30000026,3574,2.0,0,2.0,"",530.0,530.0,999.0
300032,0,30000027,2,2.0,0,2.0,"",530.0,530.0,999.0
300032,0,30000027,9,2.0,0,2.0,"",530.0,530.0,999.0
300032,0,30000027,46,2.0,0,2.0,"",530.0,530.0,999.0
300032,0,30000027,228,2.0,0,2.0,"",530.0,530.0,999.0
300032,0,30000027,276,2.0,0,2.0,"",530.0,530.0,999.0
300032,0,30000027,1875,1.0,0,1.0,"",530.0,530.0,999.0
300032,0,30000027,3065,1.0,0,1.0,"",530.0,530.0,999.0
300032,0,30000027,3574,1.0,0,1.0,"",530.0,530.0,999.0
300032,0,30000028,2,2.0,0,2.0,"",530.0,530.0,999.0
300032,0,30000028,9,2.0,0,2.0,"",530.0,530.0,999.0
300032,0,30000028,46,2.0,0,2.0,"",530.0,530.0,999.0
300032,0,30000028,228,2.0,0,2.0,"",530.0,530.0,999.0
300032,0,30000028,276,2.0,0,2.0,"",530.0,530.0,999.0
300032,0,30000028,1875,1.0,0,1.0,"",530.0,530.0,999.0
300032,0,30000028,3065,1.0,0,1.0,"",530.0,530.0,999.0
300032,0,30000028,3574,1.0,0,1.0,"",530.0,530.0,999.0
300032,0,30000029,2,2.0,0,2.0,"",530.0,530.0,999.0
300032,0,30000029,9,1.0,0,1.0,"",530.0,530.0,999.0
300032,0,30000029,46,1.0,0,1.0,"",530.0,530.0,999.0
300032,0,30000029,228,1.0,0,1.0,"",530.0,530.0,999.0
300032,0,30000029,276,1.0,0,1.0,"",530.0,530.0,999.0
300032,0,30000029,1875,1.0,0,1.0,"",530.0,530.0,999.0
300032,0,30000029,3065,1.0,0,1.0,"",530.0,530.0,999.0
300032,0,30000029,3574,1.0,0,1.0,"",530.0,530.0,999.0
300032,0,30000030,2,3.0,0,3.0,"",530.0,530.0,999.0
300032,0,30000030,9,3.0,0,3.0,"",530.0,530.0,999.0
300032,0,30000030,46,2.0,0,2.0,"",530.0,530.0,999.0
300032,0,30000030,228,2.0,0,2.0,"",530.0,530.0,999.0
300032,0,30000030,276,2.0,0,2.0,"",530.0,530.0,999.0
300032,0,30000030,1875,2.0,0,2.0,"",530.0,530.0,999.0
300032,0,30000030,3065,2.0,0,2.0,"",530.0,530.0,999.0
300032,0,30000030,3574,2.0,0,2.0,"",530.0,530.0,999.0
300032,0,30000031,2,4.0,0,4.0,"",530.0,530.0,999.0
300032,0,30000031,9,4.0,0,4.0,"",530.0,530.0,999.0
300032,0,30000031,46,4.0,0,4.0,"",530.0,530.0,999.0
300032,0,30000031,228,3.0,0,3.0,"",530.0,530.0,999.0
300032,0,30000031,276,3.0,0,3.0,"",530.0,530.0,999.0
300032,0,30000031,1875,3.0,0,3.0,"",530.0,530.0,999.0
300032,0,30000031,3065,3.0,0,3.0,"",530.0,530.0,999.0
300032,0,30000031,3574,3.0,0,3.0,"",530.0,530.0,999.0
300032,0,30000032,2,3.0,0,3.0,"",530.0,530.0,999.0
300032,0,30000032,9,3.0,0,3.0,"",530.0,530.0,999.0
300032,0,30000032,46,2.0,0,2.0,"",530.0,530.0,999.0
300032,0,30000032,228,2.0,0,2.0,"",530.0,530.0,999.0
300032,0,30000032,276,2.0,0,2.0,"",530.0,530.0,999.0
300032,0,30000032,1875,2.0,0,2.0,"",530.0,530.0,999.0
300032,0,30000032,3065,2.0,0,2.0,"",530.0,530.0,999.0
300032,0,30000032,3574,2.0,0,2.0,"",530.0,530.0,999.0
300032,0,30000033,2,3.0,0,3.0,"",530.0,530.0,999.0
300032,0,30000033,9,3.0,0,3.0,"",530.0,530.0,999.0
300032,0,30000033,46,2.0,0,2.0,"",530.0,530.0,999.0
300032,0,30000033,228,2.0,0,2.0,"",530.0,530.0,999.0
300032,0,30000033,276,2.0,0,2.0,"",530.0,530.0,999.0
300032,0,30000033,1875,2.0,0,2.0,"",530.0,530.0,999.0
300032,0,30000033,3065,2.0,0,2.0,"",530.0,530.0,999.0
300032,0,30000033,3574,2.0,0,2.0,"",530.0,530.0,999.0
300033,0,30000024,3,1.0,0,1.0,"",530.0,530.0,999.0
300033,0,30000024,65,1.0,0,1.0,"",530.0,530.0,999.0
300033,0,30000024,73,1.0,0,1.0,"",530.0,530.0,999.0
300033,0,30000024,156,1.0,0,1.0,"",530.0,530.0,999.0
300033,0,30000024,245,1.0,0,1.0,"",530.0,530.0,999.0
300033,0,30000024,1132,1.0,0,1.0,"",530.0,530.0,999.0
300033,0,30000024,1204,1.0,0,1.0,"",530.0,530.0,999.0
300033,0,30000025,3,2.0,0,2.0,"",530.0,530.0,999.0
300033,0,30000025,65,2.0,0,2.0,"",530.0,530.0,999.0
300033,0,30000025,73,2.0,0,2.0,"",530.0,530.0,999.0
300033,0,30000025,156,2.0,0,2.0,"",530.0,530.0,999.0
300033,0,30000025,245,2.0,0,2.0,"",530.0,530.0,999.0
300033,0,30000025,1132,1.0,0,1.0,"",530.0,530.0,999.0
300033,0,30000025,1204,1.0,0,1.0,"",530.0,530.0,999.0
300033,0,30000026,3,3.0,0,3.0,"",530.0,530.0,999.0
300033,0,30000026,65,3.0,0,3.0,"",530.0,530.0,999.0
300033,0,30000026,73,3.0,0,3.0,"",530.0,530.0,999.0
300033,0,30000026,156,2.0,0,2.0,"",530.0,530.0,999.0
300033,0,30000026,245,2.0,0,2.0,"",530.0,530.0,999.0
300033,0,30000026,1132,2.0,0,2.0,"",530.0,530.0,999.0
300033,0,30000026,1204,2.0,0,2.0,"",530.0,530.0,999.0
300033,0,30000027,3,2.0,0,2.0,"",530.0,530.0,999.0
300033,0,30000027,65,2.0,0,2.0,"",530.0,530.0,999.0
300033,0,30000027,73,2.0,0,2.0,"",530.0,530.0,999.0
300033,0,30000027,156,2.0,0,2.0,"",530.0,530.0,999.0
300033,0,30000027,245,2.0,0,2.0,"",530.0,530.0,999.0
300033,0,30000027,1132,1.0,0,1.0,"",530.0,530.0,999.0
300033,0,30000027,1204,1.0,0,1.0,"",530.0,530.0,999.0
300033,0,30000028,3,2.0,0,2.0,"",530.0,530.0,999.0
300033,0,30000028,65,2.0,0,2.0,"",530.0,530.0,999.0
300033,0,30000028,73,2.0,0,2.0,"",530.0,530.0,999.0
300033,0,30000028,156,2.0,0,2.0,"",530.0,530.0,999.0
300033,0,30000028,245,2.0,0,2.0,"",530.0,530.0,999.0
300033,0,30000028,1132,1.0,0,1.0,"",530.0,530.0,999.0
300033,0,30000028,1204,1.0,0,1.0,"",530.0,530.0,999.0
300033,0,30000029,3,2.0,0,2.0,"",530.0,530.0,999.0
300033,0,30000029,65,1.0,0,1.0,"",530.0,530.0,999.0
300033,0,30000029,73,1.0,0,1.0,"",530.0,530.0,999.0
300033,0,30000029,156,1.0,0,1.0,"",530.0,530.0,999.0
300033,0,30000029,245,1.0,0,1.0,"",530.0,530.0,999.0
300033,0,30000029,1132,1.0,0,1.0,"",530.0,530.0,999.0
300033,0,30000029,1204,1.0,0,1.0,"",530.0,530.0,999.0
300033,0,30000030,3,3.0,0,3.0,"",530.0,530.0,999.0
300033,0,30000030,65,2.0,0,2.0,"",530.0,530.0,999.0
300033,0,30000030,73,2.0,0,2.0,"",530.0,530.0,999.0
300033,0,30000030,156,2.0,0,2.0,"",530.0,530.0,999.0
300033,0,30000030,245,2.0,0,2.0,"",530.0,530.0,999.0
300033,0,30000030,1132,2.0,0,2.0,"",530.0,530.0,999.0
300033,0,30000030,1204,2.0,0,2.0,"",530.0,530.0,999.0
300033,0,30000031,3,4.0,0,4.0,"",530.0,530.0,999.0
300033,0,30000031,65,4.0,0,4.0,"",530.0,530.0,999.0
300033,0,30000031,73,4.0,0,4.0,"",530.0,530.0,999.0
300033,0,30000031,156,3.0,0,3.0,"",530.0,530.0,999.0
300033,0,30000031,245,3.0,0,3.0,"",530.0,530.0,999.0
300033,0,30000031,1132,3.0,0,3.0,"",530.0,530.0,999.0
300033,0,30000031,1204,3.0,0,3.0,"",530.0,530.0,999.0
300033,0,30000032,3,3.0,0,3.0,"",530.0,530.0,999.0
300033,0,30000032,65,2.0,0,2.0,"",530.0,530.0,999.0
300033,0,30000032,73,2.0,0,2.0,"",530.0,530.0,999.0
300033,0,30000032,156,2.0,0,2.0,"",530.0,530.0,999.0
300033,0,30000032,245,2.0,0,2.0,"",530.0,530.0,999.0
300033,0,30000032,1132,2.0,0,2.0,"",530.0,530.0,999.0
300033,0,30000032,1204,2.0,0,2.0,"",530.0,530.0,999.0
300033,0,30000033,3,3.0,0,3.0,"",530.0,530.0,999.0
300033,0,30000033,65,2.0,0,2.0,"",530.0,530.0,999.0
300033,0,30000033,73,2.0,0,2.0,"",530.0,530.0,999.0
300033,0,30000033,156,2.0,0,2.0,"",530.0,530.0,999.0
300033,0,30000033,245,2.0,0,2.0,"",530.0,530.0,999.0
300033,0,30000033,1132,2.0,0,2.0,"",530.0,530.0,999.0
300033,0,30000033,1204,2.0,0,2.0,"",530.0,530.0,999.0
300034,0,30000024,138,1.0,0,1.0,"",530.0,530.0,999.0
300034,0,30000024,274,1.0,0,1.0,"",530.0,530.0,999.0
300034,0,30000024,457,1.0,0,1.0,"",530.0,530.0,999.0
300034,0,30000024,1267,1.0,0,1.0,"",530.0,530.0,999.0
300034,0,30000024,1296,1.0,0,1.0,"",530.0,530.0,999.0
300034,0,30000024,1425,1.0,0,1.0,"",530.0,530.0,999.0
300034,0,30000025,138,2.0,0,2.0,"",530.0,530.0,999.0
300034,0,30000025,274,2.0,0,2.0,"",530.0,530.0,999.0
300034,0,30000025,457,1.0,0,1.0,"",530.0,530.0,999.0
300034,0,30000025,1267,1.0,0,1.0,"",530.0,530.0,999.0
300034,0,30000025,1296,1.0,0,1.0,"",530.0,530.0,999.0
300034,0,30000025,1425,1.0,0,1.0,"",530.0,530.0,999.0
300034,0,30000025,2268,1.0,0,1.0,"",530.0,530.0,999.0
300034,0,30000026,138,3.0,0,3.0,"",530.0,530.0,999.0
300034,0,30000026,274,2.0,0,2.0,"",530.0,530.0,999.0
300034,0,30000026,457,2.0,0,2.0,"",530.0,530.0,999.0
300034,0,30000026,1267,2.0,0,2.0,"",530.0,530.0,999.0
300034,0,30000026,1296,2.0,0,2.0,"",530.0,530.0,999.0
300034,0,30000026,1425,2.0,0,2.0,"",530.0,530.0,999.0
300034,0,30000026,2268,2.0,0,2.0,"",530.0,530.0,999.0
300034,0,30000027,138,2.0,0,2.0,"",530.0,530.0,999.0
300034,0,30000027,274,2.0,0,2.0,"",530.0,530.0,999.0
300034,0,30000027,457,1.0,0,1.0,"",530.0,530.0,999.0
300034,0,30000027,1267,1.0,0,1.0,"",530.0,530.0,999.0
300034,0,30000027,1296,1.0,0,1.0,"",530.0,530.0,999.0
300034,0,30000027,1425,1.0,0,1.0,"",530.0,530.0,999.0
300034,0,30000027,2268,1.0,0,1.0,"",530.0,530.0,999.0
300034,0,30000028,138,2.0,0,2.0,"",530.0,530.0,999.0
300034,0,30000028,274,2.0,0,2.0,"",530.0,530.0,999.0
300034,0,30000028,457,1.0,0,1.0,"",530.0,530.0,999.0
300034,0,30000028,1267,1.0,0,1.0,"",530.0,530.0,999.0
300034,0,30000028,1296,1.0,0,1.0,"",530.0,530.0,999.0
300034,0,30000028,1425,1.0,0,1.0,"",530.0,530.0,999.0
300034,0,30000028,2268,1.0,0,1.0,"",530.0,530.0,999.0
300034,0,30000029,138,1.0,0,1.0,"",530.0,530.0,999.0
300034,0,30000029,274,1.0,0,1.0,"",530.0,530.0,999.0
300034,0,30000029,457,1.0,0,1.0,"",530.0,530.0,999.0
300034,0,30000029,1267,1.0,0,1.0,"",530.0,530.0,999.0
300034,0,30000029,1296,1.0,0,1.0,"",530.0,530.0,999.0
300034,0,30000029,1425,1.0,0,1.0,"",530.0,530.0,999.0
300034,0,30000029,2268,1.0,0,1.0,"",530.0,530.0,999.0
300034,0,30000030,138,2.0,0,2.0,"",530.0,530.0,999.0
300034,0,30000030,274,2.0,0,2.0,"",530.0,530.0,999.0
300034,0,30000030,457,2.0,0,2.0,"",530.0,530.0,999.0
300034,0,30000030,1267,2.0,0,2.0,"",530.0,530.0,999.0
300034,0,30000030,1296,2.0,0,2.0,"",530.0,530.0,999.0
300034,0,30000030,1425,2.0,0,2.0,"",530.0,530.0,999.0
300034,0,30000030,2268,2.0,0,2.0,"",530.0,530.0,999.0
300034,0,30000031,138,3.0,0,3.0,"",530.0,530.0,999.0
300034,0,30000031,274,3.0,0,3.0,"",530.0,530.0,999.0
300034,0,30000031,457,3.0,0,3.0,"",530.0,530.0,999.0
300034,0,30000031,1267,3.0,0,3.0,"",530.0,530.0,999.0
300034,0,30000031,1296,3.0,0,3.0,"",530.0,530.0,999.0
300034,0,30000031,1425,3.0,0,3.0,"",530.0,530.0,999.0
300034,0,30000031,2268,3.0,0,3.0,"",530.0,530.0,999.0
300034,0,30000032,138,2.0,0,2.0,"",530.0,530.0,999.0
300034,0,30000032,274,2.0,0,2.0,"",530.0,530.0,999.0
300034,0,30000032,457,2.0,0,2.0,"",530.0,530.0,999.0
300034,0,30000032,1267,2.0,0,2.0,"",530.0,530.0,999.0
300034,0,30000032,1296,2.0,0,2.0,"",530.0,530.0,999.0
300034,0,30000032,1425,2.0,0,2.0,"",530.0,530.0,999.0
300034,0,30000032,2268,2.0,0,2.0,"",530.0,530.0,999.0
300034,0,30000033,138,2.0,0,2.0,"",530.0,530.0,999.0
300034,0,30000033,274,2.0,0,2.0,"",530.0,530.0,999.0
300034,0,30000033,457,2.0,0,2.0,"",530.0,530.0,999.0
300034,0,30000033,1267,2.0,0,2.0,"",530.0,530.0,999.0
300034,0,30000033,1296,2.0,0,2.0,"",530.0,530.0,999.0
300034,0,30000033,1425,2.0,0,2.0,"",530.0,530.0,999.0
300034,0,30000033,2268,2.0,0,2.0,"",530.0,530.0,999.0
300035,0,30000024,94,1.0,0,1.0,"",530.0,530.0,999.0
300035,0,30000024,134,1.0,0,1.0,"",530.0,530.0,999.0
300035,0,30000024,238,1.0,0,1.0,"",530.0,530.0,999.0
300035,0,30000024,351,1.0,0,1.0,"",530.0,530.0,999.0
300035,0,30000024,353,1.0,0,1.0,"",530.0,530.0,999.0
300035,0,30000024,445,1.0,0,1.0,"",530.0,530.0,999.0
300035,0,30000025,94,2.0,0,2.0,"",530.0,530.0,999.0
300035,0,30000025,134,2.0,0,2.0,"",530.0,530.0,999.0
300035,0,30000025,238,2.0,0,2.0,"",530.0,530.0,999.0
300035,0,30000025,351,2.0,0,2.0,"",530.0,530.0,999.0
300035,0,30000025,353,1.0,0,1.0,"",530.0,530.0,999.0
300035,0,30000025,445,1.0,0,1.0,"",530.0,530.0,999.0
300035,0,30000025,2553,1.0,0,1.0,"",530.0,530.0,999.0
300035,0,30000025,3066,1.0,0,1.0,"",530.0,530.0,999.0
300035,0,30000026,94,3.0,0,3.0,"",530.0,530.0,999.0
300035,0,30000026,134,3.0,0,3.0,"",530.0,530.0,999.0
300035,0,30000026,238,2.0,0,2.0,"",530.0,530.0,999.0
300035,0,30000026,351,2.0,0,2.0,"",530.0,530.0,999.0
300035,0,30000026,353,2.0,0,2.0,"",530.0,530.0,999.0
300035,0,30000026,445,2.0,0,2.0,"",530.0,530.0,999.0
300035,0,30000026,2553,2.0,0,2.0,"",530.0,530.0,999.0
300035,0,30000026,3066,2.0,0,2.0,"",530.0,530.0,999.0
300035,0,30000027,94,2.0,0,2.0,"",530.0,530.0,999.0
300035,0,30000027,134,2.0,0,2.0,"",530.0,530.0,999.0
300035,0,30000027,238,2.0,0,2.0,"",530.0,530.0,999.0
300035,0,30000027,351,2.0,0,2.0,"",530.0,530.0,999.0
300035,0,30000027,353,1.0,0,1.0,"",530.0,530.0,999.0
300035,0,30000027,445,1.0,0,1.0,"",530.0,530.0,999.0
300035,0,30000027,2553,1.0,0,1.0,"",530.0,530.0,999.0
300035,0,30000027,3066,1.0,0,1.0,"",530.0,530.0,999.0
300035,0,30000028,94,2.0,0,2.0,"",530.0,530.0,999.0
300035,0,30000028,134,2.0,0,2.0,"",530.0,530.0,999.0
300035,0,30000028,238,2.0,0,2.0,"",530.0,530.0,999.0
300035,0,30000028,351,2.0,0,2.0,"",530.0,530.0,999.0
300035,0,30000028,353,1.0,0,1.0,"",530.0,530.0,999.0
300035,0,30000028,445,1.0,0,1.0,"",530.0,530.0,999.0
300035,0,30000028,2553,1.0,0,1.0,"",530.0,530.0,999.0
300035,0,30000028,3066,1.0,0,1.0,"",530.0,530.0,999.0
300035,0,30000029,94,1.0,0,1.0,"",530.0,530.0,999.0
300035,0,30000029,134,1.0,0,1.0,"",530.0,530.0,999.0
300035,0,30000029,238,1.0,0,1.0,"",530.0,530.0,999.0
300035,0,30000029,351,1.0,0,1.0,"",530.0,530.0,999.0
300035,0,30000029,353,1.0,0,1.0,"",530.0,530.0,999.0
300035,0,30000029,445,1.0,0,1.0,"",530.0,530.0,999.0
300035,0,30000029,2553,1.0,0,1.0,"",530.0,530.0,999.0
300035,0,30000029,3066,1.0,0,1.0,"",530.0,530.0,999.0
300035,0,30000030,94,2.0,0,2.0,"",530.0,530.0,999.0
300035,0,30000030,134,2.0,0,2.0,"",530.0,530.0,999.0
300035,0,30000030,238,2.0,0,2.0,"",530.0,530.0,999.0
300035,0,30000030,351,2.0,0,2.0,"",530.0,530.0,999.0
300035,0,30000030,353,2.0,0,2.0,"",530.0,530.0,999.0
300035,0,30000030,445,2.0,0,2.0,"",530.0,530.0,999.0
300035,0,30000030,2553,2.0,0,2.0,"",530.0,530.0,999.0
300035,0,30000030,3066,2.0,0,2.0,"",530.0,530.0,999.0
300035,0,30000031,94,3.0,0,3.0,"",530.0,530.0,999.0
300035,0,30000031,134,3.0,0,3.0,"",530.0,530.0,999.0
300035,0,30000031,238,3.0,0,3.0,"",530.0,530.0,999.0
300035,0,30000031,351,3.0,0,3.0,"",530.0,530.0,999.0
300035,0,30000031,353,3.0,0,3.0,"",530.0,530.0,999.0
300035,0,30000031,445,3.0,0,3.0,"",530.0,530.0,999.0
300035,0,30000031,2553,3.0,0,3.0,"",530.0,530.0,999.0
300035,0,30000031,3066,3.0,0,3.0,"",530.0,530.0,999.0
300035,0,30000032,94,2.0,0,2.0,"",530.0,530.0,999.0
300035,0,30000032,134,2.0,0,2.0,"",530.0,530.0,999.0
300035,0,30000032,238,2.0,0,2.0,"",530.0,530.0,999.0
300035,0,30000032,351,2.0,0,2.0,"",530.0,530.0,999.0
300035,0,30000032,353,2.0,0,2.0,"",530.0,530.0,999.0
300035,0,30000032,445,2.0,0,2.0,"",530.0,530.0,999.0
300035,0,30000032,2553,2.0,0,2.0,"",530.0,530.0,999.0
300035,0,30000032,3066,2.0,0,2.0,"",530.0,530.0,999.0
300035,0,30000033,94,2.0,0,2.0,"",530.0,530.0,999.0
300035,0,30000033,134,2.0,0,2.0,"",530.0,530.0,999.0
300035,0,30000033,238,2.0,0,2.0,"",530.0,530.0,999.0
300035,0,30000033,351,2.0,0,2.0,"",530.0,530.0,999.0
300035,0,30000033,353,2.0,0,2.0,"",530.0,530.0,999.0
300035,0,30000033,445,2.0,0,2.0,"",530.0,530.0,999.0
300035,0,30000033,2553,2.0,0,2.0,"",530.0,530.0,999.0
300035,0,30000033,3066,2.0,0,2.0,"",530.0,530.0,999.0
300036,0,30000024,14,1.0,0,1.0,"",530.0,530.0,999.0
300036,0,30000024,145,1.0,0,1.0,"",530.0,530.0,999.0
300036,0,30000024,241,1.0,0,1.0,"",530.0,530.0,999.0
300036,0,30000024,275,1.0,0,1.0,"",530.0,530.0,999.0
300036,0,30000024,432,1.0,0,1.0,"",530.0,530.0,999.0
300036,0,30000024,440,1.0,0,1.0,"",530.0,530.0,999.0
300036,0,30000025,14,2.0,0,2.0,"",530.0,530.0,999.0
300036,0,30000025,145,2.0,0,2.0,"",530.0,530.0,999.0
300036,0,30000025,241,2.0,0,2.0,"",530.0,530.0,999.0
300036,0,30000025,275,2.0,0,2.0,"",530.0,530.0,999.0
300036,0,30000025,432,1.0,0,1.0,"",530.0,530.0,999.0
300036,0,30000025,440,1.0,0,1.0,"",530.0,530.0,999.0
300036,0,30000025,1887,1.0,0,1.0,"",530.0,530.0,999.0
300036,0,30000025,1888,1.0,0,1.0,"",530.0,530.0,999.0
300036,0,30000026,14,3.0,0,3.0,"",530.0,530.0,999.0
300036,0,30000026,145,2.0,0,2.0,"",530.0,530.0,999.0
300036,0,30000026,241,2.0,0,2.0,"",530.0,530.0,999.0
300036,0,30000026,275,2.0,0,2.0,"",530.0,530.0,999.0
300036,0,30000026,432,2.0,0,2.0,"",530.0,530.0,999.0
300036,0,30000026,440,2.0,0,2.0,"",530.0,530.0,999.0
300036,0,30000026,1887,2.0,0,2.0,"",530.0,530.0,999.0
300036,0,30000026,1888,2.0,0,2.0,"",530.0,530.0,999.0
300036,0,30000027,14,2.0,0,2.0,"",530.0,530.0,999.0
300036,0,30000027,145,2.0,0,2.0,"",530.0,530.0,999.0
300036,0,30000027,241,2.0,0,2.0,"",530.0,530.0,999.0
300036,0,30000027,275,2.0,0,2.0,"",530.0,530.0,999.0
300036,0,30000027,432,1.0,0,1.0,"",530.0,530.0,999.0
300036,0,30000027,440,1.0,0,1.0,"",530.0,530.0,999.0
300036,0,30000027,1887,1.0,0,1.0,"",530.0,530.0,999.0
300036,0,30000027,1888,1.0,0,1.0,"",530.0,530.0,999.0
300036,0,30000028,14,2.0,0,2.0,"",530.0,530.0,999.0
300036,0,30000028,145,2.0,0,2.0,"",530.0,530.0,999.0
300036,0,30000028,241,2.0,0,2.0,"",530.0,530.0,999.0
300036,0,30000028,275,2.0,0,2.0,"",530.0,530.0,999.0
300036,0,30000028,432,1.0,0,1.0,"",530.0,530.0,999.0
300036,0,30000028,440,1.0,0,1.0,"",530.0,530.0,999.0
300036,0,30000028,1887,1.0,0,1.0,"",530.0,530.0,999.0
300036,0,30000028,1888,1.0,0,1.0,"",530.0,530.0,999.0
300036,0,30000029,14,1.0,0,1.0,"",530.0,530.0,999.0
300036,0,30000029,145,1.0,0,1.0,"",530.0,530.0,999.0
300036,0,30000029,241,1.0,0,1.0,"",530.0,530.0,999.0
300036,0,30000029,275,1.0,0,1.0,"",530.0,530.0,999.0
300036,0,30000029,432,1.0,0,1.0,"",530.0,530.0,999.0
300036,0,30000029,440,1.0,0,1.0,"",530.0,530.0,999.0
300036,0,30000029,1887,1.0,0,1.0,"",530.0,530.0,999.0
300036,0,30000029,1888,1.0,0,1.0,"",530.0,530.0,999.0
300036,0,30000030,14,3.0,0,3.0,"",530.0,530.0,999.0
300036,0,30000030,145,2.0,0,2.0,"",530.0,530.0,999.0
300036,0,30000030,241,2.0,0,2.0,"",530.0,530.0,999.0
300036,0,30000030,275,2.0,0,2.0,"",530.0,530.0,999.0
300036,0,30000030,432,2.0,0,2.0,"",530.0,530.0,999.0
300036,0,30000030,440,2.0,0,2.0,"",530.0,530.0,999.0
300036,0,30000030,1887,2.0,0,2.0,"",530.0,530.0,999.0
300036,0,30000030,1888,2.0,0,2.0,"",530.0,530.0,999.0
300036,0,30000031,14,4.0,0,4.0,"",530.0,530.0,999.0
300036,0,30000031,145,3.0,0,3.0,"",530.0,530.0,999.0
300036,0,30000031,241,3.0,0,3.0,"",530.0,530.0,999.0
300036,0,30000031,275,3.0,0,3.0,"",530.0,530.0,999.0
300036,0,30000031,432,3.0,0,3.0,"",530.0,530.0,999.0
300036,0,30000031,440,3.0,0,3.0,"",530.0,530.0,999.0
300036,0,30000031,1887,3.0,0,3.0,"",530.0,530.0,999.0
300036,0,30000031,1888,3.0,0,3.0,"",530.0,530.0,999.0
300036,0,30000032,14,3.0,0,3.0,"",530.0,530.0,999.0
300036,0,30000032,145,2.0,0,2.0,"",530.0,530.0,999.0
300036,0,30000032,241,2.0,0,2.0,"",530.0,530.0,999.0
300036,0,30000032,275,2.0,0,2.0,"",530.0,530.0,999.0
300036,0,30000032,432,2.0,0,2.0,"",530.0,530.0,999.0
300036,0,30000032,440,2.0,0,2.0,"",530.0,530.0,999.0
300036,0,30000032,1887,2.0,0,2.0,"",530.0,530.0,999.0
300036,0,30000032,1888,2.0,0,2.0,"",530.0,530.0,999.0
300036,0,30000033,14,3.0,0,3.0,"",530.0,530.0,999.0
300036,0,30000033,145,2.0,0,2.0,"",530.0,530.0,999.0
300036,0,30000033,241,2.0,0,2.0,"",530.0,530.0,999.0
300036,0,30000033,275,2.0,0,2.0,"",530.0,530.0,999.0
300036,0,30000033,432,2.0,0,2.0,"",530.0,530.0,999.0
300036,0,30000033,440,2.0,0,2.0,"",530.0,530.0,999.0
300036,0,30000033,1887,2.0,0,2.0,"",530.0,530.0,999.0
300036,0,30000033,1888,2.0,0,2.0,"",530.0,530.0,999.0
300037,0,30000024,130,1.0,0,1.0,"",530.0,530.0,999.0
300037,0,30000024,148,1.0,0,1.0,"",530.0,530.0,999.0
300037,0,30000024,270,1.0,0,1.0,"",530.0,530.0,999.0
300037,0,30000024,452,1.0,0,1.0,"",530.0,530.0,999.0
300037,0,30000025,130,2.0,0,2.0,"",530.0,530.0,999.0
300037,0,30000025,148,2.0,0,2.0,"",530.0,530.0,999.0
300037,0,30000025,270,2.0,0,2.0,"",530.0,530.0,999.0
300037,0,30000025,452,1.0,0,1.0,"",530.0,530.0,999.0
300037,0,30000025,2552,1.0,0,1.0,"",530.0,530.0,999.0
300037,0,30000025,3068,1.0,0,1.0,"",530.0,530.0,999.0
300037,0,30000026,130,3.0,0,3.0,"",530.0,530.0,999.0
300037,0,30000026,148,2.0,0,2.0,"",530.0,530.0,999.0
300037,0,30000026,270,2.0,0,2.0,"",530.0,530.0,999.0
300037,0,30000026,452,2.0,0,2.0,"",530.0,530.0,999.0
300037,0,30000026,2552,2.0,0,2.0,"",530.0,530.0,999.0
300037,0,30000026,3068,2.0,0,2.0,"",530.0,530.0,999.0
300037,0,30000027,130,2.0,0,2.0,"",530.0,530.0,999.0
300037,0,30000027,148,2.0,0,2.0,"",530.0,530.0,999.0
300037,0,30000027,270,2.0,0,2.0,"",530.0,530.0,999.0
300037,0,30000027,452,1.0,0,1.0,"",530.0,530.0,999.0
300037,0,30000027,2552,1.0,0,1.0,"",530.0,530.0,999.0
300037,0,30000027,3068,1.0,0,1.0,"",530.0,530.0,999.0
300037,0,30000028,130,2.0,0,2.0,"",530.0,530.0,999.0
300037,0,30000028,148,2.0,0,2.0,"",530.0,530.0,999.0
300037,0,30000028,270,2.0,0,2.0,"",530.0,530.0,999.0
300037,0,30000028,452,1.0,0,1.0,"",530.0,530.0,999.0
300037,0,30000028,2552,1.0,0,1.0,"",530.0,530.0,999.0
300037,0,30000028,3068,1.0,0,1.0,"",530.0,530.0,999.0
300037,0,30000029,130,1.0,0,1.0,"",530.0,530.0,999.0
300037,0,30000029,148,1.0,0,1.0,"",530.0,530.0,999.0
300037,0,30000029,270,1.0,0,1.0,"",530.0,530.0,999.0
300037,0,30000029,452,1.0,0,1.0,"",530.0,530.0,999.0
300037,0,30000029,2552,1.0,0,1.0,"",530.0,530.0,999.0
300037,0,30000029,3068,1.0,0,1.0,"",530.0,530.0,999.0
300037,0,30000030,130,2.0,0,2.0,"",530.0,530.0,999.0
300037,0,30000030,148,2.0,0,2.0,"",530.0,530.0,999.0
300037,0,30000030,270,2.0,0,2.0,"",530.0,530.0,999.0
300037,0,30000030,452,2.0,0,2.0,"",530.0,530.0,999.0
300037,0,30000030,2552,2.0,0,2.0,"",530.0,530.0,999.0
300037,0,30000030,3068,2.0,0,2.0,"",530.0,530.0,999.0
300037,0,30000031,130,3.0,0,3.0,"",530.0,530.0,999.0
300037,0,30000031,148,3.0,0,3.0,"",530.0,530.0,999.0
300037,0,30000031,270,3.0,0,3.0,"",530.0,530.0,999.0
300037,0,30000031,452,3.0,0,3.0,"",530.0,530.0,999.0
300037,0,30000031,2552,3.0,0,3.0,"",530.0,530.0,999.0
300037,0,30000031,3068,3.0,0,3.0,"",530.0,530.0,999.0
300037,0,30000032,130,2.0,0,2.0,"",530.0,530.0,999.0
300037,0,30000032,148,2.0,0,2.0,"",530.0,530.0,999.0
300037,0,30000032,270,2.0,0,2.0,"",530.0,530.0,999.0
300037,0,30000032,452,2.0,0,2.0,"",530.0,530.0,999.0
300037,0,30000032,2552,2.0,0,2.0,"",530.0,530.0,999.0
300037,0,30000032,3068,2.0,0,2.0,"",530.0,530.0,999.0
300037,0,30000033,130,2.0,0,2.0,"",530.0,530.0,999.0
300037,0,30000033,148,2.0,0,2.0,"",530.0,530.0,999.0
300037,0,30000033,270,2.0,0,2.0,"",530.0,530.0,999.0
300037,0,30000033,452,2.0,0,2.0,"",530.0,530.0,999.0
300037,0,30000033,2552,2.0,0,2.0,"",530.0,530.0,999.0
300037,0,30000033,3068,2.0,0,2.0,"",530.0,530.0,999.0
300038,0,30000024,32,1.0,0,1.0,"",530.0,530.0,999.0
300038,0,30000024,50,1.0,0,1.0,"",530.0,530.0,999.0
300038,0,30000024,142,1.0,0,1.0,"",530.0,530.0,999.0
300038,0,30000024,149,1.0,0,1.0,"",530.0,530.0,999.0
300038,0,30000024,352,1.0,0,1.0,"",530.0,530.0,999.0
300038,0,30000025,32,2.0,0,2.0,"",530.0,530.0,999.0
300038,0,30000025,50,2.0,0,2.0,"",530.0,530.0,999.0
300038,0,30000025,142,2.0,0,2.0,"",530.0,530.0,999.0
300038,0,30000025,149,2.0,0,2.0,"",530.0,530.0,999.0
300038,0,30000025,352,2.0,0,2.0,"",530.0,530.0,999.0
300038,0,30000025,1663,1.0,0,1.0,"",530.0,530.0,999.0
300038,0,30000025,2267,1.0,0,1.0,"",530.0,530.0,999.0
300038,0,30000026,32,3.0,0,3.0,"",530.0,530.0,999.0
300038,0,30000026,50,3.0,0,3.0,"",530.0,530.0,999.0
300038,0,30000026,142,2.0,0,2.0,"",530.0,530.0,999.0
300038,0,30000026,149,2.0,0,2.0,"",530.0,530.0,999.0
300038,0,30000026,352,2.0,0,2.0,"",530.0,530.0,999.0
300038,0,30000026,1663,2.0,0,2.0,"",530.0,530.0,999.0
300038,0,30000026,2267,2.0,0,2.0,"",530.0,530.0,999.0
300038,0,30000027,32,2.0,0,2.0,"",530.0,530.0,999.0
300038,0,30000027,50,2.0,0,2.0,"",530.0,530.0,999.0
300038,0,30000027,142,2.0,0,2.0,"",530.0,530.0,999.0
300038,0,30000027,149,2.0,0,2.0,"",530.0,530.0,999.0
300038,0,30000027,352,2.0,0,2.0,"",530.0,530.0,999.0
300038,0,30000027,1663,1.0,0,1.0,"",530.0,530.0,999.0
300038,0,30000027,2267,1.0,0,1.0,"",530.0,530.0,999.0
300038,0,30000028,32,2.0,0,2.0,"",530.0,530.0,999.0
300038,0,30000028,50,2.0,0,2.0,"",530.0,530.0,999.0
300038,0,30000028,142,2.0,0,2.0,"",530.0,530.0,999.0
300038,0,30000028,149,2.0,0,2.0,"",530.0,530.0,999.0
300038,0,30000028,352,2.0,0,2.0,"",530.0,530.0,999.0
300038,0,30000028,1663,1.0,0,1.0,"",530.0,530.0,999.0
300038,0,30000028,2267,1.0,0,1.0,"",530.0,530.0,999.0
300038,0,30000029,32,1.0,0,1.0,"",530.0,530.0,999.0
300038,0,30000029,50,1.0,0,1.0,"",530.0,530.0,999.0
300038,0,30000029,142,1.0,0,1.0,"",530.0,530.0,999.0
300038,0,30000029,149,1.0,0,1.0,"",530.0,530.0,999.0
300038,0,30000029,352,1.0,0,1.0,"",530.0,530.0,999.0
300038,0,30000029,1663,1.0,0,1.0,"",530.0,530.0,999.0
300038,0,30000029,2267,1.0,0,1.0,"",530.0,530.0,999.0
300038,0,30000030,32,3.0,0,3.0,"",530.0,530.0,999.0
300038,0,30000030,50,2.0,0,2.0,"",530.0,530.0,999.0
300038,0,30000030,142,2.0,0,2.0,"",530.0,530.0,999.0
300038,0,30000030,149,2.0,0,2.0,"",530.0,530.0,999.0
300038,0,30000030,352,2.0,0,2.0,"",530.0,530.0,999.0
300038,0,30000030,1663,2.0,0,2.0,"",530.0,530.0,999.0
300038,0,30000030,2267,2.0,0,2.0,"",530.0,530.0,999.0
300038,0,30000031,32,4.0,0,4.0,"",530.0,530.0,999.0
300038,0,30000031,50,4.0,0,4.0,"",530.0,530.0,999.0
300038,0,30000031,142,3.0,0,3.0,"",530.0,530.0,999.0
300038,0,30000031,149,3.0,0,3.0,"",530.0,530.0,999.0
300038,0,30000031,352,3.0,0,3.0,"",530.0,530.0,999.0
300038,0,30000031,1663,3.0,0,3.0,"",530.0,530.0,999.0
300038,0,30000031,2267,3.0,0,3.0,"",530.0,530.0,999.0
300038,0,30000032,32,3.0,0,3.0,"",530.0,530.0,999.0
300038,0,30000032,50,2.0,0,2.0,"",530.0,530.0,999.0
300038,0,30000032,142,2.0,0,2.0,"",530.0,530.0,999.0
300038,0,30000032,149,2.0,0,2.0,"",530.0,530.0,999.0
300038,0,30000032,352,2.0,0,2.0,"",530.0,530.0,999.0
300038,0,30000032,1663,2.0,0,2.0,"",530.0,530.0,999.0
300038,0,30000032,2267,2.0,0,2.0,"",530.0,530.0,999.0
300038,0,30000033,32,3.0,0,3.0,"",530.0,530.0,999.0
300038,0,30000033,50,2.0,0,2.0,"",530.0,530.0,999.0
300038,0,30000033,142,2.0,0,2.0,"",530.0,530.0,999.0
300038,0,30000033,149,2.0,0,2.0,"",530.0,530.0,999.0
300038,0,30000033,352,2.0,0,2.0,"",530.0,530.0,999.0
300038,0,30000033,1663,2.0,0,2.0,"",530.0,530.0,999.0
300038,0,30000033,2267,2.0,0,2.0,"",530.0,530.0,999.0
300039,0,30000024,95,1.0,0,1.0,"",530.0,530.0,999.0
300039,0,30000024,120,1.0,0,1.0,"",530.0,530.0,999.0
300039,0,30000024,1063,1.0,0,1.0,"",530.0,530.0,999.0
300039,0,30000024,1090,1.0,0,1.0,"",530.0,530.0,999.0
300039,0,30000025,95,2.0,0,2.0,"",530.0,530.0,999.0
300039,0,30000025,120,2.0,0,2.0,"",530.0,530.0,999.0
300039,0,30000025,1063,1.0,0,1.0,"",530.0,530.0,999.0
300039,0,30000025,1090,1.0,0,1.0,"",530.0,530.0,999.0
300039,0,30000025,2203,1.0,0,1.0,"",530.0,530.0,999.0
300039,0,30000025,2592,1.0,0,1.0,"",530.0,530.0,999.0
300039,0,30000025,3067,1.0,0,1.0,"",530.0,530.0,999.0
300039,0,30000026,95,3.0,0,3.0,"",530.0,530.0,999.0
300039,0,30000026,120,3.0,0,3.0,"",530.0,530.0,999.0
300039,0,30000026,1063,2.0,0,2.0,"",530.0,530.0,999.0
300039,0,30000026,1090,2.0,0,2.0,"",530.0,530.0,999.0
300039,0,30000026,2203,2.0,0,2.0,"",530.0,530.0,999.0
300039,0,30000026,2592,2.0,0,2.0,"",530.0,530.0,999.0
300039,0,30000026,3067,2.0,0,2.0,"",530.0,530.0,999.0
300039,0,30000027,95,2.0,0,2.0,"",530.0,530.0,999.0
300039,0,30000027,120,2.0,0,2.0,"",530.0,530.0,999.0
300039,0,30000027,1063,1.0,0,1.0,"",530.0,530.0,999.0
300039,0,30000027,1090,1.0,0,1.0,"",530.0,530.0,999.0
300039,0,30000027,2203,1.0,0,1.0,"",530.0,530.0,999.0
300039,0,30000027,2592,1.0,0,1.0,"",530.0,530.0,999.0
300039,0,30000027,3067,1.0,0,1.0,"",530.0,530.0,999.0
300039,0,30000028,95,2.0,0,2.0,"",530.0,530.0,999.0
300039,0,30000028,120,2.0,0,2.0,"",530.0,530.0,999.0
300039,0,30000028,1063,1.0,0,1.0,"",530.0,530.0,999.0
300039,0,30000028,1090,1.0,0,1.0,"",530.0,530.0,999.0
300039,0,30000028,2203,1.0,0,1.0,"",530.0,530.0,999.0
300039,0,30000028,2592,1.0,0,1.0,"",530.0,530.0,999.0
300039,0,30000028,3067,1.0,0,1.0,"",530.0,530.0,999.0
300039,0,30000029,95,1.0,0,1.0,"",530.0,530.0,999.0
300039,0,30000029,120,1.0,0,1.0,"",530.0,530.0,999.0
300039,0,30000029,1063,1.0,0,1.0,"",530.0,530.0,999.0
300039,0,30000029,1090,1.0,0,1.0,"",530.0,530.0,999.0
300039,0,30000029,2203,1.0,0,1.0,"",530.0,530.0,999.0
300039,0,30000029,2592,1.0,0,1.0,"",530.0,530.0,999.0
300039,0,30000029,3067,1.0,0,1.0,"",530.0,530.0,999.0
300039,0,30000030,95,2.0,0,2.0,"",530.0,530.0,999.0
300039,0,30000030,120,2.0,0,2.0,"",530.0,530.0,999.0
300039,0,30000030,1063,2.0,0,2.0,"",530.0,530.0,999.0
300039,0,30000030,1090,2.0,0,2.0,"",530.0,530.0,999.0
300039,0,30000030,2203,2.0,0,2.0,"",530.0,530.0,999.0
300039,0,30000030,2592,2.0,0,2.0,"",530.0,530.0,999.0
300039,0,30000030,3067,2.0,0,2.0,"",530.0,530.0,999.0
300039,0,30000031,95,3.0,0,3.0,"",530.0,530.0,999.0
300039,0,30000031,120,3.0,0,3.0,"",530.0,530.0,999.0
300039,0,30000031,1063,3.0,0,3.0,"",530.0,530.0,999.0
300039,0,30000031,1090,3.0,0,3.0,"",530.0,530.0,999.0
300039,0,30000031,2203,3.0,0,3.0,"",530.0,530.0,999.0
300039,0,30000031,2592,3.0,0,3.0,"",530.0,530.0,999.0
300039,0,30000031,3067,3.0,0,3.0,"",530.0,530.0,999.0
300039,0,30000032,95,2.0,0,2.0,"",530.0,530.0,999.0
300039,0,30000032,120,2.0,0,2.0,"",530.0,530.0,999.0
300039,0,30000032,1063,2.0,0,2.0,"",530.0,530.0,999.0
300039,0,30000032,1090,2.0,0,2.0,"",530.0,530.0,999.0
300039,0,30000032,2203,2.0,0,2.0,"",530.0,530.0,999.0
300039,0,30000032,2592,2.0,0,2.0,"",530.0,530.0,999.0
300039,0,30000032,3067,2.0,0,2.0,"",530.0,530.0,999.0
300039,0,30000033,95,2.0,0,2.0,"",530.0,530.0,999.0
300039,0,30000033,120,2.0,0,2.0,"",530.0,530.0,999.0
300039,0,30000033,1063,2.0,0,2.0,"",530.0,530.0,999.0
300039,0,30000033,1090,2.0,0,2.0,"",530.0,530.0,999.0
300039,0,30000033,2203,2.0,0,2.0,"",530.0,530.0,999.0
300039,0,30000033,2592,2.0,0,2.0,"",530.0,530.0,999.0
300039,0,30000033,3067,2.0,0,2.0,"",530.0,530.0,999.0
300040,0,30000035,1,2.0,0,2.0,"",800.0,800.0,1699.0
300040,0,30000035,6,2.0,0,2.0,"",800.0,800.0,1699.0
300040,0,30000035,15,1.0,0,1.0,"",800.0,800.0,1699.0
300040,0,30000035,277,1.0,0,1.0,"",800.0,800.0,1699.0
300040,0,30000035,448,1.0,0,1.0,"",800.0,800.0,1699.0
300040,0,30000035,855,1.0,0,1.0,"",800.0,800.0,1699.0
300040,0,30000035,1268,1.0,0,1.0,"",800.0,800.0,1699.0
300040,0,30000035,1896,1.0,0,1.0,"",800.0,800.0,1699.0
300040,0,30000036,1,3.0,0,3.0,"",800.0,800.0,1699.0
300040,0,30000036,6,3.0,0,3.0,"",800.0,800.0,1699.0
300040,0,30000036,15,3.0,0,3.0,"",800.0,800.0,1699.0
300040,0,30000036,277,2.0,0,2.0,"",800.0,800.0,1699.0
300040,0,30000036,448,2.0,0,2.0,"",800.0,800.0,1699.0
300040,0,30000036,855,2.0,0,2.0,"",800.0,800.0,1699.0
300040,0,30000036,1268,2.0,0,2.0,"",800.0,800.0,1699.0
300040,0,30000036,1896,2.0,0,2.0,"",800.0,800.0,1699.0
300040,0,30000037,1,4.0,0,4.0,"",800.0,800.0,1699.0
300040,0,30000037,6,4.0,0,4.0,"",800.0,800.0,1699.0
300040,0,30000037,15,4.0,0,4.0,"",800.0,800.0,1699.0
300040,0,30000037,277,3.0,0,3.0,"",800.0,800.0,1699.0
300040,0,30000037,448,3.0,0,3.0,"",800.0,800.0,1699.0
300040,0,30000037,855,3.0,0,3.0,"",800.0,800.0,1699.0
300040,0,30000037,1268,3.0,0,3.0,"",800.0,800.0,1699.0
300040,0,30000037,1896,3.0,0,3.0,"",800.0,800.0,1699.0
300040,0,30000038,1,3.0,0,3.0,"",800.0,800.0,1699.0
300040,0,30000038,6,3.0,0,3.0,"",800.0,800.0,1699.0
300040,0,30000038,15,3.0,0,3.0,"",800.0,800.0,1699.0
300040,0,30000038,277,2.0,0,2.0,"",800.0,800.0,1699.0
300040,0,30000038,448,2.0,0,2.0,"",800.0,800.0,1699.0
300040,0,30000038,855,2.0,0,2.0,"",800.0,800.0,1699.0
300040,0,30000038,1268,2.0,0,2.0,"",800.0,800.0,1699.0
300040,0,30000038,1896,2.0,0,2.0,"",800.0,800.0,1699.0
300040,0,30000039,1,3.0,0,3.0,"",800.0,800.0,1699.0
300040,0,30000039,6,3.0,0,3.0,"",800.0,800.0,1699.0
300040,0,30000039,15,3.0,0,3.0,"",800.0,800.0,1699.0
300040,0,30000039,277,2.0,0,2.0,"",800.0,800.0,1699.0
300040,0,30000039,448,2.0,0,2.0,"",800.0,800.0,1699.0
300040,0,30000039,855,2.0,0,2.0,"",800.0,800.0,1699.0
300040,0,30000039,1268,2.0,0,2.0,"",800.0,800.0,1699.0
300040,0,30000039,1896,2.0,0,2.0,"",800.0,800.0,1699.0
300040,0,30000040,1,1.0,0,1.0,"",800.0,800.0,1699.0
300040,0,30000040,6,1.0,0,1.0,"",800.0,800.0,1699.0
300040,0,30000040,15,1.0,0,1.0,"",800.0,800.0,1699.0
300040,0,30000040,277,1.0,0,1.0,"",800.0,800.0,1699.0
300040,0,30000040,448,1.0,0,1.0,"",800.0,800.0,1699.0
300040,0,30000040,855,1.0,0,1.0,"",800.0,800.0,1699.0
300040,0,30000040,1268,1.0,0,1.0,"",800.0,800.0,1699.0
300040,0,30000041,1,2.0,0,2.0,"",800.0,800.0,1699.0
300040,0,30000041,6,2.0,0,2.0,"",800.0,800.0,1699.0
300040,0,30000041,15,2.0,0,2.0,"",800.0,800.0,1699.0
300040,0,30000041,277,2.0,0,2.0,"",800.0,800.0,1699.0
300040,0,30000041,448,1.0,0,1.0,"",800.0,800.0,1699.0
300040,0,30000041,855,1.0,0,1.0,"",800.0,800.0,1699.0
300040,0,30000041,1268,1.0,0,1.0,"",800.0,800.0,1699.0
300040,0,30000041,1896,1.0,0,1.0,"",800.0,800.0,1699.0
300040,0,30000042,1,3.0,0,3.0,"",800.0,800.0,1699.0
300040,0,30000042,6,3.0,0,3.0,"",800.0,800.0,1699.0
300040,0,30000042,15,3.0,0,3.0,"",800.0,800.0,1699.0
300040,0,30000042,277,2.0,0,2.0,"",800.0,800.0,1699.0
300040,0,30000042,448,2.0,0,2.0,"",800.0,800.0,1699.0
300040,0,30000042,855,2.0,0,2.0,"",800.0,800.0,1699.0
300040,0,30000042,1268,2.0,0,2.0,"",800.0,800.0,1699.0
300040,0,30000042,1896,2.0,0,2.0,"",800.0,800.0,1699.0
300040,0,30000043,1,2.0,0,2.0,"",800.0,800.0,1699.0
300040,0,30000043,6,2.0,0,2.0,"",800.0,800.0,1699.0
300040,0,30000043,15,2.0,0,2.0,"",800.0,800.0,1699.0
300040,0,30000043,277,2.0,0,2.0,"",800.0,800.0,1699.0
300040,0,30000043,448,1.0,0,1.0,"",800.0,800.0,1699.0
300040,0,30000043,855,1.0,0,1.0,"",800.0,800.0,1699.0
300040,0,30000043,1268,1.0,0,1.0,"",800.0,800.0,1699.0
300040,0,30000043,1896,1.0,0,1.0,"",800.0,800.0,1699.0
300040,0,30000044,1,2.0,0,2.0,"",800.0,800.0,1699.0
300040,0,30000044,6,2.0,0,2.0,"",800.0,800.0,1699.0
300040,0,30000044,15,2.0,0,2.0,"",800.0,800.0,1699.0
300040,0,30000044,277,2.0,0,2.0,"",800.0,800.0,1699.0
300040,0,30000044,448,1.0,0,1.0,"",800.0,800.0,1699.0
300040,0,30000044,855,1.0,0,1.0,"",800.0,800.0,1699.0
300040,0,30000044,1268,1.0,0,1.0,"",800.0,800.0,1699.0
300040,0,30000044,1896,1.0,0,1.0,"",800.0,800.0,1699.0
300041,0,30000035,2,2.0,0,2.0,"",800.0,800.0,1699.0
300041,0,30000035,9,1.0,0,1.0,"",800.0,800.0,1699.0
300041,0,30000035,46,1.0,0,1.0,"",800.0,800.0,1699.0
300041,0,30000035,228,1.0,0,1.0,"",800.0,800.0,1699.0
300041,0,30000035,276,1.0,0,1.0,"",800.0,800.0,1699.0
300041,0,30000035,1875,1.0,0,1.0,"",800.0,800.0,1699.0
300041,0,30000035,3065,1.0,0,1.0,"",800.0,800.0,1699.0
300041,0,30000035,3574,1.0,0,1.0,"",800.0,800.0,1699.0
300041,0,30000036,2,3.0,0,3.0,"",800.0,800.0,1699.0
300041,0,30000036,9,3.0,0,3.0,"",800.0,800.0,1699.0
300041,0,30000036,46,2.0,0,2.0,"",800.0,800.0,1699.0
300041,0,30000036,228,2.0,0,2.0,"",800.0,800.0,1699.0
300041,0,30000036,276,2.0,0,2.0,"",800.0,800.0,1699.0
300041,0,30000036,1875,2.0,0,2.0,"",800.0,800.0,1699.0
300041,0,30000036,3065,2.0,0,2.0,"",800.0,800.0,1699.0
300041,0,30000036,3574,2.0,0,2.0,"",800.0,800.0,1699.0
300041,0,30000037,2,4.0,0,4.0,"",800.0,800.0,1699.0
300041,0,30000037,9,4.0,0,4.0,"",800.0,800.0,1699.0
300041,0,30000037,46,4.0,0,4.0,"",800.0,800.0,1699.0
300041,0,30000037,228,3.0,0,3.0,"",800.0,800.0,1699.0
300041,0,30000037,276,3.0,0,3.0,"",800.0,800.0,1699.0
300041,0,30000037,1875,3.0,0,3.0,"",800.0,800.0,1699.0
300041,0,30000037,3065,3.0,0,3.0,"",800.0,800.0,1699.0
300041,0,30000037,3574,3.0,0,3.0,"",800.0,800.0,1699.0
300041,0,30000038,2,3.0,0,3.0,"",800.0,800.0,1699.0
300041,0,30000038,9,3.0,0,3.0,"",800.0,800.0,1699.0
300041,0,30000038,46,2.0,0,2.0,"",800.0,800.0,1699.0
300041,0,30000038,228,2.0,0,2.0,"",800.0,800.0,1699.0
300041,0,30000038,276,2.0,0,2.0,"",800.0,800.0,1699.0
300041,0,30000038,1875,2.0,0,2.0,"",800.0,800.0,1699.0
300041,0,30000038,3065,2.0,0,2.0,"",800.0,800.0,1699.0
300041,0,30000038,3574,2.0,0,2.0,"",800.0,800.0,1699.0
300041,0,30000039,2,3.0,0,3.0,"",800.0,800.0,1699.0
300041,0,30000039,9,3.0,0,3.0,"",800.0,800.0,1699.0
300041,0,30000039,46,2.0,0,2.0,"",800.0,800.0,1699.0
300041,0,30000039,228,2.0,0,2.0,"",800.0,800.0,1699.0
300041,0,30000039,276,2.0,0,2.0,"",800.0,800.0,1699.0
300041,0,30000039,1875,2.0,0,2.0,"",800.0,800.0,1699.0
300041,0,30000039,3065,2.0,0,2.0,"",800.0,800.0,1699.0
300041,0,30000039,3574,2.0,0,2.0,"",800.0,800.0,1699.0
300041,0,30000040,2,1.0,0,1.0,"",800.0,800.0,1699.0
300041,0,30000040,9,1.0,0,1.0,"",800.0,800.0,1699.0
300041,0,30000040,46,1.0,0,1.0,"",800.0,800.0,1699.0
300041,0,30000040,228,1.0,0,1.0,"",800.0,800.0,1699.0
300041,0,30000040,276,1.0,0,1.0,"",800.0,800.0,1699.0
300041,0,30000041,2,2.0,0,2.0,"",800.0,800.0,1699.0
300041,0,30000041,9,2.0,0,2.0,"",800.0,800.0,1699.0
300041,0,30000041,46,2.0,0,2.0,"",800.0,800.0,1699.0
300041,0,30000041,228,2.0,0,2.0,"",800.0,800.0,1699.0
300041,0,30000041,276,2.0,0,2.0,"",800.0,800.0,1699.0
300041,0,30000041,1875,1.0,0,1.0,"",800.0,800.0,1699.0
300041,0,30000041,3065,1.0,0,1.0,"",800.0,800.0,1699.0
300041,0,30000041,3574,1.0,0,1.0,"",800.0,800.0,1699.0
300041,0,30000042,2,3.0,0,3.0,"",800.0,800.0,1699.0
300041,0,30000042,9,3.0,0,3.0,"",800.0,800.0,1699.0
300041,0,30000042,46,3.0,0,3.0,"",800.0,800.0,1699.0
300041,0,30000042,228,2.0,0,2.0,"",800.0,800.0,1699.0
300041,0,30000042,276,2.0,0,2.0,"",800.0,800.0,1699.0
300041,0,30000042,1875,2.0,0,2.0,"",800.0,800.0,1699.0
300041,0,30000042,3065,2.0,0,2.0,"",800.0,800.0,1699.0
300041,0,30000042,3574,2.0,0,2.0,"",800.0,800.0,1699.0
300041,0,30000043,2,2.0,0,2.0,"",800.0,800.0,1699.0
300041,0,30000043,9,2.0,0,2.0,"",800.0,800.0,1699.0
300041,0,30000043,46,2.0,0,2.0,"",800.0,800.0,1699.0
300041,0,30000043,228,2.0,0,2.0,"",800.0,800.0,1699.0
300041,0,30000043,276,2.0,0,2.0,"",800.0,800.0,1699.0
300041,0,30000043,1875,1.0,0,1.0,"",800.0,800.0,1699.0
300041,0,30000043,3065,1.0,0,1.0,"",800.0,800.0,1699.0
300041,0,30000043,3574,1.0,0,1.0,"",800.0,800.0,1699.0
300041,0,30000044,2,2.0,0,2.0,"",800.0,800.0,1699.0
300041,0,30000044,9,2.0,0,2.0,"",800.0,800.0,1699.0
300041,0,30000044,46,2.0,0,2.0,"",800.0,800.0,1699.0
300041,0,30000044,228,2.0,0,2.0,"",800.0,800.0,1699.0
300041,0,30000044,276,2.0,0,2.0,"",800.0,800.0,1699.0
300041,0,30000044,1875,1.0,0,1.0,"",800.0,800.0,1699.0
300041,0,30000044,3065,1.0,0,1.0,"",800.0,800.0,1699.0
300041,0,30000044,3574,1.0,0,1.0,"",800.0,800.0,1699.0
300042,0,30000035,3,2.0,0,2.0,"",800.0,800.0,1699.0
300042,0,30000035,65,1.0,0,1.0,"",800.0,800.0,1699.0
300042,0,30000035,73,1.0,0,1.0,"",800.0,800.0,1699.0
300042,0,30000035,156,1.0,0,1.0,"",800.0,800.0,1699.0
300042,0,30000035,245,1.0,0,1.0,"",800.0,800.0,1699.0
300042,0,30000035,1132,1.0,0,1.0,"",800.0,800.0,1699.0
300042,0,30000035,1204,1.0,0,1.0,"",800.0,800.0,1699.0
300042,0,30000036,3,3.0,0,3.0,"",800.0,800.0,1699.0
300042,0,30000036,65,2.0,0,2.0,"",800.0,800.0,1699.0
300042,0,30000036,73,2.0,0,2.0,"",800.0,800.0,1699.0
300042,0,30000036,156,2.0,0,2.0,"",800.0,800.0,1699.0
300042,0,30000036,245,2.0,0,2.0,"",800.0,800.0,1699.0
300042,0,30000036,1132,2.0,0,2.0,"",800.0,800.0,1699.0
300042,0,30000036,1204,2.0,0,2.0,"",800.0,800.0,1699.0
300042,0,30000037,3,4.0,0,4.0,"",800.0,800.0,1699.0
300042,0,30000037,65,4.0,0,4.0,"",800.0,800.0,1699.0
300042,0,30000037,73,4.0,0,4.0,"",800.0,800.0,1699.0
300042,0,30000037,156,3.0,0,3.0,"",800.0,800.0,1699.0
300042,0,30000037,245,3.0,0,3.0,"",800.0,800.0,1699.0
300042,0,30000037,1132,3.0,0,3.0,"",800.0,800.0,1699.0
300042,0,30000037,1204,3.0,0,3.0,"",800.0,800.0,1699.0
300042,0,30000038,3,3.0,0,3.0,"",800.0,800.0,1699.0
300042,0,30000038,65,2.0,0,2.0,"",800.0,800.0,1699.0
300042,0,30000038,73,2.0,0,2.0,"",800.0,800.0,1699.0
300042,0,30000038,156,2.0,0,2.0,"",800.0,800.0,1699.0
300042,0,30000038,245,2.0,0,2.0,"",800.0,800.0,1699.0
300042,0,30000038,1132,2.0,0,2.0,"",800.0,800.0,1699.0
300042,0,30000038,1204,2.0,0,2.0,"",800.0,800.0,1699.0
300042,0,30000039,3,3.0,0,3.0,"",800.0,800.0,1699.0
300042,0,30000039,65,2.0,0,2.0,"",800.0,800.0,1699.0
300042,0,30000039,73,2.0,0,2.0,"",800.0,800.0,1699.0
300042,0,30000039,156,2.0,0,2.0,"",800.0,800.0,1699.0
300042,0,30000039,245,2.0,0,2.0,"",800.0,800.0,1699.0
300042,0,30000039,1132,2.0,0,2.0,"",800.0,800.0,1699.0
300042,0,30000039,1204,2.0,0,2.0,"",800.0,800.0,1699.0
300042,0,30000040,3,1.0,0,1.0,"",800.0,800.0,1699.0
300042,0,30000040,65,1.0,0,1.0,"",800.0,800.0,1699.0
300042,0,30000040,73,1.0,0,1.0,"",800.0,800.0,1699.0
300042,0,30000040,156,1.0,0,1.0,"",800.0,800.0,1699.0
300042,0,30000040,245,1.0,0,1.0,"",800.0,800.0,1699.0
300042,0,30000040,1132,1.0,0,1.0,"",800.0,800.0,1699.0
300042,0,30000040,1204,1.0,0,1.0,"",800.0,800.0,1699.0
300042,0,30000041,3,2.0,0,2.0,"",800.0,800.0,1699.0
300042,0,30000041,65,2.0,0,2.0,"",800.0,800.0,1699.0
300042,0,30000041,73,2.0,0,2.0,"",800.0,800.0,1699.0
300042,0,30000041,156,2.0,0,2.0,"",800.0,800.0,1699.0
300042,0,30000041,245,2.0,0,2.0,"",800.0,800.0,1699.0
300042,0,30000041,1132,1.0,0,1.0,"",800.0,800.0,1699.0
300042,0,30000041,1204,1.0,0,1.0,"",800.0,800.0,1699.0
300042,0,30000042,3,3.0,0,3.0,"",800.0,800.0,1699.0
300042,0,30000042,65,3.0,0,3.0,"",800.0,800.0,1699.0
300042,0,30000042,73,3.0,0,3.0,"",800.0,800.0,1699.0
300042,0,30000042,156,2.0,0,2.0,"",800.0,800.0,1699.0
300042,0,30000042,245,2.0,0,2.0,"",800.0,800.0,1699.0
300042,0,30000042,1132,2.0,0,2.0,"",800.0,800.0,1699.0
300042,0,30000042,1204,2.0,0,2.0,"",800.0,800.0,1699.0
300042,0,30000043,3,2.0,0,2.0,"",800.0,800.0,1699.0
300042,0,30000043,65,2.0,0,2.0,"",800.0,800.0,1699.0
300042,0,30000043,73,2.0,0,2.0,"",800.0,800.0,1699.0
300042,0,30000043,156,2.0,0,2.0,"",800.0,800.0,1699.0
300042,0,30000043,245,2.0,0,2.0,"",800.0,800.0,1699.0
300042,0,30000043,1132,1.0,0,1.0,"",800.0,800.0,1699.0
300042,0,30000043,1204,1.0,0,1.0,"",800.0,800.0,1699.0
300042,0,30000044,3,2.0,0,2.0,"",800.0,800.0,1699.0
300042,0,30000044,65,2.0,0,2.0,"",800.0,800.0,1699.0
300042,0,30000044,73,2.0,0,2.0,"",800.0,800.0,1699.0
300042,0,30000044,156,2.0,0,2.0,"",800.0,800.0,1699.0
300042,0,30000044,245,2.0,0,2.0,"",800.0,800.0,1699.0
300042,0,30000044,1132,1.0,0,1.0,"",800.0,800.0,1699.0
300042,0,30000044,1204,1.0,0,1.0,"",800.0,800.0,1699.0
300043,0,30000035,138,1.0,0,1.0,"",800.0,800.0,1699.0
300043,0,30000035,274,1.0,0,1.0,"",800.0,800.0,1699.0
300043,0,30000035,457,1.0,0,1.0,"",800.0,800.0,1699.0
300043,0,30000035,1267,1.0,0,1.0,"",800.0,800.0,1699.0
300043,0,30000035,1296,1.0,0,1.0,"",800.0,800.0,1699.0
300043,0,30000035,1425,1.0,0,1.0,"",800.0,800.0,1699.0
300043,0,30000035,2268,1.0,0,1.0,"",800.0,800.0,1699.0
300043,0,30000036,138,2.0,0,2.0,"",800.0,800.0,1699.0
300043,0,30000036,274,2.0,0,2.0,"",800.0,800.0,1699.0
300043,0,30000036,457,2.0,0,2.0,"",800.0,800.0,1699.0
300043,0,30000036,1267,2.0,0,2.0,"",800.0,800.0,1699.0
300043,0,30000036,1296,2.0,0,2.0,"",800.0,800.0,1699.0
300043,0,30000036,1425,2.0,0,2.0,"",800.0,800.0,1699.0
300043,0,30000036,2268,2.0,0,2.0,"",800.0,800.0,1699.0
300043,0,30000037,138,3.0,0,3.0,"",800.0,800.0,1699.0
300043,0,30000037,274,3.0,0,3.0,"",800.0,800.0,1699.0
300043,0,30000037,457,3.0,0,3.0,"",800.0,800.0,1699.0
300043,0,30000037,1267,3.0,0,3.0,"",800.0,800.0,1699.0
300043,0,30000037,1296,3.0,0,3.0,"",800.0,800.0,1699.0
300043,0,30000037,1425,3.0,0,3.0,"",800.0,800.0,1699.0
300043,0,30000037,2268,3.0,0,3.0,"",800.0,800.0,1699.0
300043,0,30000038,138,2.0,0,2.0,"",800.0,800.0,1699.0
300043,0,30000038,274,2.0,0,2.0,"",800.0,800.0,1699.0
300043,0,30000038,457,2.0,0,2.0,"",800.0,800.0,1699.0
300043,0,30000038,1267,2.0,0,2.0,"",800.0,800.0,1699.0
300043,0,30000038,1296,2.0,0,2.0,"",800.0,800.0,1699.0
300043,0,30000038,1425,2.0,0,2.0,"",800.0,800.0,1699.0
300043,0,30000038,2268,2.0,0,2.0,"",800.0,800.0,1699.0
300043,0,30000039,138,2.0,0,2.0,"",800.0,800.0,1699.0
300043,0,30000039,274,2.0,0,2.0,"",800.0,800.0,1699.0
300043,0,30000039,457,2.0,0,2.0,"",800.0,800.0,1699.0
300043,0,30000039,1267,2.0,0,2.0,"",800.0,800.0,1699.0
300043,0,30000039,1296,2.0,0,2.0,"",800.0,800.0,1699.0
300043,0,30000039,1425,2.0,0,2.0,"",800.0,800.0,1699.0
300043,0,30000039,2268,2.0,0,2.0,"",800.0,800.0,1699.0
300043,0,30000040,138,1.0,0,1.0,"",800.0,800.0,1699.0
300043,0,30000040,274,1.0,0,1.0,"",800.0,800.0,1699.0
300043,0,30000040,457,1.0,0,1.0,"",800.0,800.0,1699.0
300043,0,30000040,1267,1.0,0,1.0,"",800.0,800.0,1699.0
300043,0,30000040,1296,1.0,0,1.0,"",800.0,800.0,1699.0
300043,0,30000040,1425,1.0,0,1.0,"",800.0,800.0,1699.0
300043,0,30000041,138,2.0,0,2.0,"",800.0,800.0,1699.0
300043,0,30000041,274,2.0,0,2.0,"",800.0,800.0,1699.0
300043,0,30000041,457,1.0,0,1.0,"",800.0,800.0,1699.0
300043,0,30000041,1267,1.0,0,1.0,"",800.0,800.0,1699.0
300043,0,30000041,1296,1.0,0,1.0,"",800.0,800.0,1699.0
300043,0,30000041,1425,1.0,0,1.0,"",800.0,800.0,1699.0
300043,0,30000041,2268,1.0,0,1.0,"",800.0,800.0,1699.0
300043,0,30000042,138,3.0,0,3.0,"",800.0,800.0,1699.0
300043,0,30000042,274,2.0,0,2.0,"",800.0,800.0,1699.0
300043,0,30000042,457,2.0,0,2.0,"",800.0,800.0,1699.0
300043,0,30000042,1267,2.0,0,2.0,"",800.0,800.0,1699.0
300043,0,30000042,1296,2.0,0,2.0,"",800.0,800.0,1699.0
300043,0,30000042,1425,2.0,0,2.0,"",800.0,800.0,1699.0
300043,0,30000042,2268,2.0,0,2.0,"",800.0,800.0,1699.0
300043,0,30000043,138,2.0,0,2.0,"",800.0,800.0,1699.0
300043,0,30000043,274,2.0,0,2.0,"",800.0,800.0,1699.0
300043,0,30000043,457,1.0,0,1.0,"",800.0,800.0,1699.0
300043,0,30000043,1267,1.0,0,1.0,"",800.0,800.0,1699.0
300043,0,30000043,1296,1.0,0,1.0,"",800.0,800.0,1699.0
300043,0,30000043,1425,1.0,0,1.0,"",800.0,800.0,1699.0
300043,0,30000043,2268,1.0,0,1.0,"",800.0,800.0,1699.0
300043,0,30000044,138,2.0,0,2.0,"",800.0,800.0,1699.0
300043,0,30000044,274,2.0,0,2.0,"",800.0,800.0,1699.0
300043,0,30000044,457,1.0,0,1.0,"",800.0,800.0,1699.0
300043,0,30000044,1267,1.0,0,1.0,"",800.0,800.0,1699.0
300043,0,30000044,1296,1.0,0,1.0,"",800.0,800.0,1699.0
300043,0,30000044,1425,1.0,0,1.0,"",800.0,800.0,1699.0
300043,0,30000044,2268,1.0,0,1.0,"",800.0,800.0,1699.0
300044,0,30000035,94,1.0,0,1.0,"",800.0,800.0,1699.0
300044,0,30000035,134,1.0,0,1.0,"",800.0,800.0,1699.0
300044,0,30000035,238,1.0,0,1.0,"",800.0,800.0,1699.0
300044,0,30000035,351,1.0,0,1.0,"",800.0,800.0,1699.0
300044,0,30000035,353,1.0,0,1.0,"",800.0,800.0,1699.0
300044,0,30000035,445,1.0,0,1.0,"",800.0,800.0,1699.0
300044,0,30000035,2553,1.0,0,1.0,"",800.0,800.0,1699.0
300044,0,30000035,3066,1.0,0,1.0,"",800.0,800.0,1699.0
300044,0,30000036,94,2.0,0,2.0,"",800.0,800.0,1699.0
300044,0,30000036,134,2.0,0,2.0,"",800.0,800.0,1699.0
300044,0,30000036,238,2.0,0,2.0,"",800.0,800.0,1699.0
300044,0,30000036,351,2.0,0,2.0,"",800.0,800.0,1699.0
300044,0,30000036,353,2.0,0,2.0,"",800.0,800.0,1699.0
300044,0,30000036,445,2.0,0,2.0,"",800.0,800.0,1699.0
300044,0,30000036,2553,2.0,0,2.0,"",800.0,800.0,1699.0
300044,0,30000036,3066,2.0,0,2.0,"",800.0,800.0,1699.0
300044,0,30000037,94,3.0,0,3.0,"",800.0,800.0,1699.0
300044,0,30000037,134,3.0,0,3.0,"",800.0,800.0,1699.0
300044,0,30000037,238,3.0,0,3.0,"",800.0,800.0,1699.0
300044,0,30000037,351,3.0,0,3.0,"",800.0,800.0,1699.0
300044,0,30000037,353,3.0,0,3.0,"",800.0,800.0,1699.0
300044,0,30000037,445,3.0,0,3.0,"",800.0,800.0,1699.0
300044,0,30000037,2553,3.0,0,3.0,"",800.0,800.0,1699.0
300044,0,30000037,3066,3.0,0,3.0,"",800.0,800.0,1699.0
300044,0,30000038,94,2.0,0,2.0,"",800.0,800.0,1699.0
300044,0,30000038,134,2.0,0,2.0,"",800.0,800.0,1699.0
300044,0,30000038,238,2.0,0,2.0,"",800.0,800.0,1699.0
300044,0,30000038,351,2.0,0,2.0,"",800.0,800.0,1699.0
300044,0,30000038,353,2.0,0,2.0,"",800.0,800.0,1699.0
300044,0,30000038,445,2.0,0,2.0,"",800.0,800.0,1699.0
300044,0,30000038,2553,2.0,0,2.0,"",800.0,800.0,1699.0
300044,0,30000038,3066,2.0,0,2.0,"",800.0,800.0,1699.0
300044,0,30000039,94,2.0,0,2.0,"",800.0,800.0,1699.0
300044,0,30000039,134,2.0,0,2.0,"",800.0,800.0,1699.0
300044,0,30000039,238,2.0,0,2.0,"",800.0,800.0,1699.0
300044,0,30000039,351,2.0,0,2.0,"",800.0,800.0,1699.0
300044,0,30000039,353,2.0,0,2.0,"",800.0,800.0,1699.0
300044,0,30000039,445,2.0,0,2.0,"",800.0,800.0,1699.0
300044,0,30000039,2553,2.0,0,2.0,"",800.0,800.0,1699.0
300044,0,30000039,3066,2.0,0,2.0,"",800.0,800.0,1699.0
300044,0,30000040,94,1.0,0,1.0,"",800.0,800.0,1699.0
300044,0,30000040,134,1.0,0,1.0,"",800.0,800.0,1699.0
300044,0,30000040,238,1.0,0,1.0,"",800.0,800.0,1699.0
300044,0,30000040,351,1.0,0,1.0,"",800.0,800.0,1699.0
300044,0,30000040,353,1.0,0,1.0,"",800.0,800.0,1699.0
300044,0,30000040,445,1.0,0,1.0,"",800.0,800.0,1699.0
300044,0,30000041,94,2.0,0,2.0,"",800.0,800.0,1699.0
300044,0,30000041,134,2.0,0,2.0,"",800.0,800.0,1699.0
300044,0,30000041,238,2.0,0,2.0,"",800.0,800.0,1699.0
300044,0,30000041,351,2.0,0,2.0,"",800.0,800.0,1699.0
300044,0,30000041,353,1.0,0,1.0,"",800.0,800.0,1699.0
300044,0,30000041,445,1.0,0,1.0,"",800.0,800.0,1699.0
300044,0,30000041,2553,1.0,0,1.0,"",800.0,800.0,1699.0
300044,0,30000041,3066,1.0,0,1.0,"",800.0,800.0,1699.0
300044,0,30000042,94,3.0,0,3.0,"",800.0,800.0,1699.0
300044,0,30000042,134,3.0,0,3.0,"",800.0,800.0,1699.0
300044,0,30000042,238,2.0,0,2.0,"",800.0,800.0,1699.0
300044,0,30000042,351,2.0,0,2.0,"",800.0,800.0,1699.0
300044,0,30000042,353,2.0,0,2.0,"",800.0,800.0,1699.0
300044,0,30000042,445,2.0,0,2.0,"",800.0,800.0,1699.0
300044,0,30000042,2553,2.0,0,2.0,"",800.0,800.0,1699.0
300044,0,30000042,3066,2.0,0,2.0,"",800.0,800.0,1699.0
300044,0,30000043,94,2.0,0,2.0,"",800.0,800.0,1699.0
300044,0,30000043,134,2.0,0,2.0,"",800.0,800.0,1699.0
300044,0,30000043,238,2.0,0,2.0,"",800.0,800.0,1699.0
300044,0,30000043,351,2.0,0,2.0,"",800.0,800.0,1699.0
300044,0,30000043,353,1.0,0,1.0,"",800.0,800.0,1699.0
300044,0,30000043,445,1.0,0,1.0,"",800.0,800.0,1699.0
300044,0,30000043,2553,1.0,0,1.0,"",800.0,800.0,1699.0
300044,0,30000043,3066,1.0,0,1.0,"",800.0,800.0,1699.0
300044,0,30000044,94,2.0,0,2.0,"",800.0,800.0,1699.0
300044,0,30000044,134,2.0,0,2.0,"",800.0,800.0,1699.0
300044,0,30000044,238,2.0,0,2.0,"",800.0,800.0,1699.0
300044,0,30000044,351,2.0,0,2.0,"",800.0,800.0,1699.0
300044,0,30000044,353,1.0,0,1.0,"",800.0,800.0,1699.0
300044,0,30000044,445,1.0,0,1.0,"",800.0,800.0,1699.0
300044,0,30000044,2553,1.0,0,1.0,"",800.0,800.0,1699.0
300044,0,30000044,3066,1.0,0,1.0,"",800.0,800.0,1699.0
300045,0,30000035,14,1.0,0,1.0,"",800.0,800.0,1699.0
300045,0,30000035,145,1.0,0,1.0,"",800.0,800.0,1699.0
300045,0,30000035,241,1.0,0,1.0,"",800.0,800.0,1699.0
300045,0,30000035,275,1.0,0,1.0,"",800.0,800.0,1699.0
300045,0,30000035,432,1.0,0,1.0,"",800.0,800.0,1699.0
300045,0,30000035,440,1.0,0,1.0,"",800.0,800.0,1699.0
300045,0,30000035,1887,1.0,0,1.0,"",800.0,800.0,1699.0
300045,0,30000035,1888,1.0,0,1.0,"",800.0,800.0,1699.0
300045,0,30000036,14,3.0,0,3.0,"",800.0,800.0,1699.0
300045,0,30000036,145,2.0,0,2.0,"",800.0,800.0,1699.0
300045,0,30000036,241,2.0,0,2.0,"",800.0,800.0,1699.0
300045,0,30000036,275,2.0,0,2.0,"",800.0,800.0,1699.0
300045,0,30000036,432,2.0,0,2.0,"",800.0,800.0,1699.0
300045,0,30000036,440,2.0,0,2.0,"",800.0,800.0,1699.0
300045,0,30000036,1887,2.0,0,2.0,"",800.0,800.0,1699.0
300045,0,30000036,1888,2.0,0,2.0,"",800.0,800.0,1699.0
300045,0,30000037,14,4.0,0,4.0,"",800.0,800.0,1699.0
300045,0,30000037,145,3.0,0,3.0,"",800.0,800.0,1699.0
300045,0,30000037,241,3.0,0,3.0,"",800.0,800.0,1699.0
300045,0,30000037,275,3.0,0,3.0,"",800.0,800.0,1699.0
300045,0,30000037,432,3.0,0,3.0,"",800.0,800.0,1699.0
300045,0,30000037,440,3.0,0,3.0,"",800.0,800.0,1699.0
300045,0,30000037,1887,3.0,0,3.0,"",800.0,800.0,1699.0
300045,0,30000037,1888,3.0,0,3.0,"",800.0,800.0,1699.0
300045,0,30000038,14,3.0,0,3.0,"",800.0,800.0,1699.0
300045,0,30000038,145,2.0,0,2.0,"",800.0,800.0,1699.0
300045,0,30000038,241,2.0,0,2.0,"",800.0,800.0,1699.0
300045,0,30000038,275,2.0,0,2.0,"",800.0,800.0,1699.0
300045,0,30000038,432,2.0,0,2.0,"",800.0,800.0,1699.0
300045,0,30000038,440,2.0,0,2.0,"",800.0,800.0,1699.0
300045,0,30000038,1887,2.0,0,2.0,"",800.0,800.0,1699.0
300045,0,30000038,1888,2.0,0,2.0,"",800.0,800.0,1699.0
300045,0,30000039,14,3.0,0,3.0,"",800.0,800.0,1699.0
300045,0,30000039,145,2.0,0,2.0,"",800.0,800.0,1699.0
300045,0,30000039,241,2.0,0,2.0,"",800.0,800.0,1699.0
300045,0,30000039,275,2.0,0,2.0,"",800.0,800.0,1699.0
300045,0,30000039,432,2.0,0,2.0,"",800.0,800.0,1699.0
300045,0,30000039,440,2.0,0,2.0,"",800.0,800.0,1699.0
300045,0,30000039,1887,2.0,0,2.0,"",800.0,800.0,1699.0
300045,0,30000039,1888,2.0,0,2.0,"",800.0,800.0,1699.0
300045,0,30000040,14,1.0,0,1.0,"",800.0,800.0,1699.0
300045,0,30000040,145,1.0,0,1.0,"",800.0,800.0,1699.0
300045,0,30000040,241,1.0,0,1.0,"",800.0,800.0,1699.0
300045,0,30000040,275,1.0,0,1.0,"",800.0,800.0,1699.0
300045,0,30000040,432,1.0,0,1.0,"",800.0,800.0,1699.0
300045,0,30000040,440,1.0,0,1.0,"",800.0,800.0,1699.0
300045,0,30000041,14,2.0,0,2.0,"",800.0,800.0,1699.0
300045,0,30000041,145,2.0,0,2.0,"",800.0,800.0,1699.0
300045,0,30000041,241,2.0,0,2.0,"",800.0,800.0,1699.0
300045,0,30000041,275,2.0,0,2.0,"",800.0,800.0,1699.0
300045,0,30000041,432,1.0,0,1.0,"",800.0,800.0,1699.0
300045,0,30000041,440,1.0,0,1.0,"",800.0,800.0,1699.0
300045,0,30000041,1887,1.0,0,1.0,"",800.0,800.0,1699.0
300045,0,30000041,1888,1.0,0,1.0,"",800.0,800.0,1699.0
300045,0,30000042,14,3.0,0,3.0,"",800.0,800.0,1699.0
300045,0,30000042,145,2.0,0,2.0,"",800.0,800.0,1699.0
300045,0,30000042,241,2.0,0,2.0,"",800.0,800.0,1699.0
300045,0,30000042,275,2.0,0,2.0,"",800.0,800.0,1699.0
300045,0,30000042,432,2.0,0,2.0,"",800.0,800.0,1699.0
300045,0,30000042,440,2.0,0,2.0,"",800.0,800.0,1699.0
300045,0,30000042,1887,2.0,0,2.0,"",800.0,800.0,1699.0
300045,0,30000042,1888,2.0,0,2.0,"",800.0,800.0,1699.0
300045,0,30000043,14,2.0,0,2.0,"",800.0,800.0,1699.0
300045,0,30000043,145,2.0,0,2.0,"",800.0,800.0,1699.0
300045,0,30000043,241,2.0,0,2.0,"",800.0,800.0,1699.0
300045,0,30000043,275,2.0,0,2.0,"",800.0,800.0,1699.0
300045,0,30000043,432,1.0,0,1.0,"",800.0,800.0,1699.0
300045,0,30000043,440,1.0,0,1.0,"",800.0,800.0,1699.0
300045,0,30000043,1887,1.0,0,1.0,"",800.0,800.0,1699.0
300045,0,30000043,1888,1.0,0,1.0,"",800.0,800.0,1699.0
300045,0,30000044,14,2.0,0,2.0,"",800.0,800.0,1699.0
300045,0,30000044,145,2.0,0,2.0,"",800.0,800.0,1699.0
300045,0,30000044,241,2.0,0,2.0,"",800.0,800.0,1699.0
300045,0,30000044,275,2.0,0,2.0,"",800.0,800.0,1699.0
300045,0,30000044,432,1.0,0,1.0,"",800.0,800.0,1699.0
300045,0,30000044,440,1.0,0,1.0,"",800.0,800.0,1699.0
300045,0,30000044,1887,1.0,0,1.0,"",800.0,800.0,1699.0
300045,0,30000044,1888,1.0,0,1.0,"",800.0,800.0,1699.0
300046,0,30000035,130,1.0,0,1.0,"",800.0,800.0,1699.0
300046,0,30000035,148,1.0,0,1.0,"",800.0,800.0,1699.0
300046,0,30000035,270,1.0,0,1.0,"",800.0,800.0,1699.0
300046,0,30000035,452,1.0,0,1.0,"",800.0,800.0,1699.0
300046,0,30000035,2552,1.0,0,1.0,"",800.0,800.0,1699.0
300046,0,30000035,3068,1.0,0,1.0,"",800.0,800.0,1699.0
300046,0,30000036,130,2.0,0,2.0,"",800.0,800.0,1699.0
300046,0,30000036,148,2.0,0,2.0,"",800.0,800.0,1699.0
300046,0,30000036,270,2.0,0,2.0,"",800.0,800.0,1699.0
300046,0,30000036,452,2.0,0,2.0,"",800.0,800.0,1699.0
300046,0,30000036,2552,2.0,0,2.0,"",800.0,800.0,1699.0
300046,0,30000036,3068,2.0,0,2.0,"",800.0,800.0,1699.0
300046,0,30000037,130,3.0,0,3.0,"",800.0,800.0,1699.0
300046,0,30000037,148,3.0,0,3.0,"",800.0,800.0,1699.0
300046,0,30000037,270,3.0,0,3.0,"",800.0,800.0,1699.0
300046,0,30000037,452,3.0,0,3.0,"",800.0,800.0,1699.0
300046,0,30000037,2552,3.0,0,3.0,"",800.0,800.0,1699.0
300046,0,30000037,3068,3.0,0,3.0,"",800.0,800.0,1699.0
300046,0,30000038,130,2.0,0,2.0,"",800.0,800.0,1699.0
300046,0,30000038,148,2.0,0,2.0,"",800.0,800.0,1699.0
300046,0,30000038,270,2.0,0,2.0,"",800.0,800.0,1699.0
300046,0,30000038,452,2.0,0,2.0,"",800.0,800.0,1699.0
300046,0,30000038,2552,2.0,0,2.0,"",800.0,800.0,1699.0
300046,0,30000038,3068,2.0,0,2.0,"",800.0,800.0,1699.0
300046,0,30000039,130,2.0,0,2.0,"",800.0,800.0,1699.0
300046,0,30000039,148,2.0,0,2.0,"",800.0,800.0,1699.0
300046,0,30000039,270,2.0,0,2.0,"",800.0,800.0,1699.0
300046,0,30000039,452,2.0,0,2.0,"",800.0,800.0,1699.0
300046,0,30000039,2552,2.0,0,2.0,"",800.0,800.0,1699.0
300046,0,30000039,3068,2.0,0,2.0,"",800.0,800.0,1699.0
300046,0,30000040,130,1.0,0,1.0,"",800.0,800.0,1699.0
300046,0,30000040,148,1.0,0,1.0,"",800.0,800.0,1699.0
300046,0,30000040,270,1.0,0,1.0,"",800.0,800.0,1699.0
300046,0,30000040,452,1.0,0,1.0,"",800.0,800.0,1699.0
300046,0,30000041,130,2.0,0,2.0,"",800.0,800.0,1699.0
300046,0,30000041,148,2.0,0,2.0,"",800.0,800.0,1699.0
300046,0,30000041,270,2.0,0,2.0,"",800.0,800.0,1699.0
300046,0,30000041,452,1.0,0,1.0,"",800.0,800.0,1699.0
300046,0,30000041,2552,1.0,0,1.0,"",800.0,800.0,1699.0
300046,0,30000041,3068,1.0,0,1.0,"",800.0,800.0,1699.0
300046,0,30000042,130,3.0,0,3.0,"",800.0,800.0,1699.0
300046,0,30000042,148,2.0,0,2.0,"",800.0,800.0,1699.0
300046,0,30000042,270,2.0,0,2.0,"",800.0,800.0,1699.0
300046,0,30000042,452,2.0,0,2.0,"",800.0,800.0,1699.0
300046,0,30000042,2552,2.0,0,2.0,"",800.0,800.0,1699.0
300046,0,30000042,3068,2.0,0,2.0,"",800.0,800.0,1699.0
300046,0,30000043,130,2.0,0,2.0,"",800.0,800.0,1699.0
300046,0,30000043,148,2.0,0,2.0,"",800.0,800.0,1699.0
300046,0,30000043,270,2.0,0,2.0,"",800.0,800.0,1699.0
300046,0,30000043,452,1.0,0,1.0,"",800.0,800.0,1699.0
300046,0,30000043,2552,1.0,0,1.0,"",800.0,800.0,1699.0
300046,0,30000043,3068,1.0,0,1.0,"",800.0,800.0,1699.0
300046,0,30000044,130,2.0,0,2.0,"",800.0,800.0,1699.0
300046,0,30000044,148,2.0,0,2.0,"",800.0,800.0,1699.0
300046,0,30000044,270,2.0,0,2.0,"",800.0,800.0,1699.0
300046,0,30000044,452,1.0,0,1.0,"",800.0,800.0,1699.0
300046,0,30000044,2552,1.0,0,1.0,"",800.0,800.0,1699.0
300046,0,30000044,3068,1.0,0,1.0,"",800.0,800.0,1699.0
300047,0,30000035,32,1.0,0,1.0,"",800.0,800.0,1699.0
300047,0,30000035,50,1.0,0,1.0,"",800.0,800.0,1699.0
300047,0,30000035,142,1.0,0,1.0,"",800.0,800.0,1699.0
300047,0,30000035,149,1.0,0,1.0,"",800.0,800.0,1699.0
300047,0,30000035,352,1.0,0,1.0,"",800.0,800.0,1699.0
300047,0,30000035,1663,1.0,0,1.0,"",800.0,800.0,1699.0
300047,0,30000035,2267,1.0,0,1.0,"",800.0,800.0,1699.0
300047,0,30000036,32,3.0,0,3.0,"",800.0,800.0,1699.0
300047,0,30000036,50,2.0,0,2.0,"",800.0,800.0,1699.0
300047,0,30000036,142,2.0,0,2.0,"",800.0,800.0,1699.0
300047,0,30000036,149,2.0,0,2.0,"",800.0,800.0,1699.0
300047,0,30000036,352,2.0,0,2.0,"",800.0,800.0,1699.0
300047,0,30000036,1663,2.0,0,2.0,"",800.0,800.0,1699.0
300047,0,30000036,2267,2.0,0,2.0,"",800.0,800.0,1699.0
300047,0,30000037,32,4.0,0,4.0,"",800.0,800.0,1699.0
300047,0,30000037,50,4.0,0,4.0,"",800.0,800.0,1699.0
300047,0,30000037,142,3.0,0,3.0,"",800.0,800.0,1699.0
300047,0,30000037,149,3.0,0,3.0,"",800.0,800.0,1699.0
300047,0,30000037,352,3.0,0,3.0,"",800.0,800.0,1699.0
300047,0,30000037,1663,3.0,0,3.0,"",800.0,800.0,1699.0
300047,0,30000037,2267,3.0,0,3.0,"",800.0,800.0,1699.0
300047,0,30000038,32,3.0,0,3.0,"",800.0,800.0,1699.0
300047,0,30000038,50,2.0,0,2.0,"",800.0,800.0,1699.0
300047,0,30000038,142,2.0,0,2.0,"",800.0,800.0,1699.0
300047,0,30000038,149,2.0,0,2.0,"",800.0,800.0,1699.0
300047,0,30000038,352,2.0,0,2.0,"",800.0,800.0,1699.0
300047,0,30000038,1663,2.0,0,2.0,"",800.0,800.0,1699.0
300047,0,30000038,2267,2.0,0,2.0,"",800.0,800.0,1699.0
300047,0,30000039,32,3.0,0,3.0,"",800.0,800.0,1699.0
300047,0,30000039,50,2.0,0,2.0,"",800.0,800.0,1699.0
300047,0,30000039,142,2.0,0,2.0,"",800.0,800.0,1699.0
300047,0,30000039,149,2.0,0,2.0,"",800.0,800.0,1699.0
300047,0,30000039,352,2.0,0,2.0,"",800.0,800.0,1699.0
300047,0,30000039,1663,2.0,0,2.0,"",800.0,800.0,1699.0
300047,0,30000039,2267,2.0,0,2.0,"",800.0,800.0,1699.0
300047,0,30000040,32,1.0,0,1.0,"",800.0,800.0,1699.0
300047,0,30000040,50,1.0,0,1.0,"",800.0,800.0,1699.0
300047,0,30000040,142,1.0,0,1.0,"",800.0,800.0,1699.0
300047,0,30000040,149,1.0,0,1.0,"",800.0,800.0,1699.0
300047,0,30000040,352,1.0,0,1.0,"",800.0,800.0,1699.0
300047,0,30000041,32,2.0,0,2.0,"",800.0,800.0,1699.0
300047,0,30000041,50,2.0,0,2.0,"",800.0,800.0,1699.0
300047,0,30000041,142,2.0,0,2.0,"",800.0,800.0,1699.0
300047,0,30000041,149,2.0,0,2.0,"",800.0,800.0,1699.0
300047,0,30000041,352,2.0,0,2.0,"",800.0,800.0,1699.0
300047,0,30000041,1663,1.0,0,1.0,"",800.0,800.0,1699.0
300047,0,30000041,2267,1.0,0,1.0,"",800.0,800.0,1699.0
300047,0,30000042,32,3.0,0,3.0,"",800.0,800.0,1699.0
300047,0,30000042,50,3.0,0,3.0,"",800.0,800.0,1699.0
300047,0,30000042,142,2.0,0,2.0,"",800.0,800.0,1699.0
300047,0,30000042,149,2.0,0,2.0,"",800.0,800.0,1699.0
300047,0,30000042,352,2.0,0,2.0,"",800.0,800.0,1699.0
300047,0,30000042,1663,2.0,0,2.0,"",800.0,800.0,1699.0
300047,0,30000042,2267,2.0,0,2.0,"",800.0,800.0,1699.0
300047,0,30000043,32,2.0,0,2.0,"",800.0,800.0,1699.0
300047,0,30000043,50,2.0,0,2.0,"",800.0,800.0,1699.0
300047,0,30000043,142,2.0,0,2.0,"",800.0,800.0,1699.0
300047,0,30000043,149,2.0,0,2.0,"",800.0,800.0,1699.0
300047,0,30000043,352,2.0,0,2.0,"",800.0,800.0,1699.0
300047,0,30000043,1663,1.0,0,1.0,"",800.0,800.0,1699.0
300047,0,30000043,2267,1.0,0,1.0,"",800.0,800.0,1699.0
300047,0,30000044,32,2.0,0,2.0,"",800.0,800.0,1699.0
300047,0,30000044,50,2.0,0,2.0,"",800.0,800.0,1699.0
300047,0,30000044,142,2.0,0,2.0,"",800.0,800.0,1699.0
300047,0,30000044,149,2.0,0,2.0,"",800.0,800.0,1699.0
300047,0,30000044,352,2.0,0,2.0,"",800.0,800.0,1699.0
300047,0,30000044,1663,1.0,0,1.0,"",800.0,800.0,1699.0
300047,0,30000044,2267,1.0,0,1.0,"",800.0,800.0,1699.0
300048,0,30000035,95,1.0,0,1.0,"",800.0,800.0,1699.0
300048,0,30000035,120,1.0,0,1.0,"",800.0,800.0,1699.0
300048,0,30000035,1063,1.0,0,1.0,"",800.0,800.0,1699.0
300048,0,30000035,1090,1.0,0,1.0,"",800.0,800.0,1699.0
300048,0,30000035,2203,1.0,0,1.0,"",800.0,800.0,1699.0
300048,0,30000035,2592,1.0,0,1.0,"",800.0,800.0,1699.0
300048,0,30000035,3067,1.0,0,1.0,"",800.0,800.0,1699.0
300048,0,30000036,95,2.0,0,2.0,"",800.0,800.0,1699.0
300048,0,30000036,120,2.0,0,2.0,"",800.0,800.0,1699.0
300048,0,30000036,1063,2.0,0,2.0,"",800.0,800.0,1699.0
300048,0,30000036,1090,2.0,0,2.0,"",800.0,800.0,1699.0
300048,0,30000036,2203,2.0,0,2.0,"",800.0,800.0,1699.0
300048,0,30000036,2592,2.0,0,2.0,"",800.0,800.0,1699.0
300048,0,30000036,3067,2.0,0,2.0,"",800.0,800.0,1699.0
300048,0,30000037,95,3.0,0,3.0,"",800.0,800.0,1699.0
300048,0,30000037,120,3.0,0,3.0,"",800.0,800.0,1699.0
300048,0,30000037,1063,3.0,0,3.0,"",800.0,800.0,1699.0
300048,0,30000037,1090,3.0,0,3.0,"",800.0,800.0,1699.0
300048,0,30000037,2203,3.0,0,3.0,"",800.0,800.0,1699.0
300048,0,30000037,2592,3.0,0,3.0,"",800.0,800.0,1699.0
300048,0,30000037,3067,3.0,0,3.0,"",800.0,800.0,1699.0
300048,0,30000038,95,2.0,0,2.0,"",800.0,800.0,1699.0
300048,0,30000038,120,2.0,0,2.0,"",800.0,800.0,1699.0
300048,0,30000038,1063,2.0,0,2.0,"",800.0,800.0,1699.0
300048,0,30000038,1090,2.0,0,2.0,"",800.0,800.0,1699.0
300048,0,30000038,2203,2.0,0,2.0,"",800.0,800.0,1699.0
300048,0,30000038,2592,2.0,0,2.0,"",800.0,800.0,1699.0
300048,0,30000038,3067,2.0,0,2.0,"",800.0,800.0,1699.0
300048,0,30000039,95,2.0,0,2.0,"",800.0,800.0,1699.0
300048,0,30000039,120,2.0,0,2.0,"",800.0,800.0,1699.0
300048,0,30000039,1063,2.0,0,2.0,"",800.0,800.0,1699.0
300048,0,30000039,1090,2.0,0,2.0,"",800.0,800.0,1699.0
300048,0,30000039,2203,2.0,0,2.0,"",800.0,800.0,1699.0
300048,0,30000039,2592,2.0,0,2.0,"",800.0,800.0,1699.0
300048,0,30000039,3067,2.0,0,2.0,"",800.0,800.0,1699.0
300048,0,30000040,95,1.0,0,1.0,"",800.0,800.0,1699.0
300048,0,30000040,120,1.0,0,1.0,"",800.0,800.0,1699.0
300048,0,30000040,1063,1.0,0,1.0,"",800.0,800.0,1699.0
300048,0,30000040,1090,1.0,0,1.0,"",800.0,800.0,1699.0
300048,0,30000041,95,2.0,0,2.0,"",800.0,800.0,1699.0
300048,0,30000041,120,2.0,0,2.0,"",800.0,800.0,1699.0
300048,0,30000041,1063,1.0,0,1.0,"",800.0,800.0,1699.0
300048,0,30000041,1090,1.0,0,1.0,"",800.0,800.0,1699.0
300048,0,30000041,2203,1.0,0,1.0,"",800.0,800.0,1699.0
300048,0,30000041,2592,1.0,0,1.0,"",800.0,800.0,1699.0
300048,0,30000041,3067,1.0,0,1.0,"",800.0,800.0,1699.0
300048,0,30000042,95,3.0,0,3.0,"",800.0,800.0,1699.0
300048,0,30000042,120,3.0,0,3.0,"",800.0,800.0,1699.0
300048,0,30000042,1063,2.0,0,2.0,"",800.0,800.0,1699.0
300048,0,30000042,1090,2.0,0,2.0,"",800.0,800.0,1699.0
300048,0,30000042,2203,2.0,0,2.0,"",800.0,800.0,1699.0
300048,0,30000042,2592,2.0,0,2.0,"",800.0,800.0,1699.0
300048,0,30000042,3067,2.0,0,2.0,"",800.0,800.0,1699.0
300048,0,30000043,95,2.0,0,2.0,"",800.0,800.0,1699.0
300048,0,30000043,120,2.0,0,2.0,"",800.0,800.0,1699.0
300048,0,30000043,1063,1.0,0,1.0,"",800.0,800.0,1699.0
300048,0,30000043,1090,1.0,0,1.0,"",800.0,800.0,1699.0
300048,0,30000043,2203,1.0,0,1.0,"",800.0,800.0,1699.0
300048,0,30000043,2592,1.0,0,1.0,"",800.0,800.0,1699.0
300048,0,30000043,3067,1.0,0,1.0,"",800.0,800.0,1699.0
300048,0,30000044,95,2.0,0,2.0,"",800.0,800.0,1699.0
300048,0,30000044,120,2.0,0,2.0,"",800.0,800.0,1699.0
300048,0,30000044,1063,1.0,0,1.0,"",800.0,800.0,1699.0
300048,0,30000044,1090,1.0,0,1.0,"",800.0,800.0,1699.0
300048,0,30000044,2203,1.0,0,1.0,"",800.0,800.0,1699.0
300048,0,30000044,2592,1.0,0,1.0,"",800.0,800.0,1699.0
300048,0,30000044,3067,1.0,0,1.0,"",800.0,800.0,1699.0
300049,0,30000046,1,2.0,0,2.0,"",230.0,230.0,399.0
300049,0,30000046,6,1.0,0,1.0,"",230.0,230.0,399.0
300049,0,30000046,15,1.0,0,1.0,"",230.0,230.0,399.0
300049,0,30000046,277,1.0,0,1.0,"",230.0,230.0,399.0
300049,0,30000046,448,1.0,0,1.0,"",230.0,230.0,399.0
300049,0,30000046,855,1.0,0,1.0,"",230.0,230.0,399.0
300049,0,30000046,1268,1.0,0,1.0,"",230.0,230.0,399.0
300049,0,30000046,1896,1.0,0,1.0,"",230.0,230.0,399.0
300049,0,30000047,1,3.0,0,3.0,"",230.0,230.0,399.0
300049,0,30000047,6,2.0,0,2.0,"",230.0,230.0,399.0
300049,0,30000047,15,2.0,0,2.0,"",230.0,230.0,399.0
300049,0,30000047,277,2.0,0,2.0,"",230.0,230.0,399.0
300049,0,30000047,448,2.0,0,2.0,"",230.0,230.0,399.0
300049,0,30000047,855,2.0,0,2.0,"",230.0,230.0,399.0
300049,0,30000047,1268,2.0,0,2.0,"",230.0,230.0,399.0
300049,0,30000047,1896,2.0,0,2.0,"",230.0,230.0,399.0
300049,0,30000048,1,3.0,0,3.0,"",230.0,230.0,399.0
300049,0,30000048,6,2.0,0,2.0,"",230.0,230.0,399.0
300049,0,30000048,15,2.0,0,2.0,"",230.0,230.0,399.0
300049,0,30000048,277,2.0,0,2.0,"",230.0,230.0,399.0
300049,0,30000048,448,2.0,0,2.0,"",230.0,230.0,399.0
300049,0,30000048,855,2.0,0,2.0,"",230.0,230.0,399.0
300049,0,30000048,1268,2.0,0,2.0,"",230.0,230.0,399.0
300049,0,30000048,1896,2.0,0,2.0,"",230.0,230.0,399.0
300049,0,30000049,1,2.0,0,2.0,"",230.0,230.0,399.0
300049,0,30000049,6,2.0,0,2.0,"",230.0,230.0,399.0
300049,0,30000049,15,2.0,0,2.0,"",230.0,230.0,399.0
300049,0,30000049,277,2.0,0,2.0,"",230.0,230.0,399.0
300049,0,30000049,448,1.0,0,1.0,"",230.0,230.0,399.0
300049,0,30000049,855,1.0,0,1.0,"",230.0,230.0,399.0
300049,0,30000049,1268,1.0,0,1.0,"",230.0,230.0,399.0
300049,0,30000049,1896,1.0,0,1.0,"",230.0,230.0,399.0
300050,0,30000046,2,2.0,0,2.0,"",230.0,230.0,399.0
300050,0,30000046,9,1.0,0,1.0,"",230.0,230.0,399.0
300050,0,30000046,46,1.0,0,1.0,"",230.0,230.0,399.0
300050,0,30000046,228,1.0,0,1.0,"",230.0,230.0,399.0
300050,0,30000046,276,1.0,0,1.0,"",230.0,230.0,399.0
300050,0,30000046,1875,1.0,0,1.0,"",230.0,230.0,399.0
300050,0,30000046,3065,1.0,0,1.0,"",230.0,230.0,399.0
300050,0,30000046,3574,1.0,0,1.0,"",230.0,230.0,399.0
300050,0,30000047,2,3.0,0,3.0,"",230.0,230.0,399.0
300050,0,30000047,9,2.0,0,2.0,"",230.0,230.0,399.0
300050,0,30000047,46,2.0,0,2.0,"",230.0,230.0,399.0
300050,0,30000047,228,2.0,0,2.0,"",230.0,230.0,399.0
300050,0,30000047,276,2.0,0,2.0,"",230.0,230.0,399.0
300050,0,30000047,1875,2.0,0,2.0,"",230.0,230.0,399.0
300050,0,30000047,3065,2.0,0,2.0,"",230.0,230.0,399.0
300050,0,30000047,3574,2.0,0,2.0,"",230.0,230.0,399.0
300050,0,30000048,2,3.0,0,3.0,"",230.0,230.0,399.0
300050,0,30000048,9,2.0,0,2.0,"",230.0,230.0,399.0
300050,0,30000048,46,2.0,0,2.0,"",230.0,230.0,399.0
300050,0,30000048,228,2.0,0,2.0,"",230.0,230.0,399.0
300050,0,30000048,276,2.0,0,2.0,"",230.0,230.0,399.0
300050,0,30000048,1875,2.0,0,2.0,"",230.0,230.0,399.0
300050,0,30000048,3065,2.0,0,2.0,"",230.0,230.0,399.0
300050,0,30000048,3574,2.0,0,2.0,"",230.0,230.0,399.0
300050,0,30000049,2,2.0,0,2.0,"",230.0,230.0,399.0
300050,0,30000049,9,2.0,0,2.0,"",230.0,230.0,399.0
300050,0,30000049,46,2.0,0,2.0,"",230.0,230.0,399.0
300050,0,30000049,228,2.0,0,2.0,"",230.0,230.0,399.0
300050,0,30000049,276,2.0,0,2.0,"",230.0,230.0,399.0
300050,0,30000049,1875,1.0,0,1.0,"",230.0,230.0,399.0
300050,0,30000049,3065,1.0,0,1.0,"",230.0,230.0,399.0
300050,0,30000049,3574,1.0,0,1.0,"",230.0,230.0,399.0
300051,0,30000046,3,1.0,0,1.0,"",230.0,230.0,399.0
300051,0,30000046,65,1.0,0,1.0,"",230.0,230.0,399.0
300051,0,30000046,73,1.0,0,1.0,"",230.0,230.0,399.0
300051,0,30000046,156,1.0,0,1.0,"",230.0,230.0,399.0
300051,0,30000046,245,1.0,0,1.0,"",230.0,230.0,399.0
300051,0,30000046,1132,1.0,0,1.0,"",230.0,230.0,399.0
300051,0,30000046,1204,1.0,0,1.0,"",230.0,230.0,399.0
300051,0,30000047,3,2.0,0,2.0,"",230.0,230.0,399.0
300051,0,30000047,65,2.0,0,2.0,"",230.0,230.0,399.0
300051,0,30000047,73,2.0,0,2.0,"",230.0,230.0,399.0
300051,0,30000047,156,2.0,0,2.0,"",230.0,230.0,399.0
300051,0,30000047,245,2.0,0,2.0,"",230.0,230.0,399.0
300051,0,30000047,1132,2.0,0,2.0,"",230.0,230.0,399.0
300051,0,30000047,1204,2.0,0,2.0,"",230.0,230.0,399.0
300051,0,30000048,3,2.0,0,2.0,"",230.0,230.0,399.0
300051,0,30000048,65,2.0,0,2.0,"",230.0,230.0,399.0
300051,0,30000048,73,2.0,0,2.0,"",230.0,230.0,399.0
300051,0,30000048,156,2.0,0,2.0,"",230.0,230.0,399.0
300051,0,30000048,245,2.0,0,2.0,"",230.0,230.0,399.0
300051,0,30000048,1132,2.0,0,2.0,"",230.0,230.0,399.0
300051,0,30000048,1204,2.0,0,2.0,"",230.0,230.0,399.0
300051,0,30000049,3,2.0,0,2.0,"",230.0,230.0,399.0
300051,0,30000049,65,2.0,0,2.0,"",230.0,230.0,399.0
300051,0,30000049,73,2.0,0,2.0,"",230.0,230.0,399.0
300051,0,30000049,156,2.0,0,2.0,"",230.0,230.0,399.0
300051,0,30000049,245,2.0,0,2.0,"",230.0,230.0,399.0
300051,0,30000049,1132,1.0,0,1.0,"",230.0,230.0,399.0
300051,0,30000049,1204,1.0,0,1.0,"",230.0,230.0,399.0
300052,0,30000046,138,1.0,0,1.0,"",230.0,230.0,399.0
300052,0,30000046,274,1.0,0,1.0,"",230.0,230.0,399.0
300052,0,30000046,457,1.0,0,1.0,"",230.0,230.0,399.0
300052,0,30000046,1267,1.0,0,1.0,"",230.0,230.0,399.0
300052,0,30000046,1296,1.0,0,1.0,"",230.0,230.0,399.0
300052,0,30000046,1425,1.0,0,1.0,"",230.0,230.0,399.0
300052,0,30000046,2268,1.0,0,1.0,"",230.0,230.0,399.0
300052,0,30000047,138,2.0,0,2.0,"",230.0,230.0,399.0
300052,0,30000047,274,2.0,0,2.0,"",230.0,230.0,399.0
300052,0,30000047,457,2.0,0,2.0,"",230.0,230.0,399.0
300052,0,30000047,1267,2.0,0,2.0,"",230.0,230.0,399.0
300052,0,30000047,1296,2.0,0,2.0,"",230.0,230.0,399.0
300052,0,30000047,1425,2.0,0,2.0,"",230.0,230.0,399.0
300052,0,30000047,2268,2.0,0,2.0,"",230.0,230.0,399.0
300052,0,30000048,138,2.0,0,2.0,"",230.0,230.0,399.0
300052,0,30000048,274,2.0,0,2.0,"",230.0,230.0,399.0
300052,0,30000048,457,2.0,0,2.0,"",230.0,230.0,399.0
300052,0,30000048,1267,2.0,0,2.0,"",230.0,230.0,399.0
300052,0,30000048,1296,2.0,0,2.0,"",230.0,230.0,399.0
300052,0,30000048,1425,2.0,0,2.0,"",230.0,230.0,399.0
300052,0,30000048,2268,2.0,0,2.0,"",230.0,230.0,399.0
300052,0,30000049,138,2.0,0,2.0,"",230.0,230.0,399.0
300052,0,30000049,274,2.0,0,2.0,"",230.0,230.0,399.0
300052,0,30000049,457,1.0,0,1.0,"",230.0,230.0,399.0
300052,0,30000049,1267,1.0,0,1.0,"",230.0,230.0,399.0
300052,0,30000049,1296,1.0,0,1.0,"",230.0,230.0,399.0
300052,0,30000049,1425,1.0,0,1.0,"",230.0,230.0,399.0
300052,0,30000049,2268,1.0,0,1.0,"",230.0,230.0,399.0
300053,0,30000046,94,1.0,0,1.0,"",230.0,230.0,399.0
300053,0,30000046,134,1.0,0,1.0,"",230.0,230.0,399.0
300053,0,30000046,238,1.0,0,1.0,"",230.0,230.0,399.0
300053,0,30000046,351,1.0,0,1.0,"",230.0,230.0,399.0
300053,0,30000046,353,1.0,0,1.0,"",230.0,230.0,399.0
300053,0,30000046,445,1.0,0,1.0,"",230.0,230.0,399.0
300053,0,30000046,2553,1.0,0,1.0,"",230.0,230.0,399.0
300053,0,30000046,3066,1.0,0,1.0,"",230.0,230.0,399.0
300053,0,30000047,94,2.0,0,2.0,"",230.0,230.0,399.0
300053,0,30000047,134,2.0,0,2.0,"",230.0,230.0,399.0
300053,0,30000047,238,2.0,0,2.0,"",230.0,230.0,399.0
300053,0,30000047,351,2.0,0,2.0,"",230.0,230.0,399.0
300053,0,30000047,353,2.0,0,2.0,"",230.0,230.0,399.0
300053,0,30000047,445,2.0,0,2.0,"",230.0,230.0,399.0
300053,0,30000047,2553,2.0,0,2.0,"",230.0,230.0,399.0
300053,0,30000047,3066,2.0,0,2.0,"",230.0,230.0,399.0
300053,0,30000048,94,2.0,0,2.0,"",230.0,230.0,399.0
300053,0,30000048,134,2.0,0,2.0,"",230.0,230.0,399.0
300053,0,30000048,238,2.0,0,2.0,"",230.0,230.0,399.0
300053,0,30000048,351,2.0,0,2.0,"",230.0,230.0,399.0
300053,0,30000048,353,2.0,0,2.0,"",230.0,230.0,399.0
300053,0,30000048,445,2.0,0,2.0,"",230.0,230.0,399.0
300053,0,30000048,2553,2.0,0,2.0,"",230.0,230.0,399.0
300053,0,30000048,3066,2.0,0,2.0,"",230.0,230.0,399.0
300053,0,30000049,94,2.0,0,2.0,"",230.0,230.0,399.0
300053,0,30000049,134,2.0,0,2.0,"",230.0,230.0,399.0
300053,0,30000049,238,2.0,0,2.0,"",230.0,230.0,399.0
300053,0,30000049,351,2.0,0,2.0,"",230.0,230.0,399.0
300053,0,30000049,353,2.0,0,2.0,"",230.0,230.0,399.0
300053,0,30000049,445,1.0,0,1.0,"",230.0,230.0,399.0
300053,0,30000049,2553,1.0,0,1.0,"",230.0,230.0,399.0
300053,0,30000049,3066,1.0,0,1.0,"",230.0,230.0,399.0
300054,0,30000046,14,1.0,0,1.0,"",230.0,230.0,399.0
300054,0,30000046,145,1.0,0,1.0,"",230.0,230.0,399.0
300054,0,30000046,241,1.0,0,1.0,"",230.0,230.0,399.0
300054,0,30000046,275,1.0,0,1.0,"",230.0,230.0,399.0
300054,0,30000046,432,1.0,0,1.0,"",230.0,230.0,399.0
300054,0,30000046,440,1.0,0,1.0,"",230.0,230.0,399.0
300054,0,30000046,1887,1.0,0,1.0,"",230.0,230.0,399.0
300054,0,30000046,1888,1.0,0,1.0,"",230.0,230.0,399.0
300054,0,30000047,14,2.0,0,2.0,"",230.0,230.0,399.0
300054,0,30000047,145,2.0,0,2.0,"",230.0,230.0,399.0
300054,0,30000047,241,2.0,0,2.0,"",230.0,230.0,399.0
300054,0,30000047,275,2.0,0,2.0,"",230.0,230.0,399.0
300054,0,30000047,432,2.0,0,2.0,"",230.0,230.0,399.0
300054,0,30000047,440,2.0,0,2.0,"",230.0,230.0,399.0
300054,0,30000047,1887,2.0,0,2.0,"",230.0,230.0,399.0
300054,0,30000047,1888,2.0,0,2.0,"",230.0,230.0,399.0
300054,0,30000048,14,2.0,0,2.0,"",230.0,230.0,399.0
300054,0,30000048,145,2.0,0,2.0,"",230.0,230.0,399.0
300054,0,30000048,241,2.0,0,2.0,"",230.0,230.0,399.0
300054,0,30000048,275,2.0,0,2.0,"",230.0,230.0,399.0
300054,0,30000048,432,2.0,0,2.0,"",230.0,230.0,399.0
300054,0,30000048,440,2.0,0,2.0,"",230.0,230.0,399.0
300054,0,30000048,1887,2.0,0,2.0,"",230.0,230.0,399.0
300054,0,30000048,1888,2.0,0,2.0,"",230.0,230.0,399.0
300054,0,30000049,14,2.0,0,2.0,"",230.0,230.0,399.0
300054,0,30000049,145,2.0,0,2.0,"",230.0,230.0,399.0
300054,0,30000049,241,2.0,0,2.0,"",230.0,230.0,399.0
300054,0,30000049,275,2.0,0,2.0,"",230.0,230.0,399.0
300054,0,30000049,432,1.0,0,1.0,"",230.0,230.0,399.0
300054,0,30000049,440,1.0,0,1.0,"",230.0,230.0,399.0
300054,0,30000049,1887,1.0,0,1.0,"",230.0,230.0,399.0
300054,0,30000049,1888,1.0,0,1.0,"",230.0,230.0,399.0
300055,0,30000046,130,1.0,0,1.0,"",230.0,230.0,399.0
300055,0,30000046,148,1.0,0,1.0,"",230.0,230.0,399.0
300055,0,30000046,270,1.0,0,1.0,"",230.0,230.0,399.0
300055,0,30000046,452,1.0,0,1.0,"",230.0,230.0,399.0
300055,0,30000046,2552,1.0,0,1.0,"",230.0,230.0,399.0
300055,0,30000046,3068,1.0,0,1.0,"",230.0,230.0,399.0
300055,0,30000047,130,2.0,0,2.0,"",230.0,230.0,399.0
300055,0,30000047,148,2.0,0,2.0,"",230.0,230.0,399.0
300055,0,30000047,270,2.0,0,2.0,"",230.0,230.0,399.0
300055,0,30000047,452,2.0,0,2.0,"",230.0,230.0,399.0
300055,0,30000047,2552,2.0,0,2.0,"",230.0,230.0,399.0
300055,0,30000047,3068,2.0,0,2.0,"",230.0,230.0,399.0
300055,0,30000048,130,2.0,0,2.0,"",230.0,230.0,399.0
300055,0,30000048,148,2.0,0,2.0,"",230.0,230.0,399.0
300055,0,30000048,270,2.0,0,2.0,"",230.0,230.0,399.0
300055,0,30000048,452,2.0,0,2.0,"",230.0,230.0,399.0
300055,0,30000048,2552,2.0,0,2.0,"",230.0,230.0,399.0
300055,0,30000048,3068,2.0,0,2.0,"",230.0,230.0,399.0
300055,0,30000049,130,2.0,0,2.0,"",230.0,230.0,399.0
300055,0,30000049,148,2.0,0,2.0,"",230.0,230.0,399.0
300055,0,30000049,270,2.0,0,2.0,"",230.0,230.0,399.0
300055,0,30000049,452,1.0,0,1.0,"",230.0,230.0,399.0
300055,0,30000049,2552,1.0,0,1.0,"",230.0,230.0,399.0
300055,0,30000049,3068,1.0,0,1.0,"",230.0,230.0,399.0
300056,0,30000046,32,1.0,0,1.0,"",230.0,230.0,399.0
300056,0,30000046,50,1.0,0,1.0,"",230.0,230.0,399.0
300056,0,30000046,142,1.0,0,1.0,"",230.0,230.0,399.0
300056,0,30000046,149,1.0,0,1.0,"",230.0,230.0,399.0
300056,0,30000046,352,1.0,0,1.0,"",230.0,230.0,399.0
300056,0,30000046,1663,1.0,0,1.0,"",230.0,230.0,399.0
300056,0,30000046,2267,1.0,0,1.0,"",230.0,230.0,399.0
300056,0,30000047,32,2.0,0,2.0,"",230.0,230.0,399.0
300056,0,30000047,50,2.0,0,2.0,"",230.0,230.0,399.0
300056,0,30000047,142,2.0,0,2.0,"",230.0,230.0,399.0
300056,0,30000047,149,2.0,0,2.0,"",230.0,230.0,399.0
300056,0,30000047,352,2.0,0,2.0,"",230.0,230.0,399.0
300056,0,30000047,1663,2.0,0,2.0,"",230.0,230.0,399.0
300056,0,30000047,2267,2.0,0,2.0,"",230.0,230.0,399.0
300056,0,30000048,32,2.0,0,2.0,"",230.0,230.0,399.0
300056,0,30000048,50,2.0,0,2.0,"",230.0,230.0,399.0
300056,0,30000048,142,2.0,0,2.0,"",230.0,230.0,399.0
300056,0,30000048,149,2.0,0,2.0,"",230.0,230.0,399.0
300056,0,30000048,352,2.0,0,2.0,"",230.0,230.0,399.0
300056,0,30000048,1663,2.0,0,2.0,"",230.0,230.0,399.0
300056,0,30000048,2267,2.0,0,2.0,"",230.0,230.0,399.0
300056,0,30000049,32,2.0,0,2.0,"",230.0,230.0,399.0
300056,0,30000049,50,2.0,0,2.0,"",230.0,230.0,399.0
300056,0,30000049,142,2.0,0,2.0,"",230.0,230.0,399.0
300056,0,30000049,149,2.0,0,2.0,"",230.0,230.0,399.0
300056,0,30000049,352,2.0,0,2.0,"",230.0,230.0,399.0
300056,0,30000049,1663,1.0,0,1.0,"",230.0,230.0,399.0
300056,0,30000049,2267,1.0,0,1.0,"",230.0,230.0,399.0
300057,0,30000046,95,1.0,0,1.0,"",230.0,230.0,399.0
300057,0,30000046,120,1.0,0,1.0,"",230.0,230.0,399.0
300057,0,30000046,1063,1.0,0,1.0,"",230.0,230.0,399.0
300057,0,30000046,1090,1.0,0,1.0,"",230.0,230.0,399.0
300057,0,30000046,2203,1.0,0,1.0,"",230.0,230.0,399.0
300057,0,30000046,2592,1.0,0,1.0,"",230.0,230.0,399.0
300057,0,30000046,3067,1.0,0,1.0,"",230.0,230.0,399.0
300057,0,30000047,95,2.0,0,2.0,"",230.0,230.0,399.0
300057,0,30000047,120,2.0,0,2.0,"",230.0,230.0,399.0
300057,0,30000047,1063,2.0,0,2.0,"",230.0,230.0,399.0
300057,0,30000047,1090,2.0,0,2.0,"",230.0,230.0,399.0
300057,0,30000047,2203,2.0,0,2.0,"",230.0,230.0,399.0
300057,0,30000047,2592,2.0,0,2.0,"",230.0,230.0,399.0
300057,0,30000047,3067,2.0,0,2.0,"",230.0,230.0,399.0
300057,0,30000048,95,2.0,0,2.0,"",230.0,230.0,399.0
300057,0,30000048,120,2.0,0,2.0,"",230.0,230.0,399.0
300057,0,30000048,1063,2.0,0,2.0,"",230.0,230.0,399.0
300057,0,30000048,1090,2.0,0,2.0,"",230.0,230.0,399.0
300057,0,30000048,2203,2.0,0,2.0,"",230.0,230.0,399.0
300057,0,30000048,2592,2.0,0,2.0,"",230.0,230.0,399.0
300057,0,30000048,3067,2.0,0,2.0,"",230.0,230.0,399.0
300057,0,30000049,95,2.0,0,2.0,"",230.0,230.0,399.0
300057,0,30000049,120,2.0,0,2.0,"",230.0,230.0,399.0
300057,0,30000049,1063,1.0,0,1.0,"",230.0,230.0,399.0
300057,0,30000049,1090,1.0,0,1.0,"",230.0,230.0,399.0
300057,0,30000049,2203,1.0,0,1.0,"",230.0,230.0,399.0
300057,0,30000049,2592,1.0,0,1.0,"",230.0,230.0,399.0
300057,0,30000049,3067,1.0,0,1.0,"",230.0,230.0,399.0
300058,0,30000051,1,2.0,0,2.0,"",270.0,270.0,599.0
300058,0,30000051,6,2.0,0,2.0,"",270.0,270.0,599.0
300058,0,30000051,15,2.0,0,2.0,"",270.0,270.0,599.0
300058,0,30000051,277,1.0,0,1.0,"",270.0,270.0,599.0
300058,0,30000051,448,1.0,0,1.0,"",270.0,270.0,599.0
300058,0,30000051,855,1.0,0,1.0,"",270.0,270.0,599.0
300058,0,30000051,1268,1.0,0,1.0,"",270.0,270.0,599.0
300058,0,30000051,1896,1.0,0,1.0,"",270.0,270.0,599.0
300058,0,30000052,1,3.0,0,3.0,"",270.0,270.0,599.0
300058,0,30000052,6,3.0,0,3.0,"",270.0,270.0,599.0
300058,0,30000052,15,3.0,0,3.0,"",270.0,270.0,599.0
300058,0,30000052,277,3.0,0,3.0,"",270.0,270.0,599.0
300058,0,30000052,448,2.0,0,2.0,"",270.0,270.0,599.0
300058,0,30000052,855,2.0,0,2.0,"",270.0,270.0,599.0
300058,0,30000052,1268,2.0,0,2.0,"",270.0,270.0,599.0
300058,0,30000052,1896,2.0,0,2.0,"",270.0,270.0,599.0
300058,0,30000053,1,3.0,0,3.0,"",270.0,270.0,599.0
300058,0,30000053,6,3.0,0,3.0,"",270.0,270.0,599.0
300058,0,30000053,15,3.0,0,3.0,"",270.0,270.0,599.0
300058,0,30000053,277,3.0,0,3.0,"",270.0,270.0,599.0
300058,0,30000053,448,2.0,0,2.0,"",270.0,270.0,599.0
300058,0,30000053,855,2.0,0,2.0,"",270.0,270.0,599.0
300058,0,30000053,1268,2.0,0,2.0,"",270.0,270.0,599.0
300058,0,30000053,1896,2.0,0,2.0,"",270.0,270.0,599.0
300058,0,30000054,1,2.0,0,2.0,"",270.0,270.0,599.0
300058,0,30000054,6,2.0,0,2.0,"",270.0,270.0,599.0
300058,0,30000054,15,2.0,0,2.0,"",270.0,270.0,599.0
300058,0,30000054,277,1.0,0,1.0,"",270.0,270.0,599.0
300058,0,30000054,448,1.0,0,1.0,"",270.0,270.0,599.0
300058,0,30000054,855,1.0,0,1.0,"",270.0,270.0,599.0
300058,0,30000054,1268,1.0,0,1.0,"",270.0,270.0,599.0
300058,0,30000054,1896,1.0,0,1.0,"",270.0,270.0,599.0
300058,0,30000055,1,2.0,0,2.0,"",270.0,270.0,599.0
300058,0,30000055,6,2.0,0,2.0,"",270.0,270.0,599.0
300058,0,30000055,15,2.0,0,2.0,"",270.0,270.0,599.0
300058,0,30000055,277,1.0,0,1.0,"",270.0,270.0,599.0
300058,0,30000055,448,1.0,0,1.0,"",270.0,270.0,599.0
300058,0,30000055,855,1.0,0,1.0,"",270.0,270.0,599.0
300058,0,30000055,1268,1.0,0,1.0,"",270.0,270.0,599.0
300058,0,30000055,1896,1.0,0,1.0,"",270.0,270.0,599.0
300059,0,30000051,2,2.0,0,2.0,"",270.0,270.0,599.0
300059,0,30000051,9,2.0,0,2.0,"",270.0,270.0,599.0
300059,0,30000051,46,2.0,0,2.0,"",270.0,270.0,599.0
300059,0,30000051,228,1.0,0,1.0,"",270.0,270.0,599.0
300059,0,30000051,276,1.0,0,1.0,"",270.0,270.0,599.0
300059,0,30000051,1875,1.0,0,1.0,"",270.0,270.0,599.0
300059,0,30000051,3065,1.0,0,1.0,"",270.0,270.0,599.0
300059,0,30000051,3574,1.0,0,1.0,"",270.0,270.0,599.0
300059,0,30000052,2,3.0,0,3.0,"",270.0,270.0,599.0
300059,0,30000052,9,3.0,0,3.0,"",270.0,270.0,599.0
300059,0,30000052,46,3.0,0,3.0,"",270.0,270.0,599.0
300059,0,30000052,228,3.0,0,3.0,"",270.0,270.0,599.0
300059,0,30000052,276,3.0,0,3.0,"",270.0,270.0,599.0
300059,0,30000052,1875,2.0,0,2.0,"",270.0,270.0,599.0
300059,0,30000052,3065,2.0,0,2.0,"",270.0,270.0,599.0
300059,0,30000052,3574,2.0,0,2.0,"",270.0,270.0,599.0
300059,0,30000053,2,3.0,0,3.0,"",270.0,270.0,599.0
300059,0,30000053,9,3.0,0,3.0,"",270.0,270.0,599.0
300059,0,30000053,46,3.0,0,3.0,"",270.0,270.0,599.0
300059,0,30000053,228,3.0,0,3.0,"",270.0,270.0,599.0
300059,0,30000053,276,3.0,0,3.0,"",270.0,270.0,599.0
300059,0,30000053,1875,2.0,0,2.0,"",270.0,270.0,599.0
300059,0,30000053,3065,2.0,0,2.0,"",270.0,270.0,599.0
300059,0,30000053,3574,2.0,0,2.0,"",270.0,270.0,599.0
300059,0,30000054,2,2.0,0,2.0,"",270.0,270.0,599.0
300059,0,30000054,9,2.0,0,2.0,"",270.0,270.0,599.0
300059,0,30000054,46,2.0,0,2.0,"",270.0,270.0,599.0
300059,0,30000054,228,1.0,0,1.0,"",270.0,270.0,599.0
300059,0,30000054,276,1.0,0,1.0,"",270.0,270.0,599.0
300059,0,30000054,1875,1.0,0,1.0,"",270.0,270.0,599.0
300059,0,30000054,3065,1.0,0,1.0,"",270.0,270.0,599.0
300059,0,30000054,3574,1.0,0,1.0,"",270.0,270.0,599.0
300059,0,30000055,2,2.0,0,2.0,"",270.0,270.0,599.0
300059,0,30000055,9,2.0,0,2.0,"",270.0,270.0,599.0
300059,0,30000055,46,2.0,0,2.0,"",270.0,270.0,599.0
300059,0,30000055,228,1.0,0,1.0,"",270.0,270.0,599.0
300059,0,30000055,276,1.0,0,1.0,"",270.0,270.0,599.0
300059,0,30000055,1875,1.0,0,1.0,"",270.0,270.0,599.0
300059,0,30000055,3065,1.0,0,1.0,"",270.0,270.0,599.0
300059,0,30000055,3574,1.0,0,1.0,"",270.0,270.0,599.0
300060,0,30000051,3,2.0,0,2.0,"",270.0,270.0,599.0
300060,0,30000051,65,2.0,0,2.0,"",270.0,270.0,599.0
300060,0,30000051,73,2.0,0,2.0,"",270.0,270.0,599.0
300060,0,30000051,156,1.0,0,1.0,"",270.0,270.0,599.0
300060,0,30000051,245,1.0,0,1.0,"",270.0,270.0,599.0
300060,0,30000051,1132,1.0,0,1.0,"",270.0,270.0,599.0
300060,0,30000051,1204,1.0,0,1.0,"",270.0,270.0,599.0
300060,0,30000052,3,3.0,0,3.0,"",270.0,270.0,599.0
300060,0,30000052,65,3.0,0,3.0,"",270.0,270.0,599.0
300060,0,30000052,73,3.0,0,3.0,"",270.0,270.0,599.0
300060,0,30000052,156,3.0,0,3.0,"",270.0,270.0,599.0
300060,0,30000052,245,3.0,0,3.0,"",270.0,270.0,599.0
300060,0,30000052,1132,2.0,0,2.0,"",270.0,270.0,599.0
300060,0,30000052,1204,2.0,0,2.0,"",270.0,270.0,599.0
300060,0,30000053,3,3.0,0,3.0,"",270.0,270.0,599.0
300060,0,30000053,65,3.0,0,3.0,"",270.0,270.0,599.0
300060,0,30000053,73,3.0,0,3.0,"",270.0,270.0,599.0
300060,0,30000053,156,3.0,0,3.0,"",270.0,270.0,599.0
300060,0,30000053,245,3.0,0,3.0,"",270.0,270.0,599.0
300060,0,30000053,1132,2.0,0,2.0,"",270.0,270.0,599.0
300060,0,30000053,1204,2.0,0,2.0,"",270.0,270.0,599.0
300060,0,30000054,3,2.0,0,2.0,"",270.0,270.0,599.0
300060,0,30000054,65,2.0,0,2.0,"",270.0,270.0,599.0
300060,0,30000054,73,2.0,0,2.0,"",270.0,270.0,599.0
300060,0,30000054,156,1.0,0,1.0,"",270.0,270.0,599.0
300060,0,30000054,245,1.0,0,1.0,"",270.0,270.0,599.0
300060,0,30000054,1132,1.0,0,1.0,"",270.0,270.0,599.0
300060,0,30000054,1204,1.0,0,1.0,"",270.0,270.0,599.0
300060,0,30000055,3,2.0,0,2.0,"",270.0,270.0,599.0
300060,0,30000055,65,2.0,0,2.0,"",270.0,270.0,599.0
300060,0,30000055,73,2.0,0,2.0,"",270.0,270.0,599.0
300060,0,30000055,156,1.0,0,1.0,"",270.0,270.0,599.0
300060,0,30000055,245,1.0,0,1.0,"",270.0,270.0,599.0
300060,0,30000055,1132,1.0,0,1.0,"",270.0,270.0,599.0
300060,0,30000055,1204,1.0,0,1.0,"",270.0,270.0,599.0
300061,0,30000051,138,1.0,0,1.0,"",270.0,270.0,599.0
300061,0,30000051,274,1.0,0,1.0,"",270.0,270.0,599.0
300061,0,30000051,457,1.0,0,1.0,"",270.0,270.0,599.0
300061,0,30000051,1267,1.0,0,1.0,"",270.0,270.0,599.0
300061,0,30000051,1296,1.0,0,1.0,"",270.0,270.0,599.0
300061,0,30000051,1425,1.0,0,1.0,"",270.0,270.0,599.0
300061,0,30000051,2268,1.0,0,1.0,"",270.0,270.0,599.0
300061,0,30000052,138,3.0,0,3.0,"",270.0,270.0,599.0
300061,0,30000052,274,3.0,0,3.0,"",270.0,270.0,599.0
300061,0,30000052,457,2.0,0,2.0,"",270.0,270.0,599.0
300061,0,30000052,1267,2.0,0,2.0,"",270.0,270.0,599.0
300061,0,30000052,1296,2.0,0,2.0,"",270.0,270.0,599.0
300061,0,30000052,1425,2.0,0,2.0,"",270.0,270.0,599.0
300061,0,30000052,2268,2.0,0,2.0,"",270.0,270.0,599.0
300061,0,30000053,138,3.0,0,3.0,"",270.0,270.0,599.0
300061,0,30000053,274,3.0,0,3.0,"",270.0,270.0,599.0
300061,0,30000053,457,2.0,0,2.0,"",270.0,270.0,599.0
300061,0,30000053,1267,2.0,0,2.0,"",270.0,270.0,599.0
300061,0,30000053,1296,2.0,0,2.0,"",270.0,270.0,599.0
300061,0,30000053,1425,2.0,0,2.0,"",270.0,270.0,599.0
300061,0,30000053,2268,2.0,0,2.0,"",270.0,270.0,599.0
300061,0,30000054,138,1.0,0,1.0,"",270.0,270.0,599.0
300061,0,30000054,274,1.0,0,1.0,"",270.0,270.0,599.0
300061,0,30000054,457,1.0,0,1.0,"",270.0,270.0,599.0
300061,0,30000054,1267,1.0,0,1.0,"",270.0,270.0,599.0
300061,0,30000054,1296,1.0,0,1.0,"",270.0,270.0,599.0
300061,0,30000054,1425,1.0,0,1.0,"",270.0,270.0,599.0
300061,0,30000054,2268,1.0,0,1.0,"",270.0,270.0,599.0
300061,0,30000055,138,1.0,0,1.0,"",270.0,270.0,599.0
300061,0,30000055,274,1.0,0,1.0,"",270.0,270.0,599.0
300061,0,30000055,457,1.0,0,1.0,"",270.0,270.0,599.0
300061,0,30000055,1267,1.0,0,1.0,"",270.0,270.0,599.0
300061,0,30000055,1296,1.0,0,1.0,"",270.0,270.0,599.0
300061,0,30000055,1425,1.0,0,1.0,"",270.0,270.0,599.0
300061,0,30000055,2268,1.0,0,1.0,"",270.0,270.0,599.0
300062,0,30000051,94,2.0,0,2.0,"",270.0,270.0,599.0
300062,0,30000051,134,2.0,0,2.0,"",270.0,270.0,599.0
300062,0,30000051,238,1.0,0,1.0,"",270.0,270.0,599.0
300062,0,30000051,351,1.0,0,1.0,"",270.0,270.0,599.0
300062,0,30000051,353,1.0,0,1.0,"",270.0,270.0,599.0
300062,0,30000051,445,1.0,0,1.0,"",270.0,270.0,599.0
300062,0,30000051,2553,1.0,0,1.0,"",270.0,270.0,599.0
300062,0,30000051,3066,1.0,0,1.0,"",270.0,270.0,599.0
300062,0,30000052,94,3.0,0,3.0,"",270.0,270.0,599.0
300062,0,30000052,134,3.0,0,3.0,"",270.0,270.0,599.0
300062,0,30000052,238,3.0,0,3.0,"",270.0,270.0,599.0
300062,0,30000052,351,3.0,0,3.0,"",270.0,270.0,599.0
300062,0,30000052,353,2.0,0,2.0,"",270.0,270.0,599.0
300062,0,30000052,445,2.0,0,2.0,"",270.0,270.0,599.0
300062,0,30000052,2553,2.0,0,2.0,"",270.0,270.0,599.0
300062,0,30000052,3066,2.0,0,2.0,"",270.0,270.0,599.0
300062,0,30000053,94,3.0,0,3.0,"",270.0,270.0,599.0
300062,0,30000053,134,3.0,0,3.0,"",270.0,270.0,599.0
300062,0,30000053,238,3.0,0,3.0,"",270.0,270.0,599.0
300062,0,30000053,351,3.0,0,3.0,"",270.0,270.0,599.0
300062,0,30000053,353,2.0,0,2.0,"",270.0,270.0,599.0
300062,0,30000053,445,2.0,0,2.0,"",270.0,270.0,599.0
300062,0,30000053,2553,2.0,0,2.0,"",270.0,270.0,599.0
300062,0,30000053,3066,2.0,0,2.0,"",270.0,270.0,599.0
300062,0,30000054,94,2.0,0,2.0,"",270.0,270.0,599.0
300062,0,30000054,134,2.0,0,2.0,"",270.0,270.0,599.0
300062,0,30000054,238,1.0,0,1.0,"",270.0,270.0,599.0
300062,0,30000054,351,1.0,0,1.0,"",270.0,270.0,599.0
300062,0,30000054,353,1.0,0,1.0,"",270.0,270.0,599.0
300062,0,30000054,445,1.0,0,1.0,"",270.0,270.0,599.0
300062,0,30000054,2553,1.0,0,1.0,"",270.0,270.0,599.0
300062,0,30000054,3066,1.0,0,1.0,"",270.0,270.0,599.0
300062,0,30000055,94,2.0,0,2.0,"",270.0,270.0,599.0
300062,0,30000055,134,2.0,0,2.0,"",270.0,270.0,599.0
300062,0,30000055,238,1.0,0,1.0,"",270.0,270.0,599.0
300062,0,30000055,351,1.0,0,1.0,"",270.0,270.0,599.0
300062,0,30000055,353,1.0,0,1.0,"",270.0,270.0,599.0
300062,0,30000055,445,1.0,0,1.0,"",270.0,270.0,599.0
300062,0,30000055,2553,1.0,0,1.0,"",270.0,270.0,599.0
300062,0,30000055,3066,1.0,0,1.0,"",270.0,270.0,599.0
300063,0,30000051,14,2.0,0,2.0,"",270.0,270.0,599.0
300063,0,30000051,145,1.0,0,1.0,"",270.0,270.0,599.0
300063,0,30000051,241,1.0,0,1.0,"",270.0,270.0,599.0
300063,0,30000051,275,1.0,0,1.0,"",270.0,270.0,599.0
300063,0,30000051,432,1.0,0,1.0,"",270.0,270.0,599.0
300063,0,30000051,440,1.0,0,1.0,"",270.0,270.0,599.0
300063,0,30000051,1887,1.0,0,1.0,"",270.0,270.0,599.0
300063,0,30000051,1888,1.0,0,1.0,"",270.0,270.0,599.0
300063,0,30000052,14,3.0,0,3.0,"",270.0,270.0,599.0
300063,0,30000052,145,3.0,0,3.0,"",270.0,270.0,599.0
300063,0,30000052,241,3.0,0,3.0,"",270.0,270.0,599.0
300063,0,30000052,275,3.0,0,3.0,"",270.0,270.0,599.0
300063,0,30000052,432,2.0,0,2.0,"",270.0,270.0,599.0
300063,0,30000052,440,2.0,0,2.0,"",270.0,270.0,599.0
300063,0,30000052,1887,2.0,0,2.0,"",270.0,270.0,599.0
300063,0,30000052,1888,2.0,0,2.0,"",270.0,270.0,599.0
300063,0,30000053,14,3.0,0,3.0,"",270.0,270.0,599.0
300063,0,30000053,145,3.0,0,3.0,"",270.0,270.0,599.0
300063,0,30000053,241,3.0,0,3.0,"",270.0,270.0,599.0
300063,0,30000053,275,3.0,0,3.0,"",270.0,270.0,599.0
300063,0,30000053,432,2.0,0,2.0,"",270.0,270.0,599.0
300063,0,30000053,440,2.0,0,2.0,"",270.0,270.0,599.0
300063,0,30000053,1887,2.0,0,2.0,"",270.0,270.0,599.0
300063,0,30000053,1888,2.0,0,2.0,"",270.0,270.0,599.0
300063,0,30000054,14,2.0,0,2.0,"",270.0,270.0,599.0
300063,0,30000054,145,1.0,0,1.0,"",270.0,270.0,599.0
300063,0,30000054,241,1.0,0,1.0,"",270.0,270.0,599.0
300063,0,30000054,275,1.0,0,1.0,"",270.0,270.0,599.0
300063,0,30000054,432,1.0,0,1.0,"",270.0,270.0,599.0
300063,0,30000054,440,1.0,0,1.0,"",270.0,270.0,599.0
300063,0,30000054,1887,1.0,0,1.0,"",270.0,270.0,599.0
300063,0,30000054,1888,1.0,0,1.0,"",270.0,270.0,599.0
300063,0,30000055,14,2.0,0,2.0,"",270.0,270.0,599.0
300063,0,30000055,145,1.0,0,1.0,"",270.0,270.0,599.0
300063,0,30000055,241,1.0,0,1.0,"",270.0,270.0,599.0
300063,0,30000055,275,1.0,0,1.0,"",270.0,270.0,599.0
300063,0,30000055,432,1.0,0,1.0,"",270.0,270.0,599.0
300063,0,30000055,440,1.0,0,1.0,"",270.0,270.0,599.0
300063,0,30000055,1887,1.0,0,1.0,"",270.0,270.0,599.0
300063,0,30000055,1888,1.0,0,1.0,"",270.0,270.0,599.0
300064,0,30000051,130,2.0,0,2.0,"",270.0,270.0,599.0
300064,0,30000051,148,1.0,0,1.0,"",270.0,270.0,599.0
300064,0,30000051,270,1.0,0,1.0,"",270.0,270.0,599.0
300064,0,30000051,452,1.0,0,1.0,"",270.0,270.0,599.0
300064,0,30000051,2552,1.0,0,1.0,"",270.0,270.0,599.0
300064,0,30000051,3068,1.0,0,1.0,"",270.0,270.0,599.0
300064,0,30000052,130,3.0,0,3.0,"",270.0,270.0,599.0
300064,0,30000052,148,3.0,0,3.0,"",270.0,270.0,599.0
300064,0,30000052,270,3.0,0,3.0,"",270.0,270.0,599.0
300064,0,30000052,452,2.0,0,2.0,"",270.0,270.0,599.0
300064,0,30000052,2552,2.0,0,2.0,"",270.0,270.0,599.0
300064,0,30000052,3068,2.0,0,2.0,"",270.0,270.0,599.0
300064,0,30000053,130,3.0,0,3.0,"",270.0,270.0,599.0
300064,0,30000053,148,3.0,0,3.0,"",270.0,270.0,599.0
300064,0,30000053,270,3.0,0,3.0,"",270.0,270.0,599.0
300064,0,30000053,452,2.0,0,2.0,"",270.0,270.0,599.0
300064,0,30000053,2552,2.0,0,2.0,"",270.0,270.0,599.0
300064,0,30000053,3068,2.0,0,2.0,"",270.0,270.0,599.0
300064,0,30000054,130,2.0,0,2.0,"",270.0,270.0,599.0
300064,0,30000054,148,1.0,0,1.0,"",270.0,270.0,599.0
300064,0,30000054,270,1.0,0,1.0,"",270.0,270.0,599.0
300064,0,30000054,452,1.0,0,1.0,"",270.0,270.0,599.0
300064,0,30000054,2552,1.0,0,1.0,"",270.0,270.0,599.0
300064,0,30000054,3068,1.0,0,1.0,"",270.0,270.0,599.0
300064,0,30000055,130,2.0,0,2.0,"",270.0,270.0,599.0
300064,0,30000055,148,1.0,0,1.0,"",270.0,270.0,599.0
300064,0,30000055,270,1.0,0,1.0,"",270.0,270.0,599.0
300064,0,30000055,452,1.0,0,1.0,"",270.0,270.0,599.0
300064,0,30000055,2552,1.0,0,1.0,"",270.0,270.0,599.0
300064,0,30000055,3068,1.0,0,1.0,"",270.0,270.0,599.0
300065,0,30000051,32,2.0,0,2.0,"",270.0,270.0,599.0
300065,0,30000051,50,2.0,0,2.0,"",270.0,270.0,599.0
300065,0,30000051,142,1.0,0,1.0,"",270.0,270.0,599.0
300065,0,30000051,149,1.0,0,1.0,"",270.0,270.0,599.0
300065,0,30000051,352,1.0,0,1.0,"",270.0,270.0,599.0
300065,0,30000051,1663,1.0,0,1.0,"",270.0,270.0,599.0
300065,0,30000051,2267,1.0,0,1.0,"",270.0,270.0,599.0
300065,0,30000052,32,3.0,0,3.0,"",270.0,270.0,599.0
300065,0,30000052,50,3.0,0,3.0,"",270.0,270.0,599.0
300065,0,30000052,142,3.0,0,3.0,"",270.0,270.0,599.0
300065,0,30000052,149,3.0,0,3.0,"",270.0,270.0,599.0
300065,0,30000052,352,3.0,0,3.0,"",270.0,270.0,599.0
300065,0,30000052,1663,2.0,0,2.0,"",270.0,270.0,599.0
300065,0,30000052,2267,2.0,0,2.0,"",270.0,270.0,599.0
300065,0,30000053,32,3.0,0,3.0,"",270.0,270.0,599.0
300065,0,30000053,50,3.0,0,3.0,"",270.0,270.0,599.0
300065,0,30000053,142,3.0,0,3.0,"",270.0,270.0,599.0
300065,0,30000053,149,3.0,0,3.0,"",270.0,270.0,599.0
300065,0,30000053,352,3.0,0,3.0,"",270.0,270.0,599.0
300065,0,30000053,1663,2.0,0,2.0,"",270.0,270.0,599.0
300065,0,30000053,2267,2.0,0,2.0,"",270.0,270.0,599.0
300065,0,30000054,32,2.0,0,2.0,"",270.0,270.0,599.0
300065,0,30000054,50,2.0,0,2.0,"",270.0,270.0,599.0
300065,0,30000054,142,1.0,0,1.0,"",270.0,270.0,599.0
300065,0,30000054,149,1.0,0,1.0,"",270.0,270.0,599.0
300065,0,30000054,352,1.0,0,1.0,"",270.0,270.0,599.0
300065,0,30000054,1663,1.0,0,1.0,"",270.0,270.0,599.0
300065,0,30000054,2267,1.0,0,1.0,"",270.0,270.0,599.0
300065,0,30000055,32,2.0,0,2.0,"",270.0,270.0,599.0
300065,0,30000055,50,2.0,0,2.0,"",270.0,270.0,599.0
300065,0,30000055,142,1.0,0,1.0,"",270.0,270.0,599.0
300065,0,30000055,149,1.0,0,1.0,"",270.0,270.0,599.0
300065,0,30000055,352,1.0,0,1.0,"",270.0,270.0,599.0
300065,0,30000055,1663,1.0,0,1.0,"",270.0,270.0,599.0
300065,0,30000055,2267,1.0,0,1.0,"",270.0,270.0,599.0
300066,0,30000051,95,2.0,0,2.0,"",270.0,270.0,599.0
300066,0,30000051,120,2.0,0,2.0,"",270.0,270.0,599.0
300066,0,30000051,1063,1.0,0,1.0,"",270.0,270.0,599.0
300066,0,30000051,1090,1.0,0,1.0,"",270.0,270.0,599.0
300066,0,30000051,2203,1.0,0,1.0,"",270.0,270.0,599.0
300066,0,30000051,2592,1.0,0,1.0,"",270.0,270.0,599.0
300066,0,30000051,3067,1.0,0,1.0,"",270.0,270.0,599.0
300066,0,30000052,95,3.0,0,3.0,"",270.0,270.0,599.0
300066,0,30000052,120,3.0,0,3.0,"",270.0,270.0,599.0
300066,0,30000052,1063,2.0,0,2.0,"",270.0,270.0,599.0
300066,0,30000052,1090,2.0,0,2.0,"",270.0,270.0,599.0
300066,0,30000052,2203,2.0,0,2.0,"",270.0,270.0,599.0
300066,0,30000052,2592,2.0,0,2.0,"",270.0,270.0,599.0
300066,0,30000052,3067,2.0,0,2.0,"",270.0,270.0,599.0
300066,0,30000053,95,3.0,0,3.0,"",270.0,270.0,599.0
300066,0,30000053,120,3.0,0,3.0,"",270.0,270.0,599.0
300066,0,30000053,1063,2.0,0,2.0,"",270.0,270.0,599.0
300066,0,30000053,1090,2.0,0,2.0,"",270.0,270.0,599.0
300066,0,30000053,2203,2.0,0,2.0,"",270.0,270.0,599.0
300066,0,30000053,2592,2.0,0,2.0,"",270.0,270.0,599.0
300066,0,30000053,3067,2.0,0,2.0,"",270.0,270.0,599.0
300066,0,30000054,95,2.0,0,2.0,"",270.0,270.0,599.0
300066,0,30000054,120,2.0,0,2.0,"",270.0,270.0,599.0
300066,0,30000054,1063,1.0,0,1.0,"",270.0,270.0,599.0
300066,0,30000054,1090,1.0,0,1.0,"",270.0,270.0,599.0
300066,0,30000054,2203,1.0,0,1.0,"",270.0,270.0,599.0
300066,0,30000054,2592,1.0,0,1.0,"",270.0,270.0,599.0
300066,0,30000054,3067,1.0,0,1.0,"",270.0,270.0,599.0
300066,0,30000055,95,2.0,0,2.0,"",270.0,270.0,599.0
300066,0,30000055,120,2.0,0,2.0,"",270.0,270.0,599.0
300066,0,30000055,1063,1.0,0,1.0,"",270.0,270.0,599.0
300066,0,30000055,1090,1.0,0,1.0,"",270.0,270.0,599.0
300066,0,30000055,2203,1.0,0,1.0,"",270.0,270.0,599.0
300066,0,30000055,2592,1.0,0,1.0,"",270.0,270.0,599.0
300066,0,30000055,3067,1.0,0,1.0,"",270.0,270.0,599.0
300067,0,30000057,1,3.0,0,3.0,"",125.0,125.0,199.0
300067,0,30000057,6,3.0,0,3.0,"",125.0,125.0,199.0
300067,0,30000057,15,3.0,0,3.0,"",125.0,125.0,199.0
300067,0,30000057,277,2.0,0,2.0,"",125.0,125.0,199.0
300067,0,30000057,448,2.0,0,2.0,"",125.0,125.0,199.0
300067,0,30000057,855,2.0,0,2.0,"",125.0,125.0,199.0
300067,0,30000057,1268,2.0,0,2.0,"",125.0,125.0,199.0
300067,0,30000057,1896,2.0,0,2.0,"",125.0,125.0,199.0
300067,0,30000058,1,5.0,0,5.0,"",125.0,125.0,199.0
300067,0,30000058,6,5.0,0,5.0,"",125.0,125.0,199.0
300067,0,30000058,15,5.0,0,5.0,"",125.0,125.0,199.0
300067,0,30000058,277,5.0,0,5.0,"",125.0,125.0,199.0
300067,0,30000058,448,4.0,0,4.0,"",125.0,125.0,199.0
300067,0,30000058,855,4.0,0,4.0,"",125.0,125.0,199.0
300067,0,30000058,1268,4.0,0,4.0,"",125.0,125.0,199.0
300067,0,30000058,1896,4.0,0,4.0,"",125.0,125.0,199.0
300067,0,30000059,1,5.0,0,5.0,"",125.0,125.0,199.0
300067,0,30000059,6,5.0,0,5.0,"",125.0,125.0,199.0
300067,0,30000059,15,5.0,0,5.0,"",125.0,125.0,199.0
300067,0,30000059,277,5.0,0,5.0,"",125.0,125.0,199.0
300067,0,30000059,448,4.0,0,4.0,"",125.0,125.0,199.0
300067,0,30000059,855,4.0,0,4.0,"",125.0,125.0,199.0
300067,0,30000059,1268,4.0,0,4.0,"",125.0,125.0,199.0
300067,0,30000059,1896,4.0,0,4.0,"",125.0,125.0,199.0
300067,0,30000060,1,3.0,0,3.0,"",125.0,125.0,199.0
300067,0,30000060,6,3.0,0,3.0,"",125.0,125.0,199.0
300067,0,30000060,15,3.0,0,3.0,"",125.0,125.0,199.0
300067,0,30000060,277,2.0,0,2.0,"",125.0,125.0,199.0
300067,0,30000060,448,2.0,0,2.0,"",125.0,125.0,199.0
300067,0,30000060,855,2.0,0,2.0,"",125.0,125.0,199.0
300067,0,30000060,1268,2.0,0,2.0,"",125.0,125.0,199.0
300067,0,30000060,1896,2.0,0,2.0,"",125.0,125.0,199.0
300067,0,30000061,1,3.0,0,3.0,"",125.0,125.0,199.0
300067,0,30000061,6,3.0,0,3.0,"",125.0,125.0,199.0
300067,0,30000061,15,3.0,0,3.0,"",125.0,125.0,199.0
300067,0,30000061,277,2.0,0,2.0,"",125.0,125.0,199.0
300067,0,30000061,448,2.0,0,2.0,"",125.0,125.0,199.0
300067,0,30000061,855,2.0,0,2.0,"",125.0,125.0,199.0
300067,0,30000061,1268,2.0,0,2.0,"",125.0,125.0,199.0
300067,0,30000061,1896,2.0,0,2.0,"",125.0,125.0,199.0
300067,0,30000062,1,5.0,0,5.0,"",125.0,125.0,199.0
300067,0,30000062,6,5.0,0,5.0,"",125.0,125.0,199.0
300067,0,30000062,15,5.0,0,5.0,"",125.0,125.0,199.0
300067,0,30000062,277,4.0,0,4.0,"",125.0,125.0,199.0
300067,0,30000062,448,4.0,0,4.0,"",125.0,125.0,199.0
300067,0,30000062,855,4.0,0,4.0,"",125.0,125.0,199.0
300067,0,30000062,1268,4.0,0,4.0,"",125.0,125.0,199.0
300067,0,30000062,1896,4.0,0,4.0,"",125.0,125.0,199.0
300067,0,30000063,1,5.0,0,5.0,"",125.0,125.0,199.0
300067,0,30000063,6,5.0,0,5.0,"",125.0,125.0,199.0
300067,0,30000063,15,5.0,0,5.0,"",125.0,125.0,199.0
300067,0,30000063,277,4.0,0,4.0,"",125.0,125.0,199.0
300067,0,30000063,448,4.0,0,4.0,"",125.0,125.0,199.0
300067,0,30000063,855,4.0,0,4.0,"",125.0,125.0,199.0
300067,0,30000063,1268,4.0,0,4.0,"",125.0,125.0,199.0
300067,0,30000063,1896,4.0,0,4.0,"",125.0,125.0,199.0
300067,0,30000064,1,3.0,0,3.0,"",125.0,125.0,199.0
300067,0,30000064,6,3.0,0,3.0,"",125.0,125.0,199.0
300067,0,30000064,15,3.0,0,3.0,"",125.0,125.0,199.0
300067,0,30000064,277,2.0,0,2.0,"",125.0,125.0,199.0
300067,0,30000064,448,2.0,0,2.0,"",125.0,125.0,199.0
300067,0,30000064,855,2.0,0,2.0,"",125.0,125.0,199.0
300067,0,30000064,1268,2.0,0,2.0,"",125.0,125.0,199.0
300067,0,30000064,1896,2.0,0,2.0,"",125.0,125.0,199.0
300068,0,30000057,2,3.0,0,3.0,"",125.0,125.0,199.0
300068,0,30000057,9,3.0,0,3.0,"",125.0,125.0,199.0
300068,0,30000057,46,3.0,0,3.0,"",125.0,125.0,199.0
300068,0,30000057,228,2.0,0,2.0,"",125.0,125.0,199.0
300068,0,30000057,276,2.0,0,2.0,"",125.0,125.0,199.0
300068,0,30000057,1875,2.0,0,2.0,"",125.0,125.0,199.0
300068,0,30000057,3065,2.0,0,2.0,"",125.0,125.0,199.0
300068,0,30000057,3574,2.0,0,2.0,"",125.0,125.0,199.0
300068,0,30000058,2,5.0,0,5.0,"",125.0,125.0,199.0
300068,0,30000058,9,5.0,0,5.0,"",125.0,125.0,199.0
300068,0,30000058,46,5.0,0,5.0,"",125.0,125.0,199.0
300068,0,30000058,228,5.0,0,5.0,"",125.0,125.0,199.0
300068,0,30000058,276,5.0,0,5.0,"",125.0,125.0,199.0
300068,0,30000058,1875,4.0,0,4.0,"",125.0,125.0,199.0
300068,0,30000058,3065,4.0,0,4.0,"",125.0,125.0,199.0
300068,0,30000058,3574,4.0,0,4.0,"",125.0,125.0,199.0
300068,0,30000059,2,5.0,0,5.0,"",125.0,125.0,199.0
300068,0,30000059,9,5.0,0,5.0,"",125.0,125.0,199.0
300068,0,30000059,46,5.0,0,5.0,"",125.0,125.0,199.0
300068,0,30000059,228,5.0,0,5.0,"",125.0,125.0,199.0
300068,0,30000059,276,5.0,0,5.0,"",125.0,125.0,199.0
300068,0,30000059,1875,4.0,0,4.0,"",125.0,125.0,199.0
300068,0,30000059,3065,4.0,0,4.0,"",125.0,125.0,199.0
300068,0,30000059,3574,4.0,0,4.0,"",125.0,125.0,199.0
300068,0,30000060,2,3.0,0,3.0,"",125.0,125.0,199.0
300068,0,30000060,9,3.0,0,3.0,"",125.0,125.0,199.0
300068,0,30000060,46,3.0,0,3.0,"",125.0,125.0,199.0
300068,0,30000060,228,2.0,0,2.0,"",125.0,125.0,199.0
300068,0,30000060,276,2.0,0,2.0,"",125.0,125.0,199.0
300068,0,30000060,1875,2.0,0,2.0,"",125.0,125.0,199.0
300068,0,30000060,3065,2.0,0,2.0,"",125.0,125.0,199.0
300068,0,30000060,3574,2.0,0,2.0,"",125.0,125.0,199.0
300068,0,30000061,2,3.0,0,3.0,"",125.0,125.0,199.0
300068,0,30000061,9,3.0,0,3.0,"",125.0,125.0,199.0
300068,0,30000061,46,3.0,0,3.0,"",125.0,125.0,199.0
300068,0,30000061,228,2.0,0,2.0,"",125.0,125.0,199.0
300068,0,30000061,276,2.0,0,2.0,"",125.0,125.0,199.0
300068,0,30000061,1875,2.0,0,2.0,"",125.0,125.0,199.0
300068,0,30000061,3065,2.0,0,2.0,"",125.0,125.0,199.0
300068,0,30000061,3574,2.0,0,2.0,"",125.0,125.0,199.0
300068,0,30000062,2,5.0,0,5.0,"",125.0,125.0,199.0
300068,0,30000062,9,5.0,0,5.0,"",125.0,125.0,199.0
300068,0,30000062,46,5.0,0,5.0,"",125.0,125.0,199.0
300068,0,30000062,228,5.0,0,5.0,"",125.0,125.0,199.0
300068,0,30000062,276,4.0,0,4.0,"",125.0,125.0,199.0
300068,0,30000062,1875,4.0,0,4.0,"",125.0,125.0,199.0
300068,0,30000062,3065,4.0,0,4.0,"",125.0,125.0,199.0
300068,0,30000062,3574,4.0,0,4.0,"",125.0,125.0,199.0
300068,0,30000063,2,5.0,0,5.0,"",125.0,125.0,199.0
300068,0,30000063,9,5.0,0,5.0,"",125.0,125.0,199.0
300068,0,30000063,46,5.0,0,5.0,"",125.0,125.0,199.0
300068,0,30000063,228,5.0,0,5.0,"",125.0,125.0,199.0
300068,0,30000063,276,4.0,0,4.0,"",125.0,125.0,199.0
300068,0,30000063,1875,4.0,0,4.0,"",125.0,125.0,199.0
300068,0,30000063,3065,4.0,0,4.0,"",125.0,125.0,199.0
300068,0,30000063,3574,4.0,0,4.0,"",125.0,125.0,199.0
300068,0,30000064,2,3.0,0,3.0,"",125.0,125.0,199.0
300068,0,30000064,9,3.0,0,3.0,"",125.0,125.0,199.0
300068,0,30000064,46,3.0,0,3.0,"",125.0,125.0,199.0
300068,0,30000064,228,2.0,0,2.0,"",125.0,125.0,199.0
300068,0,30000064,276,2.0,0,2.0,"",125.0,125.0,199.0
300068,0,30000064,1875,2.0,0,2.0,"",125.0,125.0,199.0
300068,0,30000064,3065,2.0,0,2.0,"",125.0,125.0,199.0
300068,0,30000064,3574,2.0,0,2.0,"",125.0,125.0,199.0
300069,0,30000057,3,3.0,0,3.0,"",125.0,125.0,199.0
300069,0,30000057,65,3.0,0,3.0,"",125.0,125.0,199.0
300069,0,30000057,73,3.0,0,3.0,"",125.0,125.0,199.0
300069,0,30000057,156,2.0,0,2.0,"",125.0,125.0,199.0
300069,0,30000057,245,2.0,0,2.0,"",125.0,125.0,199.0
300069,0,30000057,1132,2.0,0,2.0,"",125.0,125.0,199.0
300069,0,30000057,1204,2.0,0,2.0,"",125.0,125.0,199.0
300069,0,30000058,3,5.0,0,5.0,"",125.0,125.0,199.0
300069,0,30000058,65,5.0,0,5.0,"",125.0,125.0,199.0
300069,0,30000058,73,5.0,0,5.0,"",125.0,125.0,199.0
300069,0,30000058,156,5.0,0,5.0,"",125.0,125.0,199.0
300069,0,30000058,245,5.0,0,5.0,"",125.0,125.0,199.0
300069,0,30000058,1132,4.0,0,4.0,"",125.0,125.0,199.0
300069,0,30000058,1204,4.0,0,4.0,"",125.0,125.0,199.0
300069,0,30000059,3,5.0,0,5.0,"",125.0,125.0,199.0
300069,0,30000059,65,5.0,0,5.0,"",125.0,125.0,199.0
300069,0,30000059,73,5.0,0,5.0,"",125.0,125.0,199.0
300069,0,30000059,156,5.0,0,5.0,"",125.0,125.0,199.0
300069,0,30000059,245,5.0,0,5.0,"",125.0,125.0,199.0
300069,0,30000059,1132,4.0,0,4.0,"",125.0,125.0,199.0
300069,0,30000059,1204,4.0,0,4.0,"",125.0,125.0,199.0
300069,0,30000060,3,3.0,0,3.0,"",125.0,125.0,199.0
300069,0,30000060,65,3.0,0,3.0,"",125.0,125.0,199.0
300069,0,30000060,73,3.0,0,3.0,"",125.0,125.0,199.0
300069,0,30000060,156,2.0,0,2.0,"",125.0,125.0,199.0
300069,0,30000060,245,2.0,0,2.0,"",125.0,125.0,199.0
300069,0,30000060,1132,2.0,0,2.0,"",125.0,125.0,199.0
300069,0,30000060,1204,2.0,0,2.0,"",125.0,125.0,199.0
300069,0,30000061,3,3.0,0,3.0,"",125.0,125.0,199.0
300069,0,30000061,65,3.0,0,3.0,"",125.0,125.0,199.0
300069,0,30000061,73,3.0,0,3.0,"",125.0,125.0,199.0
300069,0,30000061,156,2.0,0,2.0,"",125.0,125.0,199.0
300069,0,30000061,245,2.0,0,2.0,"",125.0,125.0,199.0
300069,0,30000061,1132,2.0,0,2.0,"",125.0,125.0,199.0
300069,0,30000061,1204,2.0,0,2.0,"",125.0,125.0,199.0
300069,0,30000062,3,5.0,0,5.0,"",125.0,125.0,199.0
300069,0,30000062,65,5.0,0,5.0,"",125.0,125.0,199.0
300069,0,30000062,73,5.0,0,5.0,"",125.0,125.0,199.0
300069,0,30000062,156,5.0,0,5.0,"",125.0,125.0,199.0
300069,0,30000062,245,4.0,0,4.0,"",125.0,125.0,199.0
300069,0,30000062,1132,4.0,0,4.0,"",125.0,125.0,199.0
300069,0,30000062,1204,4.0,0,4.0,"",125.0,125.0,199.0
300069,0,30000063,3,5.0,0,5.0,"",125.0,125.0,199.0
300069,0,30000063,65,5.0,0,5.0,"",125.0,125.0,199.0
300069,0,30000063,73,5.0,0,5.0,"",125.0,125.0,199.0
300069,0,30000063,156,5.0,0,5.0,"",125.0,125.0,199.0
300069,0,30000063,245,4.0,0,4.0,"",125.0,125.0,199.0
300069,0,30000063,1132,4.0,0,4.0,"",125.0,125.0,199.0
300069,0,30000063,1204,4.0,0,4.0,"",125.0,125.0,199.0
300069,0,30000064,3,3.0,0,3.0,"",125.0,125.0,199.0
300069,0,30000064,65,3.0,0,3.0,"",125.0,125.0,199.0
300069,0,30000064,73,3.0,0,3.0,"",125.0,125.0,199.0
300069,0,30000064,156,2.0,0,2.0,"",125.0,125.0,199.0
300069,0,30000064,245,2.0,0,2.0,"",125.0,125.0,199.0
300069,0,30000064,1132,2.0,0,2.0,"",125.0,125.0,199.0
300069,0,30000064,1204,2.0,0,2.0,"",125.0,125.0,199.0
300070,0,30000057,138,3.0,0,3.0,"",125.0,125.0,199.0
300070,0,30000057,274,2.0,0,2.0,"",125.0,125.0,199.0
300070,0,30000057,457,2.0,0,2.0,"",125.0,125.0,199.0
300070,0,30000057,1267,2.0,0,2.0,"",125.0,125.0,199.0
300070,0,30000057,1296,2.0,0,2.0,"",125.0,125.0,199.0
300070,0,30000057,1425,2.0,0,2.0,"",125.0,125.0,199.0
300070,0,30000057,2268,2.0,0,2.0,"",125.0,125.0,199.0
300070,0,30000058,138,5.0,0,5.0,"",125.0,125.0,199.0
300070,0,30000058,274,5.0,0,5.0,"",125.0,125.0,199.0
300070,0,30000058,457,4.0,0,4.0,"",125.0,125.0,199.0
300070,0,30000058,1267,4.0,0,4.0,"",125.0,125.0,199.0
300070,0,30000058,1296,4.0,0,4.0,"",125.0,125.0,199.0
300070,0,30000058,1425,4.0,0,4.0,"",125.0,125.0,199.0
300070,0,30000058,2268,4.0,0,4.0,"",125.0,125.0,199.0
300070,0,30000059,138,5.0,0,5.0,"",125.0,125.0,199.0
300070,0,30000059,274,5.0,0,5.0,"",125.0,125.0,199.0
300070,0,30000059,457,4.0,0,4.0,"",125.0,125.0,199.0
300070,0,30000059,1267,4.0,0,4.0,"",125.0,125.0,199.0
300070,0,30000059,1296,4.0,0,4.0,"",125.0,125.0,199.0
300070,0,30000059,1425,4.0,0,4.0,"",125.0,125.0,199.0
300070,0,30000059,2268,4.0,0,4.0,"",125.0,125.0,199.0
300070,0,30000060,138,3.0,0,3.0,"",125.0,125.0,199.0
300070,0,30000060,274,2.0,0,2.0,"",125.0,125.0,199.0
300070,0,30000060,457,2.0,0,2.0,"",125.0,125.0,199.0
300070,0,30000060,1267,2.0,0,2.0,"",125.0,125.0,199.0
300070,0,30000060,1296,2.0,0,2.0,"",125.0,125.0,199.0
300070,0,30000060,1425,2.0,0,2.0,"",125.0,125.0,199.0
300070,0,30000060,2268,2.0,0,2.0,"",125.0,125.0,199.0
300070,0,30000061,138,2.0,0,2.0,"",125.0,125.0,199.0
300070,0,30000061,274,2.0,0,2.0,"",125.0,125.0,199.0
300070,0,30000061,457,2.0,0,2.0,"",125.0,125.0,199.0
300070,0,30000061,1267,2.0,0,2.0,"",125.0,125.0,199.0
300070,0,30000061,1296,2.0,0,2.0,"",125.0,125.0,199.0
300070,0,30000061,1425,2.0,0,2.0,"",125.0,125.0,199.0
300070,0,30000061,2268,2.0,0,2.0,"",125.0,125.0,199.0
300070,0,30000062,138,5.0,0,5.0,"",125.0,125.0,199.0
300070,0,30000062,274,4.0,0,4.0,"",125.0,125.0,199.0
300070,0,30000062,457,4.0,0,4.0,"",125.0,125.0,199.0
300070,0,30000062,1267,4.0,0,4.0,"",125.0,125.0,199.0
300070,0,30000062,1296,4.0,0,4.0,"",125.0,125.0,199.0
300070,0,30000062,1425,4.0,0,4.0,"",125.0,125.0,199.0
300070,0,30000062,2268,4.0,0,4.0,"",125.0,125.0,199.0
300070,0,30000063,138,5.0,0,5.0,"",125.0,125.0,199.0
300070,0,30000063,274,4.0,0,4.0,"",125.0,125.0,199.0
300070,0,30000063,457,4.0,0,4.0,"",125.0,125.0,199.0
300070,0,30000063,1267,4.0,0,4.0,"",125.0,125.0,199.0
300070,0,30000063,1296,4.0,0,4.0,"",125.0,125.0,199.0
300070,0,30000063,1425,4.0,0,4.0,"",125.0,125.0,199.0
300070,0,30000063,2268,4.0,0,4.0,"",125.0,125.0,199.0
300070,0,30000064,138,2.0,0,2.0,"",125.0,125.0,199.0
300070,0,30000064,274,2.0,0,2.0,"",125.0,125.0,199.0
300070,0,30000064,457,2.0,0,2.0,"",125.0,125.0,199.0
300070,0,30000064,1267,2.0,0,2.0,"",125.0,125.0,199.0
300070,0,30000064,1296,2.0,0,2.0,"",125.0,125.0,199.0
300070,0,30000064,1425,2.0,0,2.0,"",125.0,125.0,199.0
300070,0,30000064,2268,2.0,0,2.0,"",125.0,125.0,199.0
300071,0,30000057,94,3.0,0,3.0,"",125.0,125.0,199.0
300071,0,30000057,134,3.0,0,3.0,"",125.0,125.0,199.0
300071,0,30000057,238,2.0,0,2.0,"",125.0,125.0,199.0
300071,0,30000057,351,2.0,0,2.0,"",125.0,125.0,199.0
300071,0,30000057,353,2.0,0,2.0,"",125.0,125.0,199.0
300071,0,30000057,445,2.0,0,2.0,"",125.0,125.0,199.0
300071,0,30000057,2553,2.0,0,2.0,"",125.0,125.0,199.0
300071,0,30000057,3066,2.0,0,2.0,"",125.0,125.0,199.0
300071,0,30000058,94,5.0,0,5.0,"",125.0,125.0,199.0
300071,0,30000058,134,5.0,0,5.0,"",125.0,125.0,199.0
300071,0,30000058,238,5.0,0,5.0,"",125.0,125.0,199.0
300071,0,30000058,351,5.0,0,5.0,"",125.0,125.0,199.0
300071,0,30000058,353,5.0,0,5.0,"",125.0,125.0,199.0
300071,0,30000058,445,4.0,0,4.0,"",125.0,125.0,199.0
300071,0,30000058,2553,4.0,0,4.0,"",125.0,125.0,199.0
300071,0,30000058,3066,4.0,0,4.0,"",125.0,125.0,199.0
300071,0,30000059,94,5.0,0,5.0,"",125.0,125.0,199.0
300071,0,30000059,134,5.0,0,5.0,"",125.0,125.0,199.0
300071,0,30000059,238,5.0,0,5.0,"",125.0,125.0,199.0
300071,0,30000059,351,5.0,0,5.0,"",125.0,125.0,199.0
300071,0,30000059,353,5.0,0,5.0,"",125.0,125.0,199.0
300071,0,30000059,445,4.0,0,4.0,"",125.0,125.0,199.0
300071,0,30000059,2553,4.0,0,4.0,"",125.0,125.0,199.0
300071,0,30000059,3066,4.0,0,4.0,"",125.0,125.0,199.0
300071,0,30000060,94,3.0,0,3.0,"",125.0,125.0,199.0
300071,0,30000060,134,3.0,0,3.0,"",125.0,125.0,199.0
300071,0,30000060,238,2.0,0,2.0,"",125.0,125.0,199.0
300071,0,30000060,351,2.0,0,2.0,"",125.0,125.0,199.0
300071,0,30000060,353,2.0,0,2.0,"",125.0,125.0,199.0
300071,0,30000060,445,2.0,0,2.0,"",125.0,125.0,199.0
300071,0,30000060,2553,2.0,0,2.0,"",125.0,125.0,199.0
300071,0,30000060,3066,2.0,0,2.0,"",125.0,125.0,199.0
300071,0,30000061,94,2.0,0,2.0,"",125.0,125.0,199.0
300071,0,30000061,134,2.0,0,2.0,"",125.0,125.0,199.0
300071,0,30000061,238,2.0,0,2.0,"",125.0,125.0,199.0
300071,0,30000061,351,2.0,0,2.0,"",125.0,125.0,199.0
300071,0,30000061,353,2.0,0,2.0,"",125.0,125.0,199.0
300071,0,30000061,445,2.0,0,2.0,"",125.0,125.0,199.0
300071,0,30000061,2553,2.0,0,2.0,"",125.0,125.0,199.0
300071,0,30000061,3066,2.0,0,2.0,"",125.0,125.0,199.0
300071,0,30000062,94,5.0,0,5.0,"",125.0,125.0,199.0
300071,0,30000062,134,5.0,0,5.0,"",125.0,125.0,199.0
300071,0,30000062,238,4.0,0,4.0,"",125.0,125.0,199.0
300071,0,30000062,351,4.0,0,4.0,"",125.0,125.0,199.0
300071,0,30000062,353,4.0,0,4.0,"",125.0,125.0,199.0
300071,0,30000062,445,4.0,0,4.0,"",125.0,125.0,199.0
300071,0,30000062,2553,4.0,0,4.0,"",125.0,125.0,199.0
300071,0,30000062,3066,4.0,0,4.0,"",125.0,125.0,199.0
300071,0,30000063,94,5.0,0,5.0,"",125.0,125.0,199.0
300071,0,30000063,134,5.0,0,5.0,"",125.0,125.0,199.0
300071,0,30000063,238,4.0,0,4.0,"",125.0,125.0,199.0
300071,0,30000063,351,4.0,0,4.0,"",125.0,125.0,199.0
300071,0,30000063,353,4.0,0,4.0,"",125.0,125.0,199.0
300071,0,30000063,445,4.0,0,4.0,"",125.0,125.0,199.0
300071,0,30000063,2553,4.0,0,4.0,"",125.0,125.0,199.0
300071,0,30000063,3066,4.0,0,4.0,"",125.0,125.0,199.0
300071,0,30000064,94,2.0,0,2.0,"",125.0,125.0,199.0
300071,0,30000064,134,2.0,0,2.0,"",125.0,125.0,199.0
300071,0,30000064,238,2.0,0,2.0,"",125.0,125.0,199.0
300071,0,30000064,351,2.0,0,2.0,"",125.0,125.0,199.0
300071,0,30000064,353,2.0,0,2.0,"",125.0,125.0,199.0
300071,0,30000064,445,2.0,0,2.0,"",125.0,125.0,199.0
300071,0,30000064,2553,2.0,0,2.0,"",125.0,125.0,199.0
300071,0,30000064,3066,2.0,0,2.0,"",125.0,125.0,199.0
300072,0,30000057,14,3.0,0,3.0,"",125.0,125.0,199.0
300072,0,30000057,145,2.0,0,2.0,"",125.0,125.0,199.0
300072,0,30000057,241,2.0,0,2.0,"",125.0,125.0,199.0
300072,0,30000057,275,2.0,0,2.0,"",125.0,125.0,199.0
300072,0,30000057,432,2.0,0,2.0,"",125.0,125.0,199.0
300072,0,30000057,440,2.0,0,2.0,"",125.0,125.0,199.0
300072,0,30000057,1887,2.0,0,2.0,"",125.0,125.0,199.0
300072,0,30000057,1888,2.0,0,2.0,"",125.0,125.0,199.0
300072,0,30000058,14,5.0,0,5.0,"",125.0,125.0,199.0
300072,0,30000058,145,5.0,0,5.0,"",125.0,125.0,199.0
300072,0,30000058,241,5.0,0,5.0,"",125.0,125.0,199.0
300072,0,30000058,275,5.0,0,5.0,"",125.0,125.0,199.0
300072,0,30000058,432,5.0,0,5.0,"",125.0,125.0,199.0
300072,0,30000058,440,4.0,0,4.0,"",125.0,125.0,199.0
300072,0,30000058,1887,4.0,0,4.0,"",125.0,125.0,199.0
300072,0,30000058,1888,4.0,0,4.0,"",125.0,125.0,199.0
300072,0,30000059,14,5.0,0,5.0,"",125.0,125.0,199.0
300072,0,30000059,145,5.0,0,5.0,"",125.0,125.0,199.0
300072,0,30000059,241,5.0,0,5.0,"",125.0,125.0,199.0
300072,0,30000059,275,5.0,0,5.0,"",125.0,125.0,199.0
300072,0,30000059,432,5.0,0,5.0,"",125.0,125.0,199.0
300072,0,30000059,440,4.0,0,4.0,"",125.0,125.0,199.0
300072,0,30000059,1887,4.0,0,4.0,"",125.0,125.0,199.0
300072,0,30000059,1888,4.0,0,4.0,"",125.0,125.0,199.0
300072,0,30000060,14,3.0,0,3.0,"",125.0,125.0,199.0
300072,0,30000060,145,2.0,0,2.0,"",125.0,125.0,199.0
300072,0,30000060,241,2.0,0,2.0,"",125.0,125.0,199.0
300072,0,30000060,275,2.0,0,2.0,"",125.0,125.0,199.0
300072,0,30000060,432,2.0,0,2.0,"",125.0,125.0,199.0
300072,0,30000060,440,2.0,0,2.0,"",125.0,125.0,199.0
300072,0,30000060,1887,2.0,0,2.0,"",125.0,125.0,199.0
300072,0,30000060,1888,2.0,0,2.0,"",125.0,125.0,199.0
300072,0,30000061,14,3.0,0,3.0,"",125.0,125.0,199.0
300072,0,30000061,145,2.0,0,2.0,"",125.0,125.0,199.0
300072,0,30000061,241,2.0,0,2.0,"",125.0,125.0,199.0
300072,0,30000061,275,2.0,0,2.0,"",125.0,125.0,199.0
300072,0,30000061,432,2.0,0,2.0,"",125.0,125.0,199.0
300072,0,30000061,440,2.0,0,2.0,"",125.0,125.0,199.0
300072,0,30000061,1887,2.0,0,2.0,"",125.0,125.0,199.0
300072,0,30000061,1888,2.0,0,2.0,"",125.0,125.0,199.0
300072,0,30000062,14,5.0,0,5.0,"",125.0,125.0,199.0
300072,0,30000062,145,5.0,0,5.0,"",125.0,125.0,199.0
300072,0,30000062,241,4.0,0,4.0,"",125.0,125.0,199.0
300072,0,30000062,275,4.0,0,4.0,"",125.0,125.0,199.0
300072,0,30000062,432,4.0,0,4.0,"",125.0,125.0,199.0
300072,0,30000062,440,4.0,0,4.0,"",125.0,125.0,199.0
300072,0,30000062,1887,4.0,0,4.0,"",125.0,125.0,199.0
300072,0,30000062,1888,4.0,0,4.0,"",125.0,125.0,199.0
300072,0,30000063,14,5.0,0,5.0,"",125.0,125.0,199.0
300072,0,30000063,145,5.0,0,5.0,"",125.0,125.0,199.0
300072,0,30000063,241,4.0,0,4.0,"",125.0,125.0,199.0
300072,0,30000063,275,4.0,0,4.0,"",125.0,125.0,199.0
300072,0,30000063,432,4.0,0,4.0,"",125.0,125.0,199.0
300072,0,30000063,440,4.0,0,4.0,"",125.0,125.0,199.0
300072,0,30000063,1887,4.0,0,4.0,"",125.0,125.0,199.0
300072,0,30000063,1888,4.0,0,4.0,"",125.0,125.0,199.0
300072,0,30000064,14,3.0,0,3.0,"",125.0,125.0,199.0
300072,0,30000064,145,2.0,0,2.0,"",125.0,125.0,199.0
300072,0,30000064,241,2.0,0,2.0,"",125.0,125.0,199.0
300072,0,30000064,275,2.0,0,2.0,"",125.0,125.0,199.0
300072,0,30000064,432,2.0,0,2.0,"",125.0,125.0,199.0
300072,0,30000064,440,2.0,0,2.0,"",125.0,125.0,199.0
300072,0,30000064,1887,2.0,0,2.0,"",125.0,125.0,199.0
300072,0,30000064,1888,2.0,0,2.0,"",125.0,125.0,199.0
300073,0,30000057,130,3.0,0,3.0,"",125.0,125.0,199.0
300073,0,30000057,148,2.0,0,2.0,"",125.0,125.0,199.0
300073,0,30000057,270,2.0,0,2.0,"",125.0,125.0,199.0
300073,0,30000057,452,2.0,0,2.0,"",125.0,125.0,199.0
300073,0,30000057,2552,2.0,0,2.0,"",125.0,125.0,199.0
300073,0,30000057,3068,2.0,0,2.0,"",125.0,125.0,199.0
300073,0,30000058,130,5.0,0,5.0,"",125.0,125.0,199.0
300073,0,30000058,148,5.0,0,5.0,"",125.0,125.0,199.0
300073,0,30000058,270,5.0,0,5.0,"",125.0,125.0,199.0
300073,0,30000058,452,4.0,0,4.0,"",125.0,125.0,199.0
300073,0,30000058,2552,4.0,0,4.0,"",125.0,125.0,199.0
300073,0,30000058,3068,4.0,0,4.0,"",125.0,125.0,199.0
300073,0,30000059,130,5.0,0,5.0,"",125.0,125.0,199.0
300073,0,30000059,148,5.0,0,5.0,"",125.0,125.0,199.0
300073,0,30000059,270,5.0,0,5.0,"",125.0,125.0,199.0
300073,0,30000059,452,4.0,0,4.0,"",125.0,125.0,199.0
300073,0,30000059,2552,4.0,0,4.0,"",125.0,125.0,199.0
300073,0,30000059,3068,4.0,0,4.0,"",125.0,125.0,199.0
300073,0,30000060,130,3.0,0,3.0,"",125.0,125.0,199.0
300073,0,30000060,148,2.0,0,2.0,"",125.0,125.0,199.0
300073,0,30000060,270,2.0,0,2.0,"",125.0,125.0,199.0
300073,0,30000060,452,2.0,0,2.0,"",125.0,125.0,199.0
300073,0,30000060,2552,2.0,0,2.0,"",125.0,125.0,199.0
300073,0,30000060,3068,2.0,0,2.0,"",125.0,125.0,199.0
300073,0,30000061,130,2.0,0,2.0,"",125.0,125.0,199.0
300073,0,30000061,148,2.0,0,2.0,"",125.0,125.0,199.0
300073,0,30000061,270,2.0,0,2.0,"",125.0,125.0,199.0
300073,0,30000061,452,2.0,0,2.0,"",125.0,125.0,199.0
300073,0,30000061,2552,2.0,0,2.0,"",125.0,125.0,199.0
300073,0,30000061,3068,2.0,0,2.0,"",125.0,125.0,199.0
300073,0,30000062,130,5.0,0,5.0,"",125.0,125.0,199.0
300073,0,30000062,148,5.0,0,5.0,"",125.0,125.0,199.0
300073,0,30000062,270,4.0,0,4.0,"",125.0,125.0,199.0
300073,0,30000062,452,4.0,0,4.0,"",125.0,125.0,199.0
300073,0,30000062,2552,4.0,0,4.0,"",125.0,125.0,199.0
300073,0,30000062,3068,4.0,0,4.0,"",125.0,125.0,199.0
300073,0,30000063,130,5.0,0,5.0,"",125.0,125.0,199.0
300073,0,30000063,148,5.0,0,5.0,"",125.0,125.0,199.0
300073,0,30000063,270,4.0,0,4.0,"",125.0,125.0,199.0
300073,0,30000063,452,4.0,0,4.0,"",125.0,125.0,199.0
300073,0,30000063,2552,4.0,0,4.0,"",125.0,125.0,199.0
300073,0,30000063,3068,4.0,0,4.0,"",125.0,125.0,199.0
300073,0,30000064,130,2.0,0,2.0,"",125.0,125.0,199.0
300073,0,30000064,148,2.0,0,2.0,"",125.0,125.0,199.0
300073,0,30000064,270,2.0,0,2.0,"",125.0,125.0,199.0
300073,0,30000064,452,2.0,0,2.0,"",125.0,125.0,199.0
300073,0,30000064,2552,2.0,0,2.0,"",125.0,125.0,199.0
300073,0,30000064,3068,2.0,0,2.0,"",125.0,125.0,199.0
300074,0,30000057,32,3.0,0,3.0,"",125.0,125.0,199.0
300074,0,30000057,50,3.0,0,3.0,"",125.0,125.0,199.0
300074,0,30000057,142,2.0,0,2.0,"",125.0,125.0,199.0
300074,0,30000057,149,2.0,0,2.0,"",125.0,125.0,199.0
300074,0,30000057,352,2.0,0,2.0,"",125.0,125.0,199.0
300074,0,30000057,1663,2.0,0,2.0,"",125.0,125.0,199.0
300074,0,30000057,2267,2.0,0,2.0,"",125.0,125.0,199.0
300074,0,30000058,32,5.0,0,5.0,"",125.0,125.0,199.0
300074,0,30000058,50,5.0,0,5.0,"",125.0,125.0,199.0
300074,0,30000058,142,5.0,0,5.0,"",125.0,125.0,199.0
300074,0,30000058,149,5.0,0,5.0,"",125.0,125.0,199.0
300074,0,30000058,352,5.0,0,5.0,"",125.0,125.0,199.0
300074,0,30000058,1663,4.0,0,4.0,"",125.0,125.0,199.0
300074,0,30000058,2267,4.0,0,4.0,"",125.0,125.0,199.0
300074,0,30000059,32,5.0,0,5.0,"",125.0,125.0,199.0
300074,0,30000059,50,5.0,0,5.0,"",125.0,125.0,199.0
300074,0,30000059,142,5.0,0,5.0,"",125.0,125.0,199.0
300074,0,30000059,149,5.0,0,5.0,"",125.0,125.0,199.0
300074,0,30000059,352,5.0,0,5.0,"",125.0,125.0,199.0
300074,0,30000059,1663,4.0,0,4.0,"",125.0,125.0,199.0
300074,0,30000059,2267,4.0,0,4.0,"",125.0,125.0,199.0
300074,0,30000060,32,3.0,0,3.0,"",125.0,125.0,199.0
300074,0,30000060,50,3.0,0,3.0,"",125.0,125.0,199.0
300074,0,30000060,142,2.0,0,2.0,"",125.0,125.0,199.0
300074,0,30000060,149,2.0,0,2.0,"",125.0,125.0,199.0
300074,0,30000060,352,2.0,0,2.0,"",125.0,125.0,199.0
300074,0,30000060,1663,2.0,0,2.0,"",125.0,125.0,199.0
300074,0,30000060,2267,2.0,0,2.0,"",125.0,125.0,199.0
300074,0,30000061,32,3.0,0,3.0,"",125.0,125.0,199.0
300074,0,30000061,50,3.0,0,3.0,"",125.0,125.0,199.0
300074,0,30000061,142,2.0,0,2.0,"",125.0,125.0,199.0
300074,0,30000061,149,2.0,0,2.0,"",125.0,125.0,199.0
300074,0,30000061,352,2.0,0,2.0,"",125.0,125.0,199.0
300074,0,30000061,1663,2.0,0,2.0,"",125.0,125.0,199.0
300074,0,30000061,2267,2.0,0,2.0,"",125.0,125.0,199.0
300074,0,30000062,32,5.0,0,5.0,"",125.0,125.0,199.0
300074,0,30000062,50,5.0,0,5.0,"",125.0,125.0,199.0
300074,0,30000062,142,5.0,0,5.0,"",125.0,125.0,199.0
300074,0,30000062,149,5.0,0,5.0,"",125.0,125.0,199.0
300074,0,30000062,352,4.0,0,4.0,"",125.0,125.0,199.0
300074,0,30000062,1663,4.0,0,4.0,"",125.0,125.0,199.0
300074,0,30000062,2267,4.0,0,4.0,"",125.0,125.0,199.0
300074,0,30000063,32,5.0,0,5.0,"",125.0,125.0,199.0
300074,0,30000063,50,5.0,0,5.0,"",125.0,125.0,199.0
300074,0,30000063,142,5.0,0,5.0,"",125.0,125.0,199.0
300074,0,30000063,149,5.0,0,5.0,"",125.0,125.0,199.0
300074,0,30000063,352,4.0,0,4.0,"",125.0,125.0,199.0
300074,0,30000063,1663,4.0,0,4.0,"",125.0,125.0,199.0
300074,0,30000063,2267,4.0,0,4.0,"",125.0,125.0,199.0
300074,0,30000064,32,3.0,0,3.0,"",125.0,125.0,199.0
300074,0,30000064,50,3.0,0,3.0,"",125.0,125.0,199.0
300074,0,30000064,142,2.0,0,2.0,"",125.0,125.0,199.0
300074,0,30000064,149,2.0,0,2.0,"",125.0,125.0,199.0
300074,0,30000064,352,2.0,0,2.0,"",125.0,125.0,199.0
300074,0,30000064,1663,2.0,0,2.0,"",125.0,125.0,199.0
300074,0,30000064,2267,2.0,0,2.0,"",125.0,125.0,199.0
300075,0,30000057,95,3.0,0,3.0,"",125.0,125.0,199.0
300075,0,30000057,120,3.0,0,3.0,"",125.0,125.0,199.0
300075,0,30000057,1063,2.0,0,2.0,"",125.0,125.0,199.0
300075,0,30000057,1090,2.0,0,2.0,"",125.0,125.0,199.0
300075,0,30000057,2203,2.0,0,2.0,"",125.0,125.0,199.0
300075,0,30000057,2592,2.0,0,2.0,"",125.0,125.0,199.0
300075,0,30000057,3067,2.0,0,2.0,"",125.0,125.0,199.0
300075,0,30000058,95,5.0,0,5.0,"",125.0,125.0,199.0
300075,0,30000058,120,5.0,0,5.0,"",125.0,125.0,199.0
300075,0,30000058,1063,4.0,0,4.0,"",125.0,125.0,199.0
300075,0,30000058,1090,4.0,0,4.0,"",125.0,125.0,199.0
300075,0,30000058,2203,4.0,0,4.0,"",125.0,125.0,199.0
300075,0,30000058,2592,4.0,0,4.0,"",125.0,125.0,199.0
300075,0,30000058,3067,4.0,0,4.0,"",125.0,125.0,199.0
300075,0,30000059,95,5.0,0,5.0,"",125.0,125.0,199.0
300075,0,30000059,120,5.0,0,5.0,"",125.0,125.0,199.0
300075,0,30000059,1063,4.0,0,4.0,"",125.0,125.0,199.0
300075,0,30000059,1090,4.0,0,4.0,"",125.0,125.0,199.0
300075,0,30000059,2203,4.0,0,4.0,"",125.0,125.0,199.0
300075,0,30000059,2592,4.0,0,4.0,"",125.0,125.0,199.0
300075,0,30000059,3067,4.0,0,4.0,"",125.0,125.0,199.0
300075,0,30000060,95,3.0,0,3.0,"",125.0,125.0,199.0
300075,0,30000060,120,3.0,0,3.0,"",125.0,125.0,199.0
300075,0,30000060,1063,2.0,0,2.0,"",125.0,125.0,199.0
300075,0,30000060,1090,2.0,0,2.0,"",125.0,125.0,199.0
300075,0,30000060,2203,2.0,0,2.0,"",125.0,125.0,199.0
300075,0,30000060,2592,2.0,0,2.0,"",125.0,125.0,199.0
300075,0,30000060,3067,2.0,0,2.0,"",125.0,125.0,199.0
300075,0,30000061,95,2.0,0,2.0,"",125.0,125.0,199.0
300075,0,30000061,120,2.0,0,2.0,"",125.0,125.0,199.0
300075,0,30000061,1063,2.0,0,2.0,"",125.0,125.0,199.0
300075,0,30000061,1090,2.0,0,2.0,"",125.0,125.0,199.0
300075,0,30000061,2203,2.0,0,2.0,"",125.0,125.0,199.0
300075,0,30000061,2592,2.0,0,2.0,"",125.0,125.0,199.0
300075,0,30000061,3067,2.0,0,2.0,"",125.0,125.0,199.0
300075,0,30000062,95,5.0,0,5.0,"",125.0,125.0,199.0
300075,0,30000062,120,5.0,0,5.0,"",125.0,125.0,199.0
300075,0,30000062,1063,4.0,0,4.0,"",125.0,125.0,199.0
300075,0,30000062,1090,4.0,0,4.0,"",125.0,125.0,199.0
300075,0,30000062,2203,4.0,0,4.0,"",125.0,125.0,199.0
300075,0,30000062,2592,4.0,0,4.0,"",125.0,125.0,199.0
300075,0,30000062,3067,4.0,0,4.0,"",125.0,125.0,199.0
300075,0,30000063,95,5.0,0,5.0,"",125.0,125.0,199.0
300075,0,30000063,120,5.0,0,5.0,"",125.0,125.0,199.0
300075,0,30000063,1063,4.0,0,4.0,"",125.0,125.0,199.0
300075,0,30000063,1090,4.0,0,4.0,"",125.0,125.0,199.0
300075,0,30000063,2203,4.0,0,4.0,"",125.0,125.0,199.0
300075,0,30000063,2592,4.0,0,4.0,"",125.0,125.0,199.0
300075,0,30000063,3067,4.0,0,4.0,"",125.0,125.0,199.0
300075,0,30000064,95,2.0,0,2.0,"",125.0,125.0,199.0
300075,0,30000064,120,2.0,0,2.0,"",125.0,125.0,199.0
300075,0,30000064,1063,2.0,0,2.0,"",125.0,125.0,199.0
300075,0,30000064,1090,2.0,0,2.0,"",125.0,125.0,199.0
300075,0,30000064,2203,2.0,0,2.0,"",125.0,125.0,199.0
300075,0,30000064,2592,2.0,0,2.0,"",125.0,125.0,199.0
300075,0,30000064,3067,2.0,0,2.0,"",125.0,125.0,199.0
300076,0,30000066,1,1.0,0,1.0,"",180.0,180.0,399.0
300076,0,30000066,6,1.0,0,1.0,"",180.0,180.0,399.0
300076,0,30000066,15,1.0,0,1.0,"",180.0,180.0,399.0
300076,0,30000066,277,1.0,0,1.0,"",180.0,180.0,399.0
300076,0,30000066,448,1.0,0,1.0,"",180.0,180.0,399.0
300076,0,30000066,855,1.0,0,1.0,"",180.0,180.0,399.0
300076,0,30000066,1268,1.0,0,1.0,"",180.0,180.0,399.0
300076,0,30000066,1896,1.0,0,1.0,"",180.0,180.0,399.0
300076,0,30000067,1,4.0,0,4.0,"",180.0,180.0,399.0
300076,0,30000067,6,4.0,0,4.0,"",180.0,180.0,399.0
300076,0,30000067,15,4.0,0,4.0,"",180.0,180.0,399.0
300076,0,30000067,277,4.0,0,4.0,"",180.0,180.0,399.0
300076,0,30000067,448,4.0,0,4.0,"",180.0,180.0,399.0
300076,0,30000067,855,3.0,0,3.0,"",180.0,180.0,399.0
300076,0,30000067,1268,3.0,0,3.0,"",180.0,180.0,399.0
300076,0,30000067,1896,3.0,0,3.0,"",180.0,180.0,399.0
300076,0,30000068,1,4.0,0,4.0,"",180.0,180.0,399.0
300076,0,30000068,6,4.0,0,4.0,"",180.0,180.0,399.0
300076,0,30000068,15,4.0,0,4.0,"",180.0,180.0,399.0
300076,0,30000068,277,4.0,0,4.0,"",180.0,180.0,399.0
300076,0,30000068,448,4.0,0,4.0,"",180.0,180.0,399.0
300076,0,30000068,855,3.0,0,3.0,"",180.0,180.0,399.0
300076,0,30000068,1268,3.0,0,3.0,"",180.0,180.0,399.0
300076,0,30000068,1896,3.0,0,3.0,"",180.0,180.0,399.0
300076,0,30000069,1,4.0,0,4.0,"",180.0,180.0,399.0
300076,0,30000069,6,4.0,0,4.0,"",180.0,180.0,399.0
300076,0,30000069,15,4.0,0,4.0,"",180.0,180.0,399.0
300076,0,30000069,277,4.0,0,4.0,"",180.0,180.0,399.0
300076,0,30000069,448,4.0,0,4.0,"",180.0,180.0,399.0
300076,0,30000069,855,3.0,0,3.0,"",180.0,180.0,399.0
300076,0,30000069,1268,3.0,0,3.0,"",180.0,180.0,399.0
300076,0,30000069,1896,3.0,0,3.0,"",180.0,180.0,399.0
300077,0,30000066,2,1.0,0,1.0,"",180.0,180.0,399.0
300077,0,30000066,9,1.0,0,1.0,"",180.0,180.0,399.0
300077,0,30000066,46,1.0,0,1.0,"",180.0,180.0,399.0
300077,0,30000066,228,1.0,0,1.0,"",180.0,180.0,399.0
300077,0,30000066,276,1.0,0,1.0,"",180.0,180.0,399.0
300077,0,30000066,1875,1.0,0,1.0,"",180.0,180.0,399.0
300077,0,30000067,2,4.0,0,4.0,"",180.0,180.0,399.0
300077,0,30000067,9,4.0,0,4.0,"",180.0,180.0,399.0
300077,0,30000067,46,4.0,0,4.0,"",180.0,180.0,399.0
300077,0,30000067,228,4.0,0,4.0,"",180.0,180.0,399.0
300077,0,30000067,276,4.0,0,4.0,"",180.0,180.0,399.0
300077,0,30000067,1875,3.0,0,3.0,"",180.0,180.0,399.0
300077,0,30000067,3065,3.0,0,3.0,"",180.0,180.0,399.0
300077,0,30000067,3574,3.0,0,3.0,"",180.0,180.0,399.0
300077,0,30000068,2,4.0,0,4.0,"",180.0,180.0,399.0
300077,0,30000068,9,4.0,0,4.0,"",180.0,180.0,399.0
300077,0,30000068,46,4.0,0,4.0,"",180.0,180.0,399.0
300077,0,30000068,228,4.0,0,4.0,"",180.0,180.0,399.0
300077,0,30000068,276,4.0,0,4.0,"",180.0,180.0,399.0
300077,0,30000068,1875,3.0,0,3.0,"",180.0,180.0,399.0
300077,0,30000068,3065,3.0,0,3.0,"",180.0,180.0,399.0
300077,0,30000068,3574,3.0,0,3.0,"",180.0,180.0,399.0
300077,0,30000069,2,4.0,0,4.0,"",180.0,180.0,399.0
300077,0,30000069,9,4.0,0,4.0,"",180.0,180.0,399.0
300077,0,30000069,46,4.0,0,4.0,"",180.0,180.0,399.0
300077,0,30000069,228,4.0,0,4.0,"",180.0,180.0,399.0
300077,0,30000069,276,4.0,0,4.0,"",180.0,180.0,399.0
300077,0,30000069,1875,3.0,0,3.0,"",180.0,180.0,399.0
300077,0,30000069,3065,3.0,0,3.0,"",180.0,180.0,399.0
300077,0,30000069,3574,3.0,0,3.0,"",180.0,180.0,399.0
300078,0,30000066,3,1.0,0,1.0,"",180.0,180.0,399.0
300078,0,30000066,65,1.0,0,1.0,"",180.0,180.0,399.0
300078,0,30000066,73,1.0,0,1.0,"",180.0,180.0,399.0
300078,0,30000066,156,1.0,0,1.0,"",180.0,180.0,399.0
300078,0,30000066,245,1.0,0,1.0,"",180.0,180.0,399.0
300078,0,30000066,1132,1.0,0,1.0,"",180.0,180.0,399.0
300078,0,30000066,1204,1.0,0,1.0,"",180.0,180.0,399.0
300078,0,30000067,3,4.0,0,4.0,"",180.0,180.0,399.0
300078,0,30000067,65,4.0,0,4.0,"",180.0,180.0,399.0
300078,0,30000067,73,4.0,0,4.0,"",180.0,180.0,399.0
300078,0,30000067,156,4.0,0,4.0,"",180.0,180.0,399.0
300078,0,30000067,245,4.0,0,4.0,"",180.0,180.0,399.0
300078,0,30000067,1132,3.0,0,3.0,"",180.0,180.0,399.0
300078,0,30000067,1204,3.0,0,3.0,"",180.0,180.0,399.0
300078,0,30000068,3,4.0,0,4.0,"",180.0,180.0,399.0
300078,0,30000068,65,4.0,0,4.0,"",180.0,180.0,399.0
300078,0,30000068,73,4.0,0,4.0,"",180.0,180.0,399.0
300078,0,30000068,156,4.0,0,4.0,"",180.0,180.0,399.0
300078,0,30000068,245,4.0,0,4.0,"",180.0,180.0,399.0
300078,0,30000068,1132,3.0,0,3.0,"",180.0,180.0,399.0
300078,0,30000068,1204,3.0,0,3.0,"",180.0,180.0,399.0
300078,0,30000069,3,4.0,0,4.0,"",180.0,180.0,399.0
300078,0,30000069,65,4.0,0,4.0,"",180.0,180.0,399.0
300078,0,30000069,73,4.0,0,4.0,"",180.0,180.0,399.0
300078,0,30000069,156,4.0,0,4.0,"",180.0,180.0,399.0
300078,0,30000069,245,4.0,0,4.0,"",180.0,180.0,399.0
300078,0,30000069,1132,3.0,0,3.0,"",180.0,180.0,399.0
300078,0,30000069,1204,3.0,0,3.0,"",180.0,180.0,399.0
300079,0,30000066,138,1.0,0,1.0,"",180.0,180.0,399.0
300079,0,30000066,274,1.0,0,1.0,"",180.0,180.0,399.0
300079,0,30000066,457,1.0,0,1.0,"",180.0,180.0,399.0
300079,0,30000066,1267,1.0,0,1.0,"",180.0,180.0,399.0
300079,0,30000066,1296,1.0,0,1.0,"",180.0,180.0,399.0
300079,0,30000066,1425,1.0,0,1.0,"",180.0,180.0,399.0
300079,0,30000066,2268,1.0,0,1.0,"",180.0,180.0,399.0
300079,0,30000067,138,4.0,0,4.0,"",180.0,180.0,399.0
300079,0,30000067,274,4.0,0,4.0,"",180.0,180.0,399.0
300079,0,30000067,457,3.0,0,3.0,"",180.0,180.0,399.0
300079,0,30000067,1267,3.0,0,3.0,"",180.0,180.0,399.0
300079,0,30000067,1296,3.0,0,3.0,"",180.0,180.0,399.0
300079,0,30000067,1425,3.0,0,3.0,"",180.0,180.0,399.0
300079,0,30000067,2268,3.0,0,3.0,"",180.0,180.0,399.0
300079,0,30000068,138,4.0,0,4.0,"",180.0,180.0,399.0
300079,0,30000068,274,4.0,0,4.0,"",180.0,180.0,399.0
300079,0,30000068,457,3.0,0,3.0,"",180.0,180.0,399.0
300079,0,30000068,1267,3.0,0,3.0,"",180.0,180.0,399.0
300079,0,30000068,1296,3.0,0,3.0,"",180.0,180.0,399.0
300079,0,30000068,1425,3.0,0,3.0,"",180.0,180.0,399.0
300079,0,30000068,2268,3.0,0,3.0,"",180.0,180.0,399.0
300079,0,30000069,138,4.0,0,4.0,"",180.0,180.0,399.0
300079,0,30000069,274,4.0,0,4.0,"",180.0,180.0,399.0
300079,0,30000069,457,3.0,0,3.0,"",180.0,180.0,399.0
300079,0,30000069,1267,3.0,0,3.0,"",180.0,180.0,399.0
300079,0,30000069,1296,3.0,0,3.0,"",180.0,180.0,399.0
300079,0,30000069,1425,3.0,0,3.0,"",180.0,180.0,399.0
300079,0,30000069,2268,3.0,0,3.0,"",180.0,180.0,399.0
300080,0,30000066,94,1.0,0,1.0,"",180.0,180.0,399.0
300080,0,30000066,134,1.0,0,1.0,"",180.0,180.0,399.0
300080,0,30000066,238,1.0,0,1.0,"",180.0,180.0,399.0
300080,0,30000066,351,1.0,0,1.0,"",180.0,180.0,399.0
300080,0,30000066,353,1.0,0,1.0,"",180.0,180.0,399.0
300080,0,30000066,445,1.0,0,1.0,"",180.0,180.0,399.0
300080,0,30000066,2553,1.0,0,1.0,"",180.0,180.0,399.0
300080,0,30000067,94,4.0,0,4.0,"",180.0,180.0,399.0
300080,0,30000067,134,4.0,0,4.0,"",180.0,180.0,399.0
300080,0,30000067,238,4.0,0,4.0,"",180.0,180.0,399.0
300080,0,30000067,351,4.0,0,4.0,"",180.0,180.0,399.0
300080,0,30000067,353,4.0,0,4.0,"",180.0,180.0,399.0
300080,0,30000067,445,4.0,0,4.0,"",180.0,180.0,399.0
300080,0,30000067,2553,3.0,0,3.0,"",180.0,180.0,399.0
300080,0,30000067,3066,3.0,0,3.0,"",180.0,180.0,399.0
300080,0,30000068,94,4.0,0,4.0,"",180.0,180.0,399.0
300080,0,30000068,134,4.0,0,4.0,"",180.0,180.0,399.0
300080,0,30000068,238,4.0,0,4.0,"",180.0,180.0,399.0
300080,0,30000068,351,4.0,0,4.0,"",180.0,180.0,399.0
300080,0,30000068,353,4.0,0,4.0,"",180.0,180.0,399.0
300080,0,30000068,445,4.0,0,4.0,"",180.0,180.0,399.0
300080,0,30000068,2553,3.0,0,3.0,"",180.0,180.0,399.0
300080,0,30000068,3066,3.0,0,3.0,"",180.0,180.0,399.0
300080,0,30000069,94,4.0,0,4.0,"",180.0,180.0,399.0
300080,0,30000069,134,4.0,0,4.0,"",180.0,180.0,399.0
300080,0,30000069,238,4.0,0,4.0,"",180.0,180.0,399.0
300080,0,30000069,351,4.0,0,4.0,"",180.0,180.0,399.0
300080,0,30000069,353,4.0,0,4.0,"",180.0,180.0,399.0
300080,0,30000069,445,4.0,0,4.0,"",180.0,180.0,399.0
300080,0,30000069,2553,3.0,0,3.0,"",180.0,180.0,399.0
300080,0,30000069,3066,3.0,0,3.0,"",180.0,180.0,399.0
300081,0,30000066,14,1.0,0,1.0,"",180.0,180.0,399.0
300081,0,30000066,145,1.0,0,1.0,"",180.0,180.0,399.0
300081,0,30000066,241,1.0,0,1.0,"",180.0,180.0,399.0
300081,0,30000066,275,1.0,0,1.0,"",180.0,180.0,399.0
300081,0,30000066,432,1.0,0,1.0,"",180.0,180.0,399.0
300081,0,30000066,440,1.0,0,1.0,"",180.0,180.0,399.0
300081,0,30000066,1887,1.0,0,1.0,"",180.0,180.0,399.0
300081,0,30000066,1888,1.0,0,1.0,"",180.0,180.0,399.0
300081,0,30000067,14,4.0,0,4.0,"",180.0,180.0,399.0
300081,0,30000067,145,4.0,0,4.0,"",180.0,180.0,399.0
300081,0,30000067,241,4.0,0,4.0,"",180.0,180.0,399.0
300081,0,30000067,275,4.0,0,4.0,"",180.0,180.0,399.0
300081,0,30000067,432,4.0,0,4.0,"",180.0,180.0,399.0
300081,0,30000067,440,4.0,0,4.0,"",180.0,180.0,399.0
300081,0,30000067,1887,3.0,0,3.0,"",180.0,180.0,399.0
300081,0,30000067,1888,3.0,0,3.0,"",180.0,180.0,399.0
300081,0,30000068,14,4.0,0,4.0,"",180.0,180.0,399.0
300081,0,30000068,145,4.0,0,4.0,"",180.0,180.0,399.0
300081,0,30000068,241,4.0,0,4.0,"",180.0,180.0,399.0
300081,0,30000068,275,4.0,0,4.0,"",180.0,180.0,399.0
300081,0,30000068,432,4.0,0,4.0,"",180.0,180.0,399.0
300081,0,30000068,440,4.0,0,4.0,"",180.0,180.0,399.0
300081,0,30000068,1887,3.0,0,3.0,"",180.0,180.0,399.0
300081,0,30000068,1888,3.0,0,3.0,"",180.0,180.0,399.0
300081,0,30000069,14,4.0,0,4.0,"",180.0,180.0,399.0
300081,0,30000069,145,4.0,0,4.0,"",180.0,180.0,399.0
300081,0,30000069,241,4.0,0,4.0,"",180.0,180.0,399.0
300081,0,30000069,275,4.0,0,4.0,"",180.0,180.0,399.0
300081,0,30000069,432,4.0,0,4.0,"",180.0,180.0,399.0
300081,0,30000069,440,4.0,0,4.0,"",180.0,180.0,399.0
300081,0,30000069,1887,3.0,0,3.0,"",180.0,180.0,399.0
300081,0,30000069,1888,3.0,0,3.0,"",180.0,180.0,399.0
300082,0,30000066,130,1.0,0,1.0,"",180.0,180.0,399.0
300082,0,30000066,148,1.0,0,1.0,"",180.0,180.0,399.0
300082,0,30000066,270,1.0,0,1.0,"",180.0,180.0,399.0
300082,0,30000066,452,1.0,0,1.0,"",180.0,180.0,399.0
300082,0,30000066,2552,1.0,0,1.0,"",180.0,180.0,399.0
300082,0,30000067,130,4.0,0,4.0,"",180.0,180.0,399.0
300082,0,30000067,148,4.0,0,4.0,"",180.0,180.0,399.0
300082,0,30000067,270,4.0,0,4.0,"",180.0,180.0,399.0
300082,0,30000067,452,4.0,0,4.0,"",180.0,180.0,399.0
300082,0,30000067,2552,3.0,0,3.0,"",180.0,180.0,399.0
300082,0,30000067,3068,3.0,0,3.0,"",180.0,180.0,399.0
300082,0,30000068,130,4.0,0,4.0,"",180.0,180.0,399.0
300082,0,30000068,148,4.0,0,4.0,"",180.0,180.0,399.0
300082,0,30000068,270,4.0,0,4.0,"",180.0,180.0,399.0
300082,0,30000068,452,4.0,0,4.0,"",180.0,180.0,399.0
300082,0,30000068,2552,3.0,0,3.0,"",180.0,180.0,399.0
300082,0,30000068,3068,3.0,0,3.0,"",180.0,180.0,399.0
300082,0,30000069,130,4.0,0,4.0,"",180.0,180.0,399.0
300082,0,30000069,148,4.0,0,4.0,"",180.0,180.0,399.0
300082,0,30000069,270,4.0,0,4.0,"",180.0,180.0,399.0
300082,0,30000069,452,4.0,0,4.0,"",180.0,180.0,399.0
300082,0,30000069,2552,3.0,0,3.0,"",180.0,180.0,399.0
300082,0,30000069,3068,3.0,0,3.0,"",180.0,180.0,399.0
300083,0,30000066,32,1.0,0,1.0,"",180.0,180.0,399.0
300083,0,30000066,50,1.0,0,1.0,"",180.0,180.0,399.0
300083,0,30000066,142,1.0,0,1.0,"",180.0,180.0,399.0
300083,0,30000066,149,1.0,0,1.0,"",180.0,180.0,399.0
300083,0,30000066,352,1.0,0,1.0,"",180.0,180.0,399.0
300083,0,30000066,1663,1.0,0,1.0,"",180.0,180.0,399.0
300083,0,30000066,2267,1.0,0,1.0,"",180.0,180.0,399.0
300083,0,30000067,32,4.0,0,4.0,"",180.0,180.0,399.0
300083,0,30000067,50,4.0,0,4.0,"",180.0,180.0,399.0
300083,0,30000067,142,4.0,0,4.0,"",180.0,180.0,399.0
300083,0,30000067,149,4.0,0,4.0,"",180.0,180.0,399.0
300083,0,30000067,352,4.0,0,4.0,"",180.0,180.0,399.0
300083,0,30000067,1663,3.0,0,3.0,"",180.0,180.0,399.0
300083,0,30000067,2267,3.0,0,3.0,"",180.0,180.0,399.0
300083,0,30000068,32,4.0,0,4.0,"",180.0,180.0,399.0
300083,0,30000068,50,4.0,0,4.0,"",180.0,180.0,399.0
300083,0,30000068,142,4.0,0,4.0,"",180.0,180.0,399.0
300083,0,30000068,149,4.0,0,4.0,"",180.0,180.0,399.0
300083,0,30000068,352,4.0,0,4.0,"",180.0,180.0,399.0
300083,0,30000068,1663,3.0,0,3.0,"",180.0,180.0,399.0
300083,0,30000068,2267,3.0,0,3.0,"",180.0,180.0,399.0
300083,0,30000069,32,4.0,0,4.0,"",180.0,180.0,399.0
300083,0,30000069,50,4.0,0,4.0,"",180.0,180.0,399.0
300083,0,30000069,142,4.0,0,4.0,"",180.0,180.0,399.0
300083,0,30000069,149,4.0,0,4.0,"",180.0,180.0,399.0
300083,0,30000069,352,4.0,0,4.0,"",180.0,180.0,399.0
300083,0,30000069,1663,3.0,0,3.0,"",180.0,180.0,399.0
300083,0,30000069,2267,3.0,0,3.0,"",180.0,180.0,399.0
300084,0,30000066,95,1.0,0,1.0,"",180.0,180.0,399.0
300084,0,30000066,120,1.0,0,1.0,"",180.0,180.0,399.0
300084,0,30000066,1063,1.0,0,1.0,"",180.0,180.0,399.0
300084,0,30000066,1090,1.0,0,1.0,"",180.0,180.0,399.0
300084,0,30000066,2203,1.0,0,1.0,"",180.0,180.0,399.0
300084,0,30000066,2592,1.0,0,1.0,"",180.0,180.0,399.0
300084,0,30000067,95,4.0,0,4.0,"",180.0,180.0,399.0
300084,0,30000067,120,4.0,0,4.0,"",180.0,180.0,399.0
300084,0,30000067,1063,3.0,0,3.0,"",180.0,180.0,399.0
300084,0,30000067,1090,3.0,0,3.0,"",180.0,180.0,399.0
300084,0,30000067,2203,3.0,0,3.0,"",180.0,180.0,399.0
300084,0,30000067,2592,3.0,0,3.0,"",180.0,180.0,399.0
300084,0,30000067,3067,3.0,0,3.0,"",180.0,180.0,399.0
300084,0,30000068,95,4.0,0,4.0,"",180.0,180.0,399.0
300084,0,30000068,120,4.0,0,4.0,"",180.0,180.0,399.0
300084,0,30000068,1063,3.0,0,3.0,"",180.0,180.0,399.0
300084,0,30000068,1090,3.0,0,3.0,"",180.0,180.0,399.0
300084,0,30000068,2203,3.0,0,3.0,"",180.0,180.0,399.0
300084,0,30000068,2592,3.0,0,3.0,"",180.0,180.0,399.0
300084,0,30000068,3067,3.0,0,3.0,"",180.0,180.0,399.0
300084,0,30000069,95,4.0,0,4.0,"",180.0,180.0,399.0
300084,0,30000069,120,4.0,0,4.0,"",180.0,180.0,399.0
300084,0,30000069,1063,3.0,0,3.0,"",180.0,180.0,399.0
300084,0,30000069,1090,3.0,0,3.0,"",180.0,180.0,399.0
300084,0,30000069,2203,3.0,0,3.0,"",180.0,180.0,399.0
300084,0,30000069,2592,3.0,0,3.0,"",180.0,180.0,399.0
300084,0,30000069,3067,3.0,0,3.0,"",180.0,180.0,399.0
300085,0,30000071,1,2.0,0,2.0,"",192.0,192.0,349.0
300085,0,30000071,6,2.0,0,2.0,"",192.0,192.0,349.0
300085,0,30000071,15,2.0,0,2.0,"",192.0,192.0,349.0
300085,0,30000071,277,2.0,0,2.0,"",192.0,192.0,349.0
300085,0,30000071,448,2.0,0,2.0,"",192.0,192.0,349.0
300085,0,30000071,855,2.0,0,2.0,"",192.0,192.0,349.0
300085,0,30000071,1268,2.0,0,2.0,"",192.0,192.0,349.0
300085,0,30000071,1896,2.0,0,2.0,"",192.0,192.0,349.0
300085,0,30000072,1,3.0,0,3.0,"",192.0,192.0,349.0
300085,0,30000072,6,3.0,0,3.0,"",192.0,192.0,349.0
300085,0,30000072,15,3.0,0,3.0,"",192.0,192.0,349.0
300085,0,30000072,277,3.0,0,3.0,"",192.0,192.0,349.0
300085,0,30000072,448,3.0,0,3.0,"",192.0,192.0,349.0
300085,0,30000072,855,3.0,0,3.0,"",192.0,192.0,349.0
300085,0,30000072,1268,3.0,0,3.0,"",192.0,192.0,349.0
300085,0,30000072,1896,3.0,0,3.0,"",192.0,192.0,349.0
300085,0,30000073,1,3.0,0,3.0,"",192.0,192.0,349.0
300085,0,30000073,6,3.0,0,3.0,"",192.0,192.0,349.0
300085,0,30000073,15,3.0,0,3.0,"",192.0,192.0,349.0
300085,0,30000073,277,3.0,0,3.0,"",192.0,192.0,349.0
300085,0,30000073,448,3.0,0,3.0,"",192.0,192.0,349.0
300085,0,30000073,855,3.0,0,3.0,"",192.0,192.0,349.0
300085,0,30000073,1268,2.0,0,2.0,"",192.0,192.0,349.0
300085,0,30000073,1896,2.0,0,2.0,"",192.0,192.0,349.0
300085,0,30000074,1,2.0,0,2.0,"",192.0,192.0,349.0
300085,0,30000074,6,2.0,0,2.0,"",192.0,192.0,349.0
300085,0,30000074,15,2.0,0,2.0,"",192.0,192.0,349.0
300085,0,30000074,277,2.0,0,2.0,"",192.0,192.0,349.0
300085,0,30000074,448,1.0,0,1.0,"",192.0,192.0,349.0
300085,0,30000074,855,1.0,0,1.0,"",192.0,192.0,349.0
300085,0,30000074,1268,1.0,0,1.0,"",192.0,192.0,349.0
300085,0,30000074,1896,1.0,0,1.0,"",192.0,192.0,349.0
300085,0,30000075,1,3.0,0,3.0,"",192.0,192.0,349.0
300085,0,30000075,6,3.0,0,3.0,"",192.0,192.0,349.0
300085,0,30000075,15,3.0,0,3.0,"",192.0,192.0,349.0
300085,0,30000075,277,3.0,0,3.0,"",192.0,192.0,349.0
300085,0,30000075,448,3.0,0,3.0,"",192.0,192.0,349.0
300085,0,30000075,855,3.0,0,3.0,"",192.0,192.0,349.0
300085,0,30000075,1268,2.0,0,2.0,"",192.0,192.0,349.0
300085,0,30000075,1896,2.0,0,2.0,"",192.0,192.0,349.0
300085,0,30000076,1,5.0,0,5.0,"",192.0,192.0,349.0
300085,0,30000076,6,5.0,0,5.0,"",192.0,192.0,349.0
300085,0,30000076,15,5.0,0,5.0,"",192.0,192.0,349.0
300085,0,30000076,277,4.0,0,4.0,"",192.0,192.0,349.0
300085,0,30000076,448,4.0,0,4.0,"",192.0,192.0,349.0
300085,0,30000076,855,4.0,0,4.0,"",192.0,192.0,349.0
300085,0,30000076,1268,4.0,0,4.0,"",192.0,192.0,349.0
300085,0,30000076,1896,4.0,0,4.0,"",192.0,192.0,349.0
300085,0,30000077,1,4.0,0,4.0,"",192.0,192.0,349.0
300085,0,30000077,6,4.0,0,4.0,"",192.0,192.0,349.0
300085,0,30000077,15,4.0,0,4.0,"",192.0,192.0,349.0
300085,0,30000077,277,4.0,0,4.0,"",192.0,192.0,349.0
300085,0,30000077,448,4.0,0,4.0,"",192.0,192.0,349.0
300085,0,30000077,855,4.0,0,4.0,"",192.0,192.0,349.0
300085,0,30000077,1268,4.0,0,4.0,"",192.0,192.0,349.0
300085,0,30000077,1896,3.0,0,3.0,"",192.0,192.0,349.0
300085,0,30000078,1,3.0,0,3.0,"",192.0,192.0,349.0
300085,0,30000078,6,3.0,0,3.0,"",192.0,192.0,349.0
300085,0,30000078,15,3.0,0,3.0,"",192.0,192.0,349.0
300085,0,30000078,277,2.0,0,2.0,"",192.0,192.0,349.0
300085,0,30000078,448,2.0,0,2.0,"",192.0,192.0,349.0
300085,0,30000078,855,2.0,0,2.0,"",192.0,192.0,349.0
300085,0,30000078,1268,2.0,0,2.0,"",192.0,192.0,349.0
300085,0,30000078,1896,2.0,0,2.0,"",192.0,192.0,349.0
300085,0,30000079,1,3.0,0,3.0,"",192.0,192.0,349.0
300085,0,30000079,6,3.0,0,3.0,"",192.0,192.0,349.0
300085,0,30000079,15,3.0,0,3.0,"",192.0,192.0,349.0
300085,0,30000079,277,2.0,0,2.0,"",192.0,192.0,349.0
300085,0,30000079,448,2.0,0,2.0,"",192.0,192.0,349.0
300085,0,30000079,855,2.0,0,2.0,"",192.0,192.0,349.0
300085,0,30000079,1268,2.0,0,2.0,"",192.0,192.0,349.0
300085,0,30000079,1896,2.0,0,2.0,"",192.0,192.0,349.0
300085,0,30000080,1,4.0,0,4.0,"",192.0,192.0,349.0
300085,0,30000080,6,4.0,0,4.0,"",192.0,192.0,349.0
300085,0,30000080,15,4.0,0,4.0,"",192.0,192.0,349.0
300085,0,30000080,277,4.0,0,4.0,"",192.0,192.0,349.0
300085,0,30000080,448,4.0,0,4.0,"",192.0,192.0,349.0
300085,0,30000080,855,3.0,0,3.0,"",192.0,192.0,349.0
300085,0,30000080,1268,3.0,0,3.0,"",192.0,192.0,349.0
300085,0,30000080,1896,3.0,0,3.0,"",192.0,192.0,349.0
300085,0,30000081,1,4.0,0,4.0,"",192.0,192.0,349.0
300085,0,30000081,6,4.0,0,4.0,"",192.0,192.0,349.0
300085,0,30000081,15,4.0,0,4.0,"",192.0,192.0,349.0
300085,0,30000081,277,3.0,0,3.0,"",192.0,192.0,349.0
300085,0,30000081,448,3.0,0,3.0,"",192.0,192.0,349.0
300085,0,30000081,855,3.0,0,3.0,"",192.0,192.0,349.0
300085,0,30000081,1268,3.0,0,3.0,"",192.0,192.0,349.0
300085,0,30000081,1896,3.0,0,3.0,"",192.0,192.0,349.0
300085,0,30000082,1,2.0,0,2.0,"",192.0,192.0,349.0
300085,0,30000082,6,2.0,0,2.0,"",192.0,192.0,349.0
300085,0,30000082,15,2.0,0,2.0,"",192.0,192.0,349.0
300085,0,30000082,277,2.0,0,2.0,"",192.0,192.0,349.0
300085,0,30000082,448,2.0,0,2.0,"",192.0,192.0,349.0
300085,0,30000082,855,2.0,0,2.0,"",192.0,192.0,349.0
300085,0,30000082,1268,2.0,0,2.0,"",192.0,192.0,349.0
300085,0,30000082,1896,2.0,0,2.0,"",192.0,192.0,349.0
300086,0,30000071,2,2.0,0,2.0,"",192.0,192.0,349.0
300086,0,30000071,9,2.0,0,2.0,"",192.0,192.0,349.0
300086,0,30000071,46,2.0,0,2.0,"",192.0,192.0,349.0
300086,0,30000071,228,2.0,0,2.0,"",192.0,192.0,349.0
300086,0,30000071,276,2.0,0,2.0,"",192.0,192.0,349.0
300086,0,30000071,1875,2.0,0,2.0,"",192.0,192.0,349.0
300086,0,30000071,3065,2.0,0,2.0,"",192.0,192.0,349.0
300086,0,30000071,3574,1.0,0,1.0,"",192.0,192.0,349.0
300086,0,30000072,2,3.0,0,3.0,"",192.0,192.0,349.0
300086,0,30000072,9,3.0,0,3.0,"",192.0,192.0,349.0
300086,0,30000072,46,3.0,0,3.0,"",192.0,192.0,349.0
300086,0,30000072,228,3.0,0,3.0,"",192.0,192.0,349.0
300086,0,30000072,276,3.0,0,3.0,"",192.0,192.0,349.0
300086,0,30000072,1875,3.0,0,3.0,"",192.0,192.0,349.0
300086,0,30000072,3065,3.0,0,3.0,"",192.0,192.0,349.0
300086,0,30000072,3574,2.0,0,2.0,"",192.0,192.0,349.0
300086,0,30000073,2,3.0,0,3.0,"",192.0,192.0,349.0
300086,0,30000073,9,3.0,0,3.0,"",192.0,192.0,349.0
300086,0,30000073,46,3.0,0,3.0,"",192.0,192.0,349.0
300086,0,30000073,228,3.0,0,3.0,"",192.0,192.0,349.0
300086,0,30000073,276,3.0,0,3.0,"",192.0,192.0,349.0
300086,0,30000073,1875,2.0,0,2.0,"",192.0,192.0,349.0
300086,0,30000073,3065,2.0,0,2.0,"",192.0,192.0,349.0
300086,0,30000073,3574,2.0,0,2.0,"",192.0,192.0,349.0
300086,0,30000074,2,2.0,0,2.0,"",192.0,192.0,349.0
300086,0,30000074,9,2.0,0,2.0,"",192.0,192.0,349.0
300086,0,30000074,46,2.0,0,2.0,"",192.0,192.0,349.0
300086,0,30000074,228,2.0,0,2.0,"",192.0,192.0,349.0
300086,0,30000074,276,2.0,0,2.0,"",192.0,192.0,349.0
300086,0,30000074,1875,1.0,0,1.0,"",192.0,192.0,349.0
300086,0,30000074,3065,1.0,0,1.0,"",192.0,192.0,349.0
300086,0,30000074,3574,1.0,0,1.0,"",192.0,192.0,349.0
300086,0,30000075,2,3.0,0,3.0,"",192.0,192.0,349.0
300086,0,30000075,9,3.0,0,3.0,"",192.0,192.0,349.0
300086,0,30000075,46,3.0,0,3.0,"",192.0,192.0,349.0
300086,0,30000075,228,3.0,0,3.0,"",192.0,192.0,349.0
300086,0,30000075,276,3.0,0,3.0,"",192.0,192.0,349.0
300086,0,30000075,1875,2.0,0,2.0,"",192.0,192.0,349.0
300086,0,30000075,3065,2.0,0,2.0,"",192.0,192.0,349.0
300086,0,30000075,3574,2.0,0,2.0,"",192.0,192.0,349.0
300086,0,30000076,2,5.0,0,5.0,"",192.0,192.0,349.0
300086,0,30000076,9,5.0,0,5.0,"",192.0,192.0,349.0
300086,0,30000076,46,5.0,0,5.0,"",192.0,192.0,349.0
300086,0,30000076,228,4.0,0,4.0,"",192.0,192.0,349.0
300086,0,30000076,276,4.0,0,4.0,"",192.0,192.0,349.0
300086,0,30000076,1875,4.0,0,4.0,"",192.0,192.0,349.0
300086,0,30000076,3065,4.0,0,4.0,"",192.0,192.0,349.0
300086,0,30000076,3574,4.0,0,4.0,"",192.0,192.0,349.0
300086,0,30000077,2,4.0,0,4.0,"",192.0,192.0,349.0
300086,0,30000077,9,4.0,0,4.0,"",192.0,192.0,349.0
300086,0,30000077,46,4.0,0,4.0,"",192.0,192.0,349.0
300086,0,30000077,228,4.0,0,4.0,"",192.0,192.0,349.0
300086,0,30000077,276,4.0,0,4.0,"",192.0,192.0,349.0
300086,0,30000077,1875,3.0,0,3.0,"",192.0,192.0,349.0
300086,0,30000077,3065,3.0,0,3.0,"",192.0,192.0,349.0
300086,0,30000077,3574,3.0,0,3.0,"",192.0,192.0,349.0
300086,0,30000078,2,3.0,0,3.0,"",192.0,192.0,349.0
300086,0,30000078,9,3.0,0,3.0,"",192.0,192.0,349.0
300086,0,30000078,46,3.0,0,3.0,"",192.0,192.0,349.0
300086,0,30000078,228,2.0,0,2.0,"",192.0,192.0,349.0
300086,0,30000078,276,2.0,0,2.0,"",192.0,192.0,349.0
300086,0,30000078,1875,2.0,0,2.0,"",192.0,192.0,349.0
300086,0,30000078,3065,2.0,0,2.0,"",192.0,192.0,349.0
300086,0,30000078,3574,2.0,0,2.0,"",192.0,192.0,349.0
300086,0,30000079,2,3.0,0,3.0,"",192.0,192.0,349.0
300086,0,30000079,9,3.0,0,3.0,"",192.0,192.0,349.0
300086,0,30000079,46,3.0,0,3.0,"",192.0,192.0,349.0
300086,0,30000079,228,2.0,0,2.0,"",192.0,192.0,349.0
300086,0,30000079,276,2.0,0,2.0,"",192.0,192.0,349.0
300086,0,30000079,1875,2.0,0,2.0,"",192.0,192.0,349.0
300086,0,30000079,3065,2.0,0,2.0,"",192.0,192.0,349.0
300086,0,30000079,3574,2.0,0,2.0,"",192.0,192.0,349.0
300086,0,30000080,2,4.0,0,4.0,"",192.0,192.0,349.0
300086,0,30000080,9,4.0,0,4.0,"",192.0,192.0,349.0
300086,0,30000080,46,4.0,0,4.0,"",192.0,192.0,349.0
300086,0,30000080,228,4.0,0,4.0,"",192.0,192.0,349.0
300086,0,30000080,276,4.0,0,4.0,"",192.0,192.0,349.0
300086,0,30000080,1875,3.0,0,3.0,"",192.0,192.0,349.0
300086,0,30000080,3065,3.0,0,3.0,"",192.0,192.0,349.0
300086,0,30000080,3574,3.0,0,3.0,"",192.0,192.0,349.0
300086,0,30000081,2,4.0,0,4.0,"",192.0,192.0,349.0
300086,0,30000081,9,4.0,0,4.0,"",192.0,192.0,349.0
300086,0,30000081,46,4.0,0,4.0,"",192.0,192.0,349.0
300086,0,30000081,228,3.0,0,3.0,"",192.0,192.0,349.0
300086,0,30000081,276,3.0,0,3.0,"",192.0,192.0,349.0
300086,0,30000081,1875,3.0,0,3.0,"",192.0,192.0,349.0
300086,0,30000081,3065,3.0,0,3.0,"",192.0,192.0,349.0
300086,0,30000081,3574,3.0,0,3.0,"",192.0,192.0,349.0
300086,0,30000082,2,2.0,0,2.0,"",192.0,192.0,349.0
300086,0,30000082,9,2.0,0,2.0,"",192.0,192.0,349.0
300086,0,30000082,46,2.0,0,2.0,"",192.0,192.0,349.0
300086,0,30000082,228,2.0,0,2.0,"",192.0,192.0,349.0
300086,0,30000082,276,2.0,0,2.0,"",192.0,192.0,349.0
300086,0,30000082,1875,2.0,0,2.0,"",192.0,192.0,349.0
300086,0,30000082,3065,1.0,0,1.0,"",192.0,192.0,349.0
300086,0,30000082,3574,1.0,0,1.0,"",192.0,192.0,349.0
300087,0,30000071,3,2.0,0,2.0,"",192.0,192.0,349.0
300087,0,30000071,65,2.0,0,2.0,"",192.0,192.0,349.0
300087,0,30000071,73,2.0,0,2.0,"",192.0,192.0,349.0
300087,0,30000071,156,2.0,0,2.0,"",192.0,192.0,349.0
300087,0,30000071,245,2.0,0,2.0,"",192.0,192.0,349.0
300087,0,30000071,1132,2.0,0,2.0,"",192.0,192.0,349.0
300087,0,30000071,1204,2.0,0,2.0,"",192.0,192.0,349.0
300087,0,30000072,3,3.0,0,3.0,"",192.0,192.0,349.0
300087,0,30000072,65,3.0,0,3.0,"",192.0,192.0,349.0
300087,0,30000072,73,3.0,0,3.0,"",192.0,192.0,349.0
300087,0,30000072,156,3.0,0,3.0,"",192.0,192.0,349.0
300087,0,30000072,245,3.0,0,3.0,"",192.0,192.0,349.0
300087,0,30000072,1132,3.0,0,3.0,"",192.0,192.0,349.0
300087,0,30000072,1204,3.0,0,3.0,"",192.0,192.0,349.0
300087,0,30000073,3,3.0,0,3.0,"",192.0,192.0,349.0
300087,0,30000073,65,3.0,0,3.0,"",192.0,192.0,349.0
300087,0,30000073,73,3.0,0,3.0,"",192.0,192.0,349.0
300087,0,30000073,156,3.0,0,3.0,"",192.0,192.0,349.0
300087,0,30000073,245,3.0,0,3.0,"",192.0,192.0,349.0
300087,0,30000073,1132,2.0,0,2.0,"",192.0,192.0,349.0
300087,0,30000073,1204,2.0,0,2.0,"",192.0,192.0,349.0
300087,0,30000074,3,2.0,0,2.0,"",192.0,192.0,349.0
300087,0,30000074,65,2.0,0,2.0,"",192.0,192.0,349.0
300087,0,30000074,73,2.0,0,2.0,"",192.0,192.0,349.0
300087,0,30000074,156,2.0,0,2.0,"",192.0,192.0,349.0
300087,0,30000074,245,2.0,0,2.0,"",192.0,192.0,349.0
300087,0,30000074,1132,1.0,0,1.0,"",192.0,192.0,349.0
300087,0,30000074,1204,1.0,0,1.0,"",192.0,192.0,349.0
300087,0,30000075,3,3.0,0,3.0,"",192.0,192.0,349.0
300087,0,30000075,65,3.0,0,3.0,"",192.0,192.0,349.0
300087,0,30000075,73,3.0,0,3.0,"",192.0,192.0,349.0
300087,0,30000075,156,3.0,0,3.0,"",192.0,192.0,349.0
300087,0,30000075,245,3.0,0,3.0,"",192.0,192.0,349.0
300087,0,30000075,1132,2.0,0,2.0,"",192.0,192.0,349.0
300087,0,30000075,1204,2.0,0,2.0,"",192.0,192.0,349.0
300087,0,30000076,3,5.0,0,5.0,"",192.0,192.0,349.0
300087,0,30000076,65,4.0,0,4.0,"",192.0,192.0,349.0
300087,0,30000076,73,4.0,0,4.0,"",192.0,192.0,349.0
300087,0,30000076,156,4.0,0,4.0,"",192.0,192.0,349.0
300087,0,30000076,245,4.0,0,4.0,"",192.0,192.0,349.0
300087,0,30000076,1132,4.0,0,4.0,"",192.0,192.0,349.0
300087,0,30000076,1204,4.0,0,4.0,"",192.0,192.0,349.0
300087,0,30000077,3,4.0,0,4.0,"",192.0,192.0,349.0
300087,0,30000077,65,4.0,0,4.0,"",192.0,192.0,349.0
300087,0,30000077,73,4.0,0,4.0,"",192.0,192.0,349.0
300087,0,30000077,156,4.0,0,4.0,"",192.0,192.0,349.0
300087,0,30000077,245,4.0,0,4.0,"",192.0,192.0,349.0
300087,0,30000077,1132,4.0,0,4.0,"",192.0,192.0,349.0
300087,0,30000077,1204,4.0,0,4.0,"",192.0,192.0,349.0
300087,0,30000078,3,3.0,0,3.0,"",192.0,192.0,349.0
300087,0,30000078,65,3.0,0,3.0,"",192.0,192.0,349.0
300087,0,30000078,73,2.0,0,2.0,"",192.0,192.0,349.0
300087,0,30000078,156,2.0,0,2.0,"",192.0,192.0,349.0
300087,0,30000078,245,2.0,0,2.0,"",192.0,192.0,349.0
300087,0,30000078,1132,2.0,0,2.0,"",192.0,192.0,349.0
300087,0,30000078,1204,2.0,0,2.0,"",192.0,192.0,349.0
300087,0,30000079,3,3.0,0,3.0,"",192.0,192.0,349.0
300087,0,30000079,65,3.0,0,3.0,"",192.0,192.0,349.0
300087,0,30000079,73,3.0,0,3.0,"",192.0,192.0,349.0
300087,0,30000079,156,2.0,0,2.0,"",192.0,192.0,349.0
300087,0,30000079,245,2.0,0,2.0,"",192.0,192.0,349.0
300087,0,30000079,1132,2.0,0,2.0,"",192.0,192.0,349.0
300087,0,30000079,1204,2.0,0,2.0,"",192.0,192.0,349.0
300087,0,30000080,3,4.0,0,4.0,"",192.0,192.0,349.0
300087,0,30000080,65,4.0,0,4.0,"",192.0,192.0,349.0
300087,0,30000080,73,4.0,0,4.0,"",192.0,192.0,349.0
300087,0,30000080,156,4.0,0,4.0,"",192.0,192.0,349.0
300087,0,30000080,245,4.0,0,4.0,"",192.0,192.0,349.0
300087,0,30000080,1132,3.0,0,3.0,"",192.0,192.0,349.0
300087,0,30000080,1204,3.0,0,3.0,"",192.0,192.0,349.0
300087,0,30000081,3,4.0,0,4.0,"",192.0,192.0,349.0
300087,0,30000081,65,4.0,0,4.0,"",192.0,192.0,349.0
300087,0,30000081,73,4.0,0,4.0,"",192.0,192.0,349.0
300087,0,30000081,156,3.0,0,3.0,"",192.0,192.0,349.0
300087,0,30000081,245,3.0,0,3.0,"",192.0,192.0,349.0
300087,0,30000081,1132,3.0,0,3.0,"",192.0,192.0,349.0
300087,0,30000081,1204,3.0,0,3.0,"",192.0,192.0,349.0
300087,0,30000082,3,2.0,0,2.0,"",192.0,192.0,349.0
300087,0,30000082,65,2.0,0,2.0,"",192.0,192.0,349.0
300087,0,30000082,73,2.0,0,2.0,"",192.0,192.0,349.0
300087,0,30000082,156,2.0,0,2.0,"",192.0,192.0,349.0
300087,0,30000082,245,2.0,0,2.0,"",192.0,192.0,349.0
300087,0,30000082,1132,2.0,0,2.0,"",192.0,192.0,349.0
300087,0,30000082,1204,2.0,0,2.0,"",192.0,192.0,349.0
300088,0,30000071,138,2.0,0,2.0,"",192.0,192.0,349.0
300088,0,30000071,274,2.0,0,2.0,"",192.0,192.0,349.0
300088,0,30000071,457,2.0,0,2.0,"",192.0,192.0,349.0
300088,0,30000071,1267,2.0,0,2.0,"",192.0,192.0,349.0
300088,0,30000071,1296,2.0,0,2.0,"",192.0,192.0,349.0
300088,0,30000071,1425,2.0,0,2.0,"",192.0,192.0,349.0
300088,0,30000071,2268,2.0,0,2.0,"",192.0,192.0,349.0
300088,0,30000072,138,3.0,0,3.0,"",192.0,192.0,349.0
300088,0,30000072,274,3.0,0,3.0,"",192.0,192.0,349.0
300088,0,30000072,457,3.0,0,3.0,"",192.0,192.0,349.0
300088,0,30000072,1267,3.0,0,3.0,"",192.0,192.0,349.0
300088,0,30000072,1296,3.0,0,3.0,"",192.0,192.0,349.0
300088,0,30000072,1425,3.0,0,3.0,"",192.0,192.0,349.0
300088,0,30000072,2268,3.0,0,3.0,"",192.0,192.0,349.0
300088,0,30000073,138,3.0,0,3.0,"",192.0,192.0,349.0
300088,0,30000073,274,3.0,0,3.0,"",192.0,192.0,349.0
300088,0,30000073,457,3.0,0,3.0,"",192.0,192.0,349.0
300088,0,30000073,1267,2.0,0,2.0,"",192.0,192.0,349.0
300088,0,30000073,1296,2.0,0,2.0,"",192.0,192.0,349.0
300088,0,30000073,1425,2.0,0,2.0,"",192.0,192.0,349.0
300088,0,30000073,2268,2.0,0,2.0,"",192.0,192.0,349.0
300088,0,30000074,138,2.0,0,2.0,"",192.0,192.0,349.0
300088,0,30000074,274,2.0,0,2.0,"",192.0,192.0,349.0
300088,0,30000074,457,1.0,0,1.0,"",192.0,192.0,349.0
300088,0,30000074,1267,1.0,0,1.0,"",192.0,192.0,349.0
300088,0,30000074,1296,1.0,0,1.0,"",192.0,192.0,349.0
300088,0,30000074,1425,1.0,0,1.0,"",192.0,192.0,349.0
300088,0,30000074,2268,1.0,0,1.0,"",192.0,192.0,349.0
300088,0,30000075,138,3.0,0,3.0,"",192.0,192.0,349.0
300088,0,30000075,274,3.0,0,3.0,"",192.0,192.0,349.0
300088,0,30000075,457,3.0,0,3.0,"",192.0,192.0,349.0
300088,0,30000075,1267,2.0,0,2.0,"",192.0,192.0,349.0
300088,0,30000075,1296,2.0,0,2.0,"",192.0,192.0,349.0
300088,0,30000075,1425,2.0,0,2.0,"",192.0,192.0,349.0
300088,0,30000075,2268,2.0,0,2.0,"",192.0,192.0,349.0
300088,0,30000076,138,4.0,0,4.0,"",192.0,192.0,349.0
300088,0,30000076,274,4.0,0,4.0,"",192.0,192.0,349.0
300088,0,30000076,457,4.0,0,4.0,"",192.0,192.0,349.0
300088,0,30000076,1267,4.0,0,4.0,"",192.0,192.0,349.0
300088,0,30000076,1296,4.0,0,4.0,"",192.0,192.0,349.0
300088,0,30000076,1425,4.0,0,4.0,"",192.0,192.0,349.0
300088,0,30000076,2268,4.0,0,4.0,"",192.0,192.0,349.0
300088,0,30000077,138,4.0,0,4.0,"",192.0,192.0,349.0
300088,0,30000077,274,4.0,0,4.0,"",192.0,192.0,349.0
300088,0,30000077,457,4.0,0,4.0,"",192.0,192.0,349.0
300088,0,30000077,1267,4.0,0,4.0,"",192.0,192.0,349.0
300088,0,30000077,1296,4.0,0,4.0,"",192.0,192.0,349.0
300088,0,30000077,1425,3.0,0,3.0,"",192.0,192.0,349.0
300088,0,30000077,2268,3.0,0,3.0,"",192.0,192.0,349.0
300088,0,30000078,138,2.0,0,2.0,"",192.0,192.0,349.0
300088,0,30000078,274,2.0,0,2.0,"",192.0,192.0,349.0
300088,0,30000078,457,2.0,0,2.0,"",192.0,192.0,349.0
300088,0,30000078,1267,2.0,0,2.0,"",192.0,192.0,349.0
300088,0,30000078,1296,2.0,0,2.0,"",192.0,192.0,349.0
300088,0,30000078,1425,2.0,0,2.0,"",192.0,192.0,349.0
300088,0,30000078,2268,2.0,0,2.0,"",192.0,192.0,349.0
300088,0,30000079,138,3.0,0,3.0,"",192.0,192.0,349.0
300088,0,30000079,274,2.0,0,2.0,"",192.0,192.0,349.0
300088,0,30000079,457,2.0,0,2.0,"",192.0,192.0,349.0
300088,0,30000079,1267,2.0,0,2.0,"",192.0,192.0,349.0
300088,0,30000079,1296,2.0,0,2.0,"",192.0,192.0,349.0
300088,0,30000079,1425,2.0,0,2.0,"",192.0,192.0,349.0
300088,0,30000079,2268,2.0,0,2.0,"",192.0,192.0,349.0
300088,0,30000080,138,4.0,0,4.0,"",192.0,192.0,349.0
300088,0,30000080,274,4.0,0,4.0,"",192.0,192.0,349.0
300088,0,30000080,457,3.0,0,3.0,"",192.0,192.0,349.0
300088,0,30000080,1267,3.0,0,3.0,"",192.0,192.0,349.0
300088,0,30000080,1296,3.0,0,3.0,"",192.0,192.0,349.0
300088,0,30000080,1425,3.0,0,3.0,"",192.0,192.0,349.0
300088,0,30000080,2268,3.0,0,3.0,"",192.0,192.0,349.0
300088,0,30000081,138,3.0,0,3.0,"",192.0,192.0,349.0
300088,0,30000081,274,3.0,0,3.0,"",192.0,192.0,349.0
300088,0,30000081,457,3.0,0,3.0,"",192.0,192.0,349.0
300088,0,30000081,1267,3.0,0,3.0,"",192.0,192.0,349.0
300088,0,30000081,1296,3.0,0,3.0,"",192.0,192.0,349.0
300088,0,30000081,1425,3.0,0,3.0,"",192.0,192.0,349.0
300088,0,30000081,2268,3.0,0,3.0,"",192.0,192.0,349.0
300088,0,30000082,138,2.0,0,2.0,"",192.0,192.0,349.0
300088,0,30000082,274,2.0,0,2.0,"",192.0,192.0,349.0
300088,0,30000082,457,2.0,0,2.0,"",192.0,192.0,349.0
300088,0,30000082,1267,2.0,0,2.0,"",192.0,192.0,349.0
300088,0,30000082,1296,2.0,0,2.0,"",192.0,192.0,349.0
300088,0,30000082,1425,2.0,0,2.0,"",192.0,192.0,349.0
300088,0,30000082,2268,2.0,0,2.0,"",192.0,192.0,349.0
300089,0,30000071,94,2.0,0,2.0,"",192.0,192.0,349.0
300089,0,30000071,134,2.0,0,2.0,"",192.0,192.0,349.0
300089,0,30000071,238,2.0,0,2.0,"",192.0,192.0,349.0
300089,0,30000071,351,2.0,0,2.0,"",192.0,192.0,349.0
300089,0,30000071,353,2.0,0,2.0,"",192.0,192.0,349.0
300089,0,30000071,445,2.0,0,2.0,"",192.0,192.0,349.0
300089,0,30000071,2553,2.0,0,2.0,"",192.0,192.0,349.0
300089,0,30000071,3066,1.0,0,1.0,"",192.0,192.0,349.0
300089,0,30000072,94,3.0,0,3.0,"",192.0,192.0,349.0
300089,0,30000072,134,3.0,0,3.0,"",192.0,192.0,349.0
300089,0,30000072,238,3.0,0,3.0,"",192.0,192.0,349.0
300089,0,30000072,351,3.0,0,3.0,"",192.0,192.0,349.0
300089,0,30000072,353,3.0,0,3.0,"",192.0,192.0,349.0
300089,0,30000072,445,3.0,0,3.0,"",192.0,192.0,349.0
300089,0,30000072,2553,3.0,0,3.0,"",192.0,192.0,349.0
300089,0,30000072,3066,3.0,0,3.0,"",192.0,192.0,349.0
300089,0,30000073,94,3.0,0,3.0,"",192.0,192.0,349.0
300089,0,30000073,134,3.0,0,3.0,"",192.0,192.0,349.0
300089,0,30000073,238,3.0,0,3.0,"",192.0,192.0,349.0
300089,0,30000073,351,3.0,0,3.0,"",192.0,192.0,349.0
300089,0,30000073,353,3.0,0,3.0,"",192.0,192.0,349.0
300089,0,30000073,445,3.0,0,3.0,"",192.0,192.0,349.0
300089,0,30000073,2553,2.0,0,2.0,"",192.0,192.0,349.0
300089,0,30000073,3066,2.0,0,2.0,"",192.0,192.0,349.0
300089,0,30000074,94,2.0,0,2.0,"",192.0,192.0,349.0
300089,0,30000074,134,2.0,0,2.0,"",192.0,192.0,349.0
300089,0,30000074,238,2.0,0,2.0,"",192.0,192.0,349.0
300089,0,30000074,351,2.0,0,2.0,"",192.0,192.0,349.0
300089,0,30000074,353,2.0,0,2.0,"",192.0,192.0,349.0
300089,0,30000074,445,1.0,0,1.0,"",192.0,192.0,349.0
300089,0,30000074,2553,1.0,0,1.0,"",192.0,192.0,349.0
300089,0,30000074,3066,1.0,0,1.0,"",192.0,192.0,349.0
300089,0,30000075,94,3.0,0,3.0,"",192.0,192.0,349.0
300089,0,30000075,134,3.0,0,3.0,"",192.0,192.0,349.0
300089,0,30000075,238,3.0,0,3.0,"",192.0,192.0,349.0
300089,0,30000075,351,3.0,0,3.0,"",192.0,192.0,349.0
300089,0,30000075,353,3.0,0,3.0,"",192.0,192.0,349.0
300089,0,30000075,445,3.0,0,3.0,"",192.0,192.0,349.0
300089,0,30000075,2553,2.0,0,2.0,"",192.0,192.0,349.0
300089,0,30000075,3066,2.0,0,2.0,"",192.0,192.0,349.0
300089,0,30000076,94,4.0,0,4.0,"",192.0,192.0,349.0
300089,0,30000076,134,4.0,0,4.0,"",192.0,192.0,349.0
300089,0,30000076,238,4.0,0,4.0,"",192.0,192.0,349.0
300089,0,30000076,351,4.0,0,4.0,"",192.0,192.0,349.0
300089,0,30000076,353,4.0,0,4.0,"",192.0,192.0,349.0
300089,0,30000076,445,4.0,0,4.0,"",192.0,192.0,349.0
300089,0,30000076,2553,4.0,0,4.0,"",192.0,192.0,349.0
300089,0,30000076,3066,4.0,0,4.0,"",192.0,192.0,349.0
300089,0,30000077,94,4.0,0,4.0,"",192.0,192.0,349.0
300089,0,30000077,134,4.0,0,4.0,"",192.0,192.0,349.0
300089,0,30000077,238,4.0,0,4.0,"",192.0,192.0,349.0
300089,0,30000077,351,4.0,0,4.0,"",192.0,192.0,349.0
300089,0,30000077,353,4.0,0,4.0,"",192.0,192.0,349.0
300089,0,30000077,445,4.0,0,4.0,"",192.0,192.0,349.0
300089,0,30000077,2553,3.0,0,3.0,"",192.0,192.0,349.0
300089,0,30000077,3066,3.0,0,3.0,"",192.0,192.0,349.0
300089,0,30000078,94,2.0,0,2.0,"",192.0,192.0,349.0
300089,0,30000078,134,2.0,0,2.0,"",192.0,192.0,349.0
300089,0,30000078,238,2.0,0,2.0,"",192.0,192.0,349.0
300089,0,30000078,351,2.0,0,2.0,"",192.0,192.0,349.0
300089,0,30000078,353,2.0,0,2.0,"",192.0,192.0,349.0
300089,0,30000078,445,2.0,0,2.0,"",192.0,192.0,349.0
300089,0,30000078,2553,2.0,0,2.0,"",192.0,192.0,349.0
300089,0,30000078,3066,2.0,0,2.0,"",192.0,192.0,349.0
300089,0,30000079,94,3.0,0,3.0,"",192.0,192.0,349.0
300089,0,30000079,134,3.0,0,3.0,"",192.0,192.0,349.0
300089,0,30000079,238,2.0,0,2.0,"",192.0,192.0,349.0
300089,0,30000079,351,2.0,0,2.0,"",192.0,192.0,349.0
300089,0,30000079,353,2.0,0,2.0,"",192.0,192.0,349.0
300089,0,30000079,445,2.0,0,2.0,"",192.0,192.0,349.0
300089,0,30000079,2553,2.0,0,2.0,"",192.0,192.0,349.0
300089,0,30000079,3066,2.0,0,2.0,"",192.0,192.0,349.0
300089,0,30000080,94,4.0,0,4.0,"",192.0,192.0,349.0
300089,0,30000080,134,4.0,0,4.0,"",192.0,192.0,349.0
300089,0,30000080,238,4.0,0,4.0,"",192.0,192.0,349.0
300089,0,30000080,351,4.0,0,4.0,"",192.0,192.0,349.0
300089,0,30000080,353,4.0,0,4.0,"",192.0,192.0,349.0
300089,0,30000080,445,4.0,0,4.0,"",192.0,192.0,349.0
300089,0,30000080,2553,3.0,0,3.0,"",192.0,192.0,349.0
300089,0,30000080,3066,3.0,0,3.0,"",192.0,192.0,349.0
300089,0,30000081,94,4.0,0,4.0,"",192.0,192.0,349.0
300089,0,30000081,134,4.0,0,4.0,"",192.0,192.0,349.0
300089,0,30000081,238,3.0,0,3.0,"",192.0,192.0,349.0
300089,0,30000081,351,3.0,0,3.0,"",192.0,192.0,349.0
300089,0,30000081,353,3.0,0,3.0,"",192.0,192.0,349.0
300089,0,30000081,445,3.0,0,3.0,"",192.0,192.0,349.0
300089,0,30000081,2553,3.0,0,3.0,"",192.0,192.0,349.0
300089,0,30000081,3066,3.0,0,3.0,"",192.0,192.0,349.0
300089,0,30000082,94,2.0,0,2.0,"",192.0,192.0,349.0
300089,0,30000082,134,2.0,0,2.0,"",192.0,192.0,349.0
300089,0,30000082,238,2.0,0,2.0,"",192.0,192.0,349.0
300089,0,30000082,351,2.0,0,2.0,"",192.0,192.0,349.0
300089,0,30000082,353,2.0,0,2.0,"",192.0,192.0,349.0
300089,0,30000082,445,2.0,0,2.0,"",192.0,192.0,349.0
300089,0,30000082,2553,1.0,0,1.0,"",192.0,192.0,349.0
300089,0,30000082,3066,1.0,0,1.0,"",192.0,192.0,349.0
300090,0,30000071,14,2.0,0,2.0,"",192.0,192.0,349.0
300090,0,30000071,145,2.0,0,2.0,"",192.0,192.0,349.0
300090,0,30000071,241,2.0,0,2.0,"",192.0,192.0,349.0
300090,0,30000071,275,2.0,0,2.0,"",192.0,192.0,349.0
300090,0,30000071,432,2.0,0,2.0,"",192.0,192.0,349.0
300090,0,30000071,440,2.0,0,2.0,"",192.0,192.0,349.0
300090,0,30000071,1887,2.0,0,2.0,"",192.0,192.0,349.0
300090,0,30000071,1888,2.0,0,2.0,"",192.0,192.0,349.0
300090,0,30000072,14,3.0,0,3.0,"",192.0,192.0,349.0
300090,0,30000072,145,3.0,0,3.0,"",192.0,192.0,349.0
300090,0,30000072,241,3.0,0,3.0,"",192.0,192.0,349.0
300090,0,30000072,275,3.0,0,3.0,"",192.0,192.0,349.0
300090,0,30000072,432,3.0,0,3.0,"",192.0,192.0,349.0
300090,0,30000072,440,3.0,0,3.0,"",192.0,192.0,349.0
300090,0,30000072,1887,3.0,0,3.0,"",192.0,192.0,349.0
300090,0,30000072,1888,3.0,0,3.0,"",192.0,192.0,349.0
300090,0,30000073,14,3.0,0,3.0,"",192.0,192.0,349.0
300090,0,30000073,145,3.0,0,3.0,"",192.0,192.0,349.0
300090,0,30000073,241,3.0,0,3.0,"",192.0,192.0,349.0
300090,0,30000073,275,3.0,0,3.0,"",192.0,192.0,349.0
300090,0,30000073,432,3.0,0,3.0,"",192.0,192.0,349.0
300090,0,30000073,440,3.0,0,3.0,"",192.0,192.0,349.0
300090,0,30000073,1887,2.0,0,2.0,"",192.0,192.0,349.0
300090,0,30000073,1888,2.0,0,2.0,"",192.0,192.0,349.0
300090,0,30000074,14,2.0,0,2.0,"",192.0,192.0,349.0
300090,0,30000074,145,2.0,0,2.0,"",192.0,192.0,349.0
300090,0,30000074,241,2.0,0,2.0,"",192.0,192.0,349.0
300090,0,30000074,275,2.0,0,2.0,"",192.0,192.0,349.0
300090,0,30000074,432,2.0,0,2.0,"",192.0,192.0,349.0
300090,0,30000074,440,2.0,0,2.0,"",192.0,192.0,349.0
300090,0,30000074,1887,1.0,0,1.0,"",192.0,192.0,349.0
300090,0,30000074,1888,1.0,0,1.0,"",192.0,192.0,349.0
300090,0,30000075,14,3.0,0,3.0,"",192.0,192.0,349.0
300090,0,30000075,145,3.0,0,3.0,"",192.0,192.0,349.0
300090,0,30000075,241,3.0,0,3.0,"",192.0,192.0,349.0
300090,0,30000075,275,3.0,0,3.0,"",192.0,192.0,349.0
300090,0,30000075,432,3.0,0,3.0,"",192.0,192.0,349.0
300090,0,30000075,440,3.0,0,3.0,"",192.0,192.0,349.0
300090,0,30000075,1887,2.0,0,2.0,"",192.0,192.0,349.0
300090,0,30000075,1888,2.0,0,2.0,"",192.0,192.0,349.0
300090,0,30000076,14,5.0,0,5.0,"",192.0,192.0,349.0
300090,0,30000076,145,4.0,0,4.0,"",192.0,192.0,349.0
300090,0,30000076,241,4.0,0,4.0,"",192.0,192.0,349.0
300090,0,30000076,275,4.0,0,4.0,"",192.0,192.0,349.0
300090,0,30000076,432,4.0,0,4.0,"",192.0,192.0,349.0
300090,0,30000076,440,4.0,0,4.0,"",192.0,192.0,349.0
300090,0,30000076,1887,4.0,0,4.0,"",192.0,192.0,349.0
300090,0,30000076,1888,4.0,0,4.0,"",192.0,192.0,349.0
300090,0,30000077,14,4.0,0,4.0,"",192.0,192.0,349.0
300090,0,30000077,145,4.0,0,4.0,"",192.0,192.0,349.0
300090,0,30000077,241,4.0,0,4.0,"",192.0,192.0,349.0
300090,0,30000077,275,4.0,0,4.0,"",192.0,192.0,349.0
300090,0,30000077,432,4.0,0,4.0,"",192.0,192.0,349.0
300090,0,30000077,440,4.0,0,4.0,"",192.0,192.0,349.0
300090,0,30000077,1887,3.0,0,3.0,"",192.0,192.0,349.0
300090,0,30000077,1888,3.0,0,3.0,"",192.0,192.0,349.0
300090,0,30000078,14,3.0,0,3.0,"",192.0,192.0,349.0
300090,0,30000078,145,2.0,0,2.0,"",192.0,192.0,349.0
300090,0,30000078,241,2.0,0,2.0,"",192.0,192.0,349.0
300090,0,30000078,275,2.0,0,2.0,"",192.0,192.0,349.0
300090,0,30000078,432,2.0,0,2.0,"",192.0,192.0,349.0
300090,0,30000078,440,2.0,0,2.0,"",192.0,192.0,349.0
300090,0,30000078,1887,2.0,0,2.0,"",192.0,192.0,349.0
300090,0,30000078,1888,2.0,0,2.0,"",192.0,192.0,349.0
300090,0,30000079,14,3.0,0,3.0,"",192.0,192.0,349.0
300090,0,30000079,145,3.0,0,3.0,"",192.0,192.0,349.0
300090,0,30000079,241,2.0,0,2.0,"",192.0,192.0,349.0
300090,0,30000079,275,2.0,0,2.0,"",192.0,192.0,349.0
300090,0,30000079,432,2.0,0,2.0,"",192.0,192.0,349.0
300090,0,30000079,440,2.0,0,2.0,"",192.0,192.0,349.0
300090,0,30000079,1887,2.0,0,2.0,"",192.0,192.0,349.0
300090,0,30000079,1888,2.0,0,2.0,"",192.0,192.0,349.0
300090,0,30000080,14,4.0,0,4.0,"",192.0,192.0,349.0
300090,0,30000080,145,4.0,0,4.0,"",192.0,192.0,349.0
300090,0,30000080,241,4.0,0,4.0,"",192.0,192.0,349.0
300090,0,30000080,275,4.0,0,4.0,"",192.0,192.0,349.0
300090,0,30000080,432,4.0,0,4.0,"",192.0,192.0,349.0
300090,0,30000080,440,4.0,0,4.0,"",192.0,192.0,349.0
300090,0,30000080,1887,3.0,0,3.0,"",192.0,192.0,349.0
300090,0,30000080,1888,3.0,0,3.0,"",192.0,192.0,349.0
300090,0,30000081,14,4.0,0,4.0,"",192.0,192.0,349.0
300090,0,30000081,145,3.0,0,3.0,"",192.0,192.0,349.0
300090,0,30000081,241,3.0,0,3.0,"",192.0,192.0,349.0
300090,0,30000081,275,3.0,0,3.0,"",192.0,192.0,349.0
300090,0,30000081,432,3.0,0,3.0,"",192.0,192.0,349.0
300090,0,30000081,440,3.0,0,3.0,"",192.0,192.0,349.0
300090,0,30000081,1887,3.0,0,3.0,"",192.0,192.0,349.0
300090,0,30000081,1888,3.0,0,3.0,"",192.0,192.0,349.0
300090,0,30000082,14,2.0,0,2.0,"",192.0,192.0,349.0
300090,0,30000082,145,2.0,0,2.0,"",192.0,192.0,349.0
300090,0,30000082,241,2.0,0,2.0,"",192.0,192.0,349.0
300090,0,30000082,275,2.0,0,2.0,"",192.0,192.0,349.0
300090,0,30000082,432,2.0,0,2.0,"",192.0,192.0,349.0
300090,0,30000082,440,2.0,0,2.0,"",192.0,192.0,349.0
300090,0,30000082,1887,2.0,0,2.0,"",192.0,192.0,349.0
300090,0,30000082,1888,2.0,0,2.0,"",192.0,192.0,349.0
300091,0,30000071,130,2.0,0,2.0,"",192.0,192.0,349.0
300091,0,30000071,148,2.0,0,2.0,"",192.0,192.0,349.0
300091,0,30000071,270,2.0,0,2.0,"",192.0,192.0,349.0
300091,0,30000071,452,2.0,0,2.0,"",192.0,192.0,349.0
300091,0,30000071,2552,2.0,0,2.0,"",192.0,192.0,349.0
300091,0,30000071,3068,1.0,0,1.0,"",192.0,192.0,349.0
300091,0,30000072,130,3.0,0,3.0,"",192.0,192.0,349.0
300091,0,30000072,148,3.0,0,3.0,"",192.0,192.0,349.0
300091,0,30000072,270,3.0,0,3.0,"",192.0,192.0,349.0
300091,0,30000072,452,3.0,0,3.0,"",192.0,192.0,349.0
300091,0,30000072,2552,3.0,0,3.0,"",192.0,192.0,349.0
300091,0,30000072,3068,2.0,0,2.0,"",192.0,192.0,349.0
300091,0,30000073,130,3.0,0,3.0,"",192.0,192.0,349.0
300091,0,30000073,148,3.0,0,3.0,"",192.0,192.0,349.0
300091,0,30000073,270,3.0,0,3.0,"",192.0,192.0,349.0
300091,0,30000073,452,3.0,0,3.0,"",192.0,192.0,349.0
300091,0,30000073,2552,2.0,0,2.0,"",192.0,192.0,349.0
300091,0,30000073,3068,2.0,0,2.0,"",192.0,192.0,349.0
300091,0,30000074,130,2.0,0,2.0,"",192.0,192.0,349.0
300091,0,30000074,148,2.0,0,2.0,"",192.0,192.0,349.0
300091,0,30000074,270,2.0,0,2.0,"",192.0,192.0,349.0
300091,0,30000074,452,1.0,0,1.0,"",192.0,192.0,349.0
300091,0,30000074,2552,1.0,0,1.0,"",192.0,192.0,349.0
300091,0,30000074,3068,1.0,0,1.0,"",192.0,192.0,349.0
300091,0,30000075,130,3.0,0,3.0,"",192.0,192.0,349.0
300091,0,30000075,148,3.0,0,3.0,"",192.0,192.0,349.0
300091,0,30000075,270,3.0,0,3.0,"",192.0,192.0,349.0
300091,0,30000075,452,3.0,0,3.0,"",192.0,192.0,349.0
300091,0,30000075,2552,2.0,0,2.0,"",192.0,192.0,349.0
300091,0,30000075,3068,2.0,0,2.0,"",192.0,192.0,349.0
300091,0,30000076,130,4.0,0,4.0,"",192.0,192.0,349.0
300091,0,30000076,148,4.0,0,4.0,"",192.0,192.0,349.0
300091,0,30000076,270,4.0,0,4.0,"",192.0,192.0,349.0
300091,0,30000076,452,4.0,0,4.0,"",192.0,192.0,349.0
300091,0,30000076,2552,4.0,0,4.0,"",192.0,192.0,349.0
300091,0,30000076,3068,4.0,0,4.0,"",192.0,192.0,349.0
300091,0,30000077,130,4.0,0,4.0,"",192.0,192.0,349.0
300091,0,30000077,148,4.0,0,4.0,"",192.0,192.0,349.0
300091,0,30000077,270,4.0,0,4.0,"",192.0,192.0,349.0
300091,0,30000077,452,4.0,0,4.0,"",192.0,192.0,349.0
300091,0,30000077,2552,3.0,0,3.0,"",192.0,192.0,349.0
300091,0,30000077,3068,3.0,0,3.0,"",192.0,192.0,349.0
300091,0,30000078,130,2.0,0,2.0,"",192.0,192.0,349.0
300091,0,30000078,148,2.0,0,2.0,"",192.0,192.0,349.0
300091,0,30000078,270,2.0,0,2.0,"",192.0,192.0,349.0
300091,0,30000078,452,2.0,0,2.0,"",192.0,192.0,349.0
300091,0,30000078,2552,2.0,0,2.0,"",192.0,192.0,349.0
300091,0,30000078,3068,2.0,0,2.0,"",192.0,192.0,349.0
300091,0,30000079,130,3.0,0,3.0,"",192.0,192.0,349.0
300091,0,30000079,148,2.0,0,2.0,"",192.0,192.0,349.0
300091,0,30000079,270,2.0,0,2.0,"",192.0,192.0,349.0
300091,0,30000079,452,2.0,0,2.0,"",192.0,192.0,349.0
300091,0,30000079,2552,2.0,0,2.0,"",192.0,192.0,349.0
300091,0,30000079,3068,2.0,0,2.0,"",192.0,192.0,349.0
300091,0,30000080,130,4.0,0,4.0,"",192.0,192.0,349.0
300091,0,30000080,148,4.0,0,4.0,"",192.0,192.0,349.0
300091,0,30000080,270,4.0,0,4.0,"",192.0,192.0,349.0
300091,0,30000080,452,4.0,0,4.0,"",192.0,192.0,349.0
300091,0,30000080,2552,3.0,0,3.0,"",192.0,192.0,349.0
300091,0,30000080,3068,3.0,0,3.0,"",192.0,192.0,349.0
300091,0,30000081,130,4.0,0,4.0,"",192.0,192.0,349.0
300091,0,30000081,148,3.0,0,3.0,"",192.0,192.0,349.0
300091,0,30000081,270,3.0,0,3.0,"",192.0,192.0,349.0
300091,0,30000081,452,3.0,0,3.0,"",192.0,192.0,349.0
300091,0,30000081,2552,3.0,0,3.0,"",192.0,192.0,349.0
300091,0,30000081,3068,3.0,0,3.0,"",192.0,192.0,349.0
300091,0,30000082,130,2.0,0,2.0,"",192.0,192.0,349.0
300091,0,30000082,148,2.0,0,2.0,"",192.0,192.0,349.0
300091,0,30000082,270,2.0,0,2.0,"",192.0,192.0,349.0
300091,0,30000082,452,2.0,0,2.0,"",192.0,192.0,349.0
300091,0,30000082,2552,2.0,0,2.0,"",192.0,192.0,349.0
300091,0,30000082,3068,1.0,0,1.0,"",192.0,192.0,349.0
300092,0,30000071,32,2.0,0,2.0,"",192.0,192.0,349.0
300092,0,30000071,50,2.0,0,2.0,"",192.0,192.0,349.0
300092,0,30000071,142,2.0,0,2.0,"",192.0,192.0,349.0
300092,0,30000071,149,2.0,0,2.0,"",192.0,192.0,349.0
300092,0,30000071,352,2.0,0,2.0,"",192.0,192.0,349.0
300092,0,30000071,1663,2.0,0,2.0,"",192.0,192.0,349.0
300092,0,30000071,2267,2.0,0,2.0,"",192.0,192.0,349.0
300092,0,30000072,32,3.0,0,3.0,"",192.0,192.0,349.0
300092,0,30000072,50,3.0,0,3.0,"",192.0,192.0,349.0
300092,0,30000072,142,3.0,0,3.0,"",192.0,192.0,349.0
300092,0,30000072,149,3.0,0,3.0,"",192.0,192.0,349.0
300092,0,30000072,352,3.0,0,3.0,"",192.0,192.0,349.0
300092,0,30000072,1663,3.0,0,3.0,"",192.0,192.0,349.0
300092,0,30000072,2267,3.0,0,3.0,"",192.0,192.0,349.0
300092,0,30000073,32,3.0,0,3.0,"",192.0,192.0,349.0
300092,0,30000073,50,3.0,0,3.0,"",192.0,192.0,349.0
300092,0,30000073,142,3.0,0,3.0,"",192.0,192.0,349.0
300092,0,30000073,149,3.0,0,3.0,"",192.0,192.0,349.0
300092,0,30000073,352,3.0,0,3.0,"",192.0,192.0,349.0
300092,0,30000073,1663,2.0,0,2.0,"",192.0,192.0,349.0
300092,0,30000073,2267,2.0,0,2.0,"",192.0,192.0,349.0
300092,0,30000074,32,2.0,0,2.0,"",192.0,192.0,349.0
300092,0,30000074,50,2.0,0,2.0,"",192.0,192.0,349.0
300092,0,30000074,142,2.0,0,2.0,"",192.0,192.0,349.0
300092,0,30000074,149,2.0,0,2.0,"",192.0,192.0,349.0
300092,0,30000074,352,2.0,0,2.0,"",192.0,192.0,349.0
300092,0,30000074,1663,1.0,0,1.0,"",192.0,192.0,349.0
300092,0,30000074,2267,1.0,0,1.0,"",192.0,192.0,349.0
300092,0,30000075,32,3.0,0,3.0,"",192.0,192.0,349.0
300092,0,30000075,50,3.0,0,3.0,"",192.0,192.0,349.0
300092,0,30000075,142,3.0,0,3.0,"",192.0,192.0,349.0
300092,0,30000075,149,3.0,0,3.0,"",192.0,192.0,349.0
300092,0,30000075,352,3.0,0,3.0,"",192.0,192.0,349.0
300092,0,30000075,1663,2.0,0,2.0,"",192.0,192.0,349.0
300092,0,30000075,2267,2.0,0,2.0,"",192.0,192.0,349.0
300092,0,30000076,32,5.0,0,5.0,"",192.0,192.0,349.0
300092,0,30000076,50,4.0,0,4.0,"",192.0,192.0,349.0
300092,0,30000076,142,4.0,0,4.0,"",192.0,192.0,349.0
300092,0,30000076,149,4.0,0,4.0,"",192.0,192.0,349.0
300092,0,30000076,352,4.0,0,4.0,"",192.0,192.0,349.0
300092,0,30000076,1663,4.0,0,4.0,"",192.0,192.0,349.0
300092,0,30000076,2267,4.0,0,4.0,"",192.0,192.0,349.0
300092,0,30000077,32,4.0,0,4.0,"",192.0,192.0,349.0
300092,0,30000077,50,4.0,0,4.0,"",192.0,192.0,349.0
300092,0,30000077,142,4.0,0,4.0,"",192.0,192.0,349.0
300092,0,30000077,149,4.0,0,4.0,"",192.0,192.0,349.0
300092,0,30000077,352,4.0,0,4.0,"",192.0,192.0,349.0
300092,0,30000077,1663,3.0,0,3.0,"",192.0,192.0,349.0
300092,0,30000077,2267,3.0,0,3.0,"",192.0,192.0,349.0
300092,0,30000078,32,3.0,0,3.0,"",192.0,192.0,349.0
300092,0,30000078,50,3.0,0,3.0,"",192.0,192.0,349.0
300092,0,30000078,142,2.0,0,2.0,"",192.0,192.0,349.0
300092,0,30000078,149,2.0,0,2.0,"",192.0,192.0,349.0
300092,0,30000078,352,2.0,0,2.0,"",192.0,192.0,349.0
300092,0,30000078,1663,2.0,0,2.0,"",192.0,192.0,349.0
300092,0,30000078,2267,2.0,0,2.0,"",192.0,192.0,349.0
300092,0,30000079,32,3.0,0,3.0,"",192.0,192.0,349.0
300092,0,30000079,50,3.0,0,3.0,"",192.0,192.0,349.0
300092,0,30000079,142,3.0,0,3.0,"",192.0,192.0,349.0
300092,0,30000079,149,2.0,0,2.0,"",192.0,192.0,349.0
300092,0,30000079,352,2.0,0,2.0,"",192.0,192.0,349.0
300092,0,30000079,1663,2.0,0,2.0,"",192.0,192.0,349.0
300092,0,30000079,2267,2.0,0,2.0,"",192.0,192.0,349.0
300092,0,30000080,32,4.0,0,4.0,"",192.0,192.0,349.0
300092,0,30000080,50,4.0,0,4.0,"",192.0,192.0,349.0
300092,0,30000080,142,4.0,0,4.0,"",192.0,192.0,349.0
300092,0,30000080,149,4.0,0,4.0,"",192.0,192.0,349.0
300092,0,30000080,352,4.0,0,4.0,"",192.0,192.0,349.0
300092,0,30000080,1663,3.0,0,3.0,"",192.0,192.0,349.0
300092,0,30000080,2267,3.0,0,3.0,"",192.0,192.0,349.0
300092,0,30000081,32,4.0,0,4.0,"",192.0,192.0,349.0
300092,0,30000081,50,4.0,0,4.0,"",192.0,192.0,349.0
300092,0,30000081,142,3.0,0,3.0,"",192.0,192.0,349.0
300092,0,30000081,149,3.0,0,3.0,"",192.0,192.0,349.0
300092,0,30000081,352,3.0,0,3.0,"",192.0,192.0,349.0
300092,0,30000081,1663,3.0,0,3.0,"",192.0,192.0,349.0
300092,0,30000081,2267,3.0,0,3.0,"",192.0,192.0,349.0
300092,0,30000082,32,2.0,0,2.0,"",192.0,192.0,349.0
300092,0,30000082,50,2.0,0,2.0,"",192.0,192.0,349.0
300092,0,30000082,142,2.0,0,2.0,"",192.0,192.0,349.0
300092,0,30000082,149,2.0,0,2.0,"",192.0,192.0,349.0
300092,0,30000082,352,2.0,0,2.0,"",192.0,192.0,349.0
300092,0,30000082,1663,2.0,0,2.0,"",192.0,192.0,349.0
300092,0,30000082,2267,2.0,0,2.0,"",192.0,192.0,349.0
300093,0,30000071,95,2.0,0,2.0,"",192.0,192.0,349.0
300093,0,30000071,120,2.0,0,2.0,"",192.0,192.0,349.0
300093,0,30000071,1063,2.0,0,2.0,"",192.0,192.0,349.0
300093,0,30000071,1090,2.0,0,2.0,"",192.0,192.0,349.0
300093,0,30000071,2203,2.0,0,2.0,"",192.0,192.0,349.0
300093,0,30000071,2592,2.0,0,2.0,"",192.0,192.0,349.0
300093,0,30000071,3067,1.0,0,1.0,"",192.0,192.0,349.0
300093,0,30000072,95,3.0,0,3.0,"",192.0,192.0,349.0
300093,0,30000072,120,3.0,0,3.0,"",192.0,192.0,349.0
300093,0,30000072,1063,3.0,0,3.0,"",192.0,192.0,349.0
300093,0,30000072,1090,3.0,0,3.0,"",192.0,192.0,349.0
300093,0,30000072,2203,3.0,0,3.0,"",192.0,192.0,349.0
300093,0,30000072,2592,3.0,0,3.0,"",192.0,192.0,349.0
300093,0,30000072,3067,2.0,0,2.0,"",192.0,192.0,349.0
300093,0,30000073,95,3.0,0,3.0,"",192.0,192.0,349.0
300093,0,30000073,120,3.0,0,3.0,"",192.0,192.0,349.0
300093,0,30000073,1063,2.0,0,2.0,"",192.0,192.0,349.0
300093,0,30000073,1090,2.0,0,2.0,"",192.0,192.0,349.0
300093,0,30000073,2203,2.0,0,2.0,"",192.0,192.0,349.0
300093,0,30000073,2592,2.0,0,2.0,"",192.0,192.0,349.0
300093,0,30000073,3067,2.0,0,2.0,"",192.0,192.0,349.0
300093,0,30000074,95,2.0,0,2.0,"",192.0,192.0,349.0
300093,0,30000074,120,2.0,0,2.0,"",192.0,192.0,349.0
300093,0,30000074,1063,1.0,0,1.0,"",192.0,192.0,349.0
300093,0,30000074,1090,1.0,0,1.0,"",192.0,192.0,349.0
300093,0,30000074,2203,1.0,0,1.0,"",192.0,192.0,349.0
300093,0,30000074,2592,1.0,0,1.0,"",192.0,192.0,349.0
300093,0,30000074,3067,1.0,0,1.0,"",192.0,192.0,349.0
300093,0,30000075,95,3.0,0,3.0,"",192.0,192.0,349.0
300093,0,30000075,120,3.0,0,3.0,"",192.0,192.0,349.0
300093,0,30000075,1063,2.0,0,2.0,"",192.0,192.0,349.0
300093,0,30000075,1090,2.0,0,2.0,"",192.0,192.0,349.0
300093,0,30000075,2203,2.0,0,2.0,"",192.0,192.0,349.0
300093,0,30000075,2592,2.0,0,2.0,"",192.0,192.0,349.0
300093,0,30000075,3067,2.0,0,2.0,"",192.0,192.0,349.0
300093,0,30000076,95,4.0,0,4.0,"",192.0,192.0,349.0
300093,0,30000076,120,4.0,0,4.0,"",192.0,192.0,349.0
300093,0,30000076,1063,4.0,0,4.0,"",192.0,192.0,349.0
300093,0,30000076,1090,4.0,0,4.0,"",192.0,192.0,349.0
300093,0,30000076,2203,4.0,0,4.0,"",192.0,192.0,349.0
300093,0,30000076,2592,4.0,0,4.0,"",192.0,192.0,349.0
300093,0,30000076,3067,4.0,0,4.0,"",192.0,192.0,349.0
300093,0,30000077,95,4.0,0,4.0,"",192.0,192.0,349.0
300093,0,30000077,120,4.0,0,4.0,"",192.0,192.0,349.0
300093,0,30000077,1063,4.0,0,4.0,"",192.0,192.0,349.0
300093,0,30000077,1090,4.0,0,4.0,"",192.0,192.0,349.0
300093,0,30000077,2203,3.0,0,3.0,"",192.0,192.0,349.0
300093,0,30000077,2592,3.0,0,3.0,"",192.0,192.0,349.0
300093,0,30000077,3067,3.0,0,3.0,"",192.0,192.0,349.0
300093,0,30000078,95,2.0,0,2.0,"",192.0,192.0,349.0
300093,0,30000078,120,2.0,0,2.0,"",192.0,192.0,349.0
300093,0,30000078,1063,2.0,0,2.0,"",192.0,192.0,349.0
300093,0,30000078,1090,2.0,0,2.0,"",192.0,192.0,349.0
300093,0,30000078,2203,2.0,0,2.0,"",192.0,192.0,349.0
300093,0,30000078,2592,2.0,0,2.0,"",192.0,192.0,349.0
300093,0,30000078,3067,2.0,0,2.0,"",192.0,192.0,349.0
300093,0,30000079,95,3.0,0,3.0,"",192.0,192.0,349.0
300093,0,30000079,120,3.0,0,3.0,"",192.0,192.0,349.0
300093,0,30000079,1063,2.0,0,2.0,"",192.0,192.0,349.0
300093,0,30000079,1090,2.0,0,2.0,"",192.0,192.0,349.0
300093,0,30000079,2203,2.0,0,2.0,"",192.0,192.0,349.0
300093,0,30000079,2592,2.0,0,2.0,"",192.0,192.0,349.0
300093,0,30000079,3067,2.0,0,2.0,"",192.0,192.0,349.0
300093,0,30000080,95,4.0,0,4.0,"",192.0,192.0,349.0
300093,0,30000080,120,4.0,0,4.0,"",192.0,192.0,349.0
300093,0,30000080,1063,3.0,0,3.0,"",192.0,192.0,349.0
300093,0,30000080,1090,3.0,0,3.0,"",192.0,192.0,349.0
300093,0,30000080,2203,3.0,0,3.0,"",192.0,192.0,349.0
300093,0,30000080,2592,3.0,0,3.0,"",192.0,192.0,349.0
300093,0,30000080,3067,3.0,0,3.0,"",192.0,192.0,349.0
300093,0,30000081,95,4.0,0,4.0,"",192.0,192.0,349.0
300093,0,30000081,120,4.0,0,4.0,"",192.0,192.0,349.0
300093,0,30000081,1063,3.0,0,3.0,"",192.0,192.0,349.0
300093,0,30000081,1090,3.0,0,3.0,"",192.0,192.0,349.0
300093,0,30000081,2203,3.0,0,3.0,"",192.0,192.0,349.0
300093,0,30000081,2592,3.0,0,3.0,"",192.0,192.0,349.0
300093,0,30000081,3067,3.0,0,3.0,"",192.0,192.0,349.0
300093,0,30000082,95,2.0,0,2.0,"",192.0,192.0,349.0
300093,0,30000082,120,2.0,0,2.0,"",192.0,192.0,349.0
300093,0,30000082,1063,2.0,0,2.0,"",192.0,192.0,349.0
300093,0,30000082,1090,2.0,0,2.0,"",192.0,192.0,349.0
300093,0,30000082,2203,2.0,0,2.0,"",192.0,192.0,349.0
300093,0,30000082,2592,1.0,0,1.0,"",192.0,192.0,349.0
300093,0,30000082,3067,1.0,0,1.0,"",192.0,192.0,349.0
300094,0,30000002,1,2.0,0,2.0,"",560.0,560.0,1199.0
300094,0,30000002,6,2.0,0,2.0,"",560.0,560.0,1199.0
300094,0,30000002,15,2.0,0,2.0,"",560.0,560.0,1199.0
300094,0,30000002,277,2.0,0,2.0,"",560.0,560.0,1199.0
300094,0,30000002,448,1.0,0,1.0,"",560.0,560.0,1199.0
300094,0,30000002,855,1.0,0,1.0,"",560.0,560.0,1199.0
300094,0,30000002,1268,1.0,0,1.0,"",560.0,560.0,1199.0
300094,0,30000002,1896,1.0,0,1.0,"",560.0,560.0,1199.0
300094,0,30000003,1,3.0,0,3.0,"",560.0,560.0,1199.0
300094,0,30000003,6,3.0,0,3.0,"",560.0,560.0,1199.0
300094,0,30000003,15,3.0,0,3.0,"",560.0,560.0,1199.0
300094,0,30000003,277,2.0,0,2.0,"",560.0,560.0,1199.0
300094,0,30000003,448,2.0,0,2.0,"",560.0,560.0,1199.0
300094,0,30000003,855,2.0,0,2.0,"",560.0,560.0,1199.0
300094,0,30000003,1268,2.0,0,2.0,"",560.0,560.0,1199.0
300094,0,30000003,1896,2.0,0,2.0,"",560.0,560.0,1199.0
300094,0,30000004,1,2.0,0,2.0,"",560.0,560.0,1199.0
300094,0,30000004,6,2.0,0,2.0,"",560.0,560.0,1199.0
300094,0,30000004,15,2.0,0,2.0,"",560.0,560.0,1199.0
300094,0,30000004,277,2.0,0,2.0,"",560.0,560.0,1199.0
300094,0,30000004,448,1.0,0,1.0,"",560.0,560.0,1199.0
300094,0,30000004,855,1.0,0,1.0,"",560.0,560.0,1199.0
300094,0,30000004,1268,1.0,0,1.0,"",560.0,560.0,1199.0
300094,0,30000004,1896,1.0,0,1.0,"",560.0,560.0,1199.0
300094,0,30000005,1,2.0,0,2.0,"",560.0,560.0,1199.0
300094,0,30000005,6,2.0,0,2.0,"",560.0,560.0,1199.0
300094,0,30000005,15,2.0,0,2.0,"",560.0,560.0,1199.0
300094,0,30000005,277,2.0,0,2.0,"",560.0,560.0,1199.0
300094,0,30000005,448,2.0,0,2.0,"",560.0,560.0,1199.0
300094,0,30000005,855,2.0,0,2.0,"",560.0,560.0,1199.0
300094,0,30000005,1268,1.0,0,1.0,"",560.0,560.0,1199.0
300094,0,30000005,1896,1.0,0,1.0,"",560.0,560.0,1199.0
300094,0,30000006,1,3.0,0,3.0,"",560.0,560.0,1199.0
300094,0,30000006,6,3.0,0,3.0,"",560.0,560.0,1199.0
300094,0,30000006,15,3.0,0,3.0,"",560.0,560.0,1199.0
300094,0,30000006,277,3.0,0,3.0,"",560.0,560.0,1199.0
300094,0,30000006,448,2.0,0,2.0,"",560.0,560.0,1199.0
300094,0,30000006,855,2.0,0,2.0,"",560.0,560.0,1199.0
300094,0,30000006,1268,2.0,0,2.0,"",560.0,560.0,1199.0
300094,0,30000006,1896,2.0,0,2.0,"",560.0,560.0,1199.0
300094,0,30000007,1,2.0,0,2.0,"",560.0,560.0,1199.0
300094,0,30000007,6,2.0,0,2.0,"",560.0,560.0,1199.0
300094,0,30000007,15,2.0,0,2.0,"",560.0,560.0,1199.0
300094,0,30000007,277,2.0,0,2.0,"",560.0,560.0,1199.0
300094,0,30000007,448,1.0,0,1.0,"",560.0,560.0,1199.0
300094,0,30000007,855,1.0,0,1.0,"",560.0,560.0,1199.0
300094,0,30000007,1268,1.0,0,1.0,"",560.0,560.0,1199.0
300094,0,30000007,1896,1.0,0,1.0,"",560.0,560.0,1199.0
300094,0,30000008,1,3.0,0,3.0,"",560.0,560.0,1199.0
300094,0,30000008,6,3.0,0,3.0,"",560.0,560.0,1199.0
300094,0,30000008,15,3.0,0,3.0,"",560.0,560.0,1199.0
300094,0,30000008,277,2.0,0,2.0,"",560.0,560.0,1199.0
300094,0,30000008,448,2.0,0,2.0,"",560.0,560.0,1199.0
300094,0,30000008,855,2.0,0,2.0,"",560.0,560.0,1199.0
300094,0,30000008,1268,2.0,0,2.0,"",560.0,560.0,1199.0
300094,0,30000008,1896,2.0,0,2.0,"",560.0,560.0,1199.0
300094,0,30000009,1,2.0,0,2.0,"",560.0,560.0,1199.0
300094,0,30000009,6,2.0,0,2.0,"",560.0,560.0,1199.0
300094,0,30000009,15,2.0,0,2.0,"",560.0,560.0,1199.0
300094,0,30000009,277,2.0,0,2.0,"",560.0,560.0,1199.0
300094,0,30000009,448,2.0,0,2.0,"",560.0,560.0,1199.0
300094,0,30000009,855,2.0,0,2.0,"",560.0,560.0,1199.0
300094,0,30000009,1268,1.0,0,1.0,"",560.0,560.0,1199.0
300094,0,30000009,1896,1.0,0,1.0,"",560.0,560.0,1199.0
300094,0,30000010,1,3.0,0,3.0,"",560.0,560.0,1199.0
300094,0,30000010,6,3.0,0,3.0,"",560.0,560.0,1199.0
300094,0,30000010,15,3.0,0,3.0,"",560.0,560.0,1199.0
300094,0,30000010,277,3.0,0,3.0,"",560.0,560.0,1199.0
300094,0,30000010,448,2.0,0,2.0,"",560.0,560.0,1199.0
300094,0,30000010,855,2.0,0,2.0,"",560.0,560.0,1199.0
300094,0,30000010,1268,2.0,0,2.0,"",560.0,560.0,1199.0
300094,0,30000010,1896,2.0,0,2.0,"",560.0,560.0,1199.0
300094,0,30000011,1,2.0,0,2.0,"",560.0,560.0,1199.0
300094,0,30000011,6,2.0,0,2.0,"",560.0,560.0,1199.0
300094,0,30000011,15,2.0,0,2.0,"",560.0,560.0,1199.0
300094,0,30000011,277,2.0,0,2.0,"",560.0,560.0,1199.0
300094,0,30000011,448,2.0,0,2.0,"",560.0,560.0,1199.0
300094,0,30000011,855,2.0,0,2.0,"",560.0,560.0,1199.0
300094,0,30000011,1268,1.0,0,1.0,"",560.0,560.0,1199.0
300094,0,30000011,1896,1.0,0,1.0,"",560.0,560.0,1199.0
300095,0,30000002,2,2.0,0,2.0,"",560.0,560.0,1199.0
300095,0,30000002,9,2.0,0,2.0,"",560.0,560.0,1199.0
300095,0,30000002,46,2.0,0,2.0,"",560.0,560.0,1199.0
300095,0,30000002,228,2.0,0,2.0,"",560.0,560.0,1199.0
300095,0,30000002,276,2.0,0,2.0,"",560.0,560.0,1199.0
300095,0,30000002,1875,1.0,0,1.0,"",560.0,560.0,1199.0
300095,0,30000002,3065,1.0,0,1.0,"",560.0,560.0,1199.0
300095,0,30000002,3574,1.0,0,1.0,"",560.0,560.0,1199.0
300095,0,30000003,2,3.0,0,3.0,"",560.0,560.0,1199.0
300095,0,30000003,9,3.0,0,3.0,"",560.0,560.0,1199.0
300095,0,30000003,46,3.0,0,3.0,"",560.0,560.0,1199.0
300095,0,30000003,228,3.0,0,3.0,"",560.0,560.0,1199.0
300095,0,30000003,276,2.0,0,2.0,"",560.0,560.0,1199.0
300095,0,30000003,1875,2.0,0,2.0,"",560.0,560.0,1199.0
300095,0,30000003,3065,2.0,0,2.0,"",560.0,560.0,1199.0
300095,0,30000003,3574,2.0,0,2.0,"",560.0,560.0,1199.0
300095,0,30000004,2,2.0,0,2.0,"",560.0,560.0,1199.0
300095,0,30000004,9,2.0,0,2.0,"",560.0,560.0,1199.0
300095,0,30000004,46,2.0,0,2.0,"",560.0,560.0,1199.0
300095,0,30000004,228,2.0,0,2.0,"",560.0,560.0,1199.0
300095,0,30000004,276,2.0,0,2.0,"",560.0,560.0,1199.0
300095,0,30000004,1875,1.0,0,1.0,"",560.0,560.0,1199.0
300095,0,30000004,3065,1.0,0,1.0,"",560.0,560.0,1199.0
300095,0,30000004,3574,1.0,0,1.0,"",560.0,560.0,1199.0
300095,0,30000005,2,2.0,0,2.0,"",560.0,560.0,1199.0
300095,0,30000005,9,2.0,0,2.0,"",560.0,560.0,1199.0
300095,0,30000005,46,2.0,0,2.0,"",560.0,560.0,1199.0
300095,0,30000005,228,2.0,0,2.0,"",560.0,560.0,1199.0
300095,0,30000005,276,2.0,0,2.0,"",560.0,560.0,1199.0
300095,0,30000005,1875,1.0,0,1.0,"",560.0,560.0,1199.0
300095,0,30000005,3065,1.0,0,1.0,"",560.0,560.0,1199.0
300095,0,30000005,3574,1.0,0,1.0,"",560.0,560.0,1199.0
300095,0,30000006,2,3.0,0,3.0,"",560.0,560.0,1199.0
300095,0,30000006,9,3.0,0,3.0,"",560.0,560.0,1199.0
300095,0,30000006,46,3.0,0,3.0,"",560.0,560.0,1199.0
300095,0,30000006,228,3.0,0,3.0,"",560.0,560.0,1199.0
300095,0,30000006,276,3.0,0,3.0,"",560.0,560.0,1199.0
300095,0,30000006,1875,2.0,0,2.0,"",560.0,560.0,1199.0
300095,0,30000006,3065,2.0,0,2.0,"",560.0,560.0,1199.0
300095,0,30000006,3574,2.0,0,2.0,"",560.0,560.0,1199.0
300095,0,30000007,2,2.0,0,2.0,"",560.0,560.0,1199.0
300095,0,30000007,9,2.0,0,2.0,"",560.0,560.0,1199.0
300095,0,30000007,46,2.0,0,2.0,"",560.0,560.0,1199.0
300095,0,30000007,228,2.0,0,2.0,"",560.0,560.0,1199.0
300095,0,30000007,276,2.0,0,2.0,"",560.0,560.0,1199.0
300095,0,30000007,1875,1.0,0,1.0,"",560.0,560.0,1199.0
300095,0,30000007,3065,1.0,0,1.0,"",560.0,560.0,1199.0
300095,0,30000007,3574,1.0,0,1.0,"",560.0,560.0,1199.0
300095,0,30000008,2,3.0,0,3.0,"",560.0,560.0,1199.0
300095,0,30000008,9,3.0,0,3.0,"",560.0,560.0,1199.0
300095,0,30000008,46,3.0,0,3.0,"",560.0,560.0,1199.0
300095,0,30000008,228,3.0,0,3.0,"",560.0,560.0,1199.0
300095,0,30000008,276,2.0,0,2.0,"",560.0,560.0,1199.0
300095,0,30000008,1875,2.0,0,2.0,"",560.0,560.0,1199.0
300095,0,30000008,3065,2.0,0,2.0,"",560.0,560.0,1199.0
300095,0,30000008,3574,2.0,0,2.0,"",560.0,560.0,1199.0
300095,0,30000009,2,2.0,0,2.0,"",560.0,560.0,1199.0
300095,0,30000009,9,2.0,0,2.0,"",560.0,560.0,1199.0
300095,0,30000009,46,2.0,0,2.0,"",560.0,560.0,1199.0
300095,0,30000009,228,2.0,0,2.0,"",560.0,560.0,1199.0
300095,0,30000009,276,2.0,0,2.0,"",560.0,560.0,1199.0
300095,0,30000009,1875,1.0,0,1.0,"",560.0,560.0,1199.0
300095,0,30000009,3065,1.0,0,1.0,"",560.0,560.0,1199.0
300095,0,30000009,3574,1.0,0,1.0,"",560.0,560.0,1199.0
300095,0,30000010,2,3.0,0,3.0,"",560.0,560.0,1199.0
300095,0,30000010,9,3.0,0,3.0,"",560.0,560.0,1199.0
300095,0,30000010,46,3.0,0,3.0,"",560.0,560.0,1199.0
300095,0,30000010,228,3.0,0,3.0,"",560.0,560.0,1199.0
300095,0,30000010,276,3.0,0,3.0,"",560.0,560.0,1199.0
300095,0,30000010,1875,2.0,0,2.0,"",560.0,560.0,1199.0
300095,0,30000010,3065,2.0,0,2.0,"",560.0,560.0,1199.0
300095,0,30000010,3574,2.0,0,2.0,"",560.0,560.0,1199.0
300095,0,30000011,2,2.0,0,2.0,"",560.0,560.0,1199.0
300095,0,30000011,9,2.0,0,2.0,"",560.0,560.0,1199.0
300095,0,30000011,46,2.0,0,2.0,"",560.0,560.0,1199.0
300095,0,30000011,228,2.0,0,2.0,"",560.0,560.0,1199.0
300095,0,30000011,276,2.0,0,2.0,"",560.0,560.0,1199.0
300095,0,30000011,1875,1.0,0,1.0,"",560.0,560.0,1199.0
300095,0,30000011,3065,1.0,0,1.0,"",560.0,560.0,1199.0
300095,0,30000011,3574,1.0,0,1.0,"",560.0,560.0,1199.0
300096,0,30000002,3,2.0,0,2.0,"",560.0,560.0,1199.0
300096,0,30000002,65,2.0,0,2.0,"",560.0,560.0,1199.0
300096,0,30000002,73,2.0,0,2.0,"",560.0,560.0,1199.0
300096,0,30000002,156,2.0,0,2.0,"",560.0,560.0,1199.0
300096,0,30000002,245,2.0,0,2.0,"",560.0,560.0,1199.0
300096,0,30000002,1132,1.0,0,1.0,"",560.0,560.0,1199.0
300096,0,30000002,1204,1.0,0,1.0,"",560.0,560.0,1199.0
300096,0,30000003,3,3.0,0,3.0,"",560.0,560.0,1199.0
300096,0,30000003,65,3.0,0,3.0,"",560.0,560.0,1199.0
300096,0,30000003,73,3.0,0,3.0,"",560.0,560.0,1199.0
300096,0,30000003,156,3.0,0,3.0,"",560.0,560.0,1199.0
300096,0,30000003,245,2.0,0,2.0,"",560.0,560.0,1199.0
300096,0,30000003,1132,2.0,0,2.0,"",560.0,560.0,1199.0
300096,0,30000003,1204,2.0,0,2.0,"",560.0,560.0,1199.0
300096,0,30000004,3,2.0,0,2.0,"",560.0,560.0,1199.0
300096,0,30000004,65,2.0,0,2.0,"",560.0,560.0,1199.0
300096,0,30000004,73,2.0,0,2.0,"",560.0,560.0,1199.0
300096,0,30000004,156,2.0,0,2.0,"",560.0,560.0,1199.0
300096,0,30000004,245,2.0,0,2.0,"",560.0,560.0,1199.0
300096,0,30000004,1132,1.0,0,1.0,"",560.0,560.0,1199.0
300096,0,30000004,1204,1.0,0,1.0,"",560.0,560.0,1199.0
300096,0,30000005,3,2.0,0,2.0,"",560.0,560.0,1199.0
300096,0,30000005,65,2.0,0,2.0,"",560.0,560.0,1199.0
300096,0,30000005,73,2.0,0,2.0,"",560.0,560.0,1199.0
300096,0,30000005,156,2.0,0,2.0,"",560.0,560.0,1199.0
300096,0,30000005,245,2.0,0,2.0,"",560.0,560.0,1199.0
300096,0,30000005,1132,1.0,0,1.0,"",560.0,560.0,1199.0
300096,0,30000005,1204,1.0,0,1.0,"",560.0,560.0,1199.0
300096,0,30000006,3,3.0,0,3.0,"",560.0,560.0,1199.0
300096,0,30000006,65,3.0,0,3.0,"",560.0,560.0,1199.0
300096,0,30000006,73,3.0,0,3.0,"",560.0,560.0,1199.0
300096,0,30000006,156,3.0,0,3.0,"",560.0,560.0,1199.0
300096,0,30000006,245,3.0,0,3.0,"",560.0,560.0,1199.0
300096,0,30000006,1132,2.0,0,2.0,"",560.0,560.0,1199.0
300096,0,30000006,1204,2.0,0,2.0,"",560.0,560.0,1199.0
300096,0,30000007,3,2.0,0,2.0,"",560.0,560.0,1199.0
300096,0,30000007,65,2.0,0,2.0,"",560.0,560.0,1199.0
300096,0,30000007,73,2.0,0,2.0,"",560.0,560.0,1199.0
300096,0,30000007,156,2.0,0,2.0,"",560.0,560.0,1199.0
300096,0,30000007,245,2.0,0,2.0,"",560.0,560.0,1199.0
300096,0,30000007,1132,1.0,0,1.0,"",560.0,560.0,1199.0
300096,0,30000007,1204,1.0,0,1.0,"",560.0,560.0,1199.0
300096,0,30000008,3,3.0,0,3.0,"",560.0,560.0,1199.0
300096,0,30000008,65,3.0,0,3.0,"",560.0,560.0,1199.0
300096,0,30000008,73,3.0,0,3.0,"",560.0,560.0,1199.0
300096,0,30000008,156,3.0,0,3.0,"",560.0,560.0,1199.0
300096,0,30000008,245,2.0,0,2.0,"",560.0,560.0,1199.0
300096,0,30000008,1132,2.0,0,2.0,"",560.0,560.0,1199.0
300096,0,30000008,1204,2.0,0,2.0,"",560.0,560.0,1199.0
300096,0,30000009,3,2.0,0,2.0,"",560.0,560.0,1199.0
300096,0,30000009,65,2.0,0,2.0,"",560.0,560.0,1199.0
300096,0,30000009,73,2.0,0,2.0,"",560.0,560.0,1199.0
300096,0,30000009,156,2.0,0,2.0,"",560.0,560.0,1199.0
300096,0,30000009,245,2.0,0,2.0,"",560.0,560.0,1199.0
300096,0,30000009,1132,1.0,0,1.0,"",560.0,560.0,1199.0
300096,0,30000009,1204,1.0,0,1.0,"",560.0,560.0,1199.0
300096,0,30000010,3,3.0,0,3.0,"",560.0,560.0,1199.0
300096,0,30000010,65,3.0,0,3.0,"",560.0,560.0,1199.0
300096,0,30000010,73,3.0,0,3.0,"",560.0,560.0,1199.0
300096,0,30000010,156,3.0,0,3.0,"",560.0,560.0,1199.0
300096,0,30000010,245,3.0,0,3.0,"",560.0,560.0,1199.0
300096,0,30000010,1132,2.0,0,2.0,"",560.0,560.0,1199.0
300096,0,30000010,1204,2.0,0,2.0,"",560.0,560.0,1199.0
300096,0,30000011,3,2.0,0,2.0,"",560.0,560.0,1199.0
300096,0,30000011,65,2.0,0,2.0,"",560.0,560.0,1199.0
300096,0,30000011,73,2.0,0,2.0,"",560.0,560.0,1199.0
300096,0,30000011,156,2.0,0,2.0,"",560.0,560.0,1199.0
300096,0,30000011,245,2.0,0,2.0,"",560.0,560.0,1199.0
300096,0,30000011,1132,1.0,0,1.0,"",560.0,560.0,1199.0
300096,0,30000011,1204,1.0,0,1.0,"",560.0,560.0,1199.0
300097,0,30000002,138,2.0,0,2.0,"",560.0,560.0,1199.0
300097,0,30000002,274,2.0,0,2.0,"",560.0,560.0,1199.0
300097,0,30000002,457,1.0,0,1.0,"",560.0,560.0,1199.0
300097,0,30000002,1267,1.0,0,1.0,"",560.0,560.0,1199.0
300097,0,30000002,1296,1.0,0,1.0,"",560.0,560.0,1199.0
300097,0,30000002,1425,1.0,0,1.0,"",560.0,560.0,1199.0
300097,0,30000002,2268,1.0,0,1.0,"",560.0,560.0,1199.0
300097,0,30000003,138,3.0,0,3.0,"",560.0,560.0,1199.0
300097,0,30000003,274,2.0,0,2.0,"",560.0,560.0,1199.0
300097,0,30000003,457,2.0,0,2.0,"",560.0,560.0,1199.0
300097,0,30000003,1267,2.0,0,2.0,"",560.0,560.0,1199.0
300097,0,30000003,1296,2.0,0,2.0,"",560.0,560.0,1199.0
300097,0,30000003,1425,2.0,0,2.0,"",560.0,560.0,1199.0
300097,0,30000003,2268,2.0,0,2.0,"",560.0,560.0,1199.0
300097,0,30000004,138,2.0,0,2.0,"",560.0,560.0,1199.0
300097,0,30000004,274,2.0,0,2.0,"",560.0,560.0,1199.0
300097,0,30000004,457,1.0,0,1.0,"",560.0,560.0,1199.0
300097,0,30000004,1267,1.0,0,1.0,"",560.0,560.0,1199.0
300097,0,30000004,1296,1.0,0,1.0,"",560.0,560.0,1199.0
300097,0,30000004,1425,1.0,0,1.0,"",560.0,560.0,1199.0
300097,0,30000004,2268,1.0,0,1.0,"",560.0,560.0,1199.0
300097,0,30000005,138,2.0,0,2.0,"",560.0,560.0,1199.0
300097,0,30000005,274,2.0,0,2.0,"",560.0,560.0,1199.0
300097,0,30000005,457,2.0,0,2.0,"",560.0,560.0,1199.0
300097,0,30000005,1267,1.0,0,1.0,"",560.0,560.0,1199.0
300097,0,30000005,1296,1.0,0,1.0,"",560.0,560.0,1199.0
300097,0,30000005,1425,1.0,0,1.0,"",560.0,560.0,1199.0
300097,0,30000005,2268,1.0,0,1.0,"",560.0,560.0,1199.0
300097,0,30000006,138,3.0,0,3.0,"",560.0,560.0,1199.0
300097,0,30000006,274,3.0,0,3.0,"",560.0,560.0,1199.0
300097,0,30000006,457,2.0,0,2.0,"",560.0,560.0,1199.0
300097,0,30000006,1267,2.0,0,2.0,"",560.0,560.0,1199.0
300097,0,30000006,1296,2.0,0,2.0,"",560.0,560.0,1199.0
300097,0,30000006,1425,2.0,0,2.0,"",560.0,560.0,1199.0
300097,0,30000006,2268,2.0,0,2.0,"",560.0,560.0,1199.0
300097,0,30000007,138,2.0,0,2.0,"",560.0,560.0,1199.0
300097,0,30000007,274,2.0,0,2.0,"",560.0,560.0,1199.0
300097,0,30000007,457,1.0,0,1.0,"",560.0,560.0,1199.0
300097,0,30000007,1267,1.0,0,1.0,"",560.0,560.0,1199.0
300097,0,30000007,1296,1.0,0,1.0,"",560.0,560.0,1199.0
300097,0,30000007,1425,1.0,0,1.0,"",560.0,560.0,1199.0
300097,0,30000007,2268,1.0,0,1.0,"",560.0,560.0,1199.0
300097,0,30000008,138,3.0,0,3.0,"",560.0,560.0,1199.0
300097,0,30000008,274,2.0,0,2.0,"",560.0,560.0,1199.0
300097,0,30000008,457,2.0,0,2.0,"",560.0,560.0,1199.0
300097,0,30000008,1267,2.0,0,2.0,"",560.0,560.0,1199.0
300097,0,30000008,1296,2.0,0,2.0,"",560.0,560.0,1199.0
300097,0,30000008,1425,2.0,0,2.0,"",560.0,560.0,1199.0
300097,0,30000008,2268,2.0,0,2.0,"",560.0,560.0,1199.0
300097,0,30000009,138,2.0,0,2.0,"",560.0,560.0,1199.0
300097,0,30000009,274,2.0,0,2.0,"",560.0,560.0,1199.0
300097,0,30000009,457,2.0,0,2.0,"",560.0,560.0,1199.0
300097,0,30000009,1267,1.0,0,1.0,"",560.0,560.0,1199.0
300097,0,30000009,1296,1.0,0,1.0,"",560.0,560.0,1199.0
300097,0,30000009,1425,1.0,0,1.0,"",560.0,560.0,1199.0
300097,0,30000009,2268,1.0,0,1.0,"",560.0,560.0,1199.0
300097,0,30000010,138,3.0,0,3.0,"",560.0,560.0,1199.0
300097,0,30000010,274,3.0,0,3.0,"",560.0,560.0,1199.0
300097,0,30000010,457,2.0,0,2.0,"",560.0,560.0,1199.0
300097,0,30000010,1267,2.0,0,2.0,"",560.0,560.0,1199.0
300097,0,30000010,1296,2.0,0,2.0,"",560.0,560.0,1199.0
300097,0,30000010,1425,2.0,0,2.0,"",560.0,560.0,1199.0
300097,0,30000010,2268,2.0,0,2.0,"",560.0,560.0,1199.0
300097,0,30000011,138,2.0,0,2.0,"",560.0,560.0,1199.0
300097,0,30000011,274,2.0,0,2.0,"",560.0,560.0,1199.0
300097,0,30000011,457,2.0,0,2.0,"",560.0,560.0,1199.0
300097,0,30000011,1267,1.0,0,1.0,"",560.0,560.0,1199.0
300097,0,30000011,1296,1.0,0,1.0,"",560.0,560.0,1199.0
300097,0,30000011,1425,1.0,0,1.0,"",560.0,560.0,1199.0
300097,0,30000011,2268,1.0,0,1.0,"",560.0,560.0,1199.0
300098,0,30000002,94,2.0,0,2.0,"",560.0,560.0,1199.0
300098,0,30000002,134,2.0,0,2.0,"",560.0,560.0,1199.0
300098,0,30000002,238,2.0,0,2.0,"",560.0,560.0,1199.0
300098,0,30000002,351,2.0,0,2.0,"",560.0,560.0,1199.0
300098,0,30000002,353,2.0,0,2.0,"",560.0,560.0,1199.0
300098,0,30000002,445,2.0,0,2.0,"",560.0,560.0,1199.0
300098,0,30000002,2553,1.0,0,1.0,"",560.0,560.0,1199.0
300098,0,30000002,3066,1.0,0,1.0,"",560.0,560.0,1199.0
300098,0,30000003,94,3.0,0,3.0,"",560.0,560.0,1199.0
300098,0,30000003,134,3.0,0,3.0,"",560.0,560.0,1199.0
300098,0,30000003,238,2.0,0,2.0,"",560.0,560.0,1199.0
300098,0,30000003,351,2.0,0,2.0,"",560.0,560.0,1199.0
300098,0,30000003,353,2.0,0,2.0,"",560.0,560.0,1199.0
300098,0,30000003,445,2.0,0,2.0,"",560.0,560.0,1199.0
300098,0,30000003,2553,2.0,0,2.0,"",560.0,560.0,1199.0
300098,0,30000003,3066,2.0,0,2.0,"",560.0,560.0,1199.0
300098,0,30000004,94,2.0,0,2.0,"",560.0,560.0,1199.0
300098,0,30000004,134,2.0,0,2.0,"",560.0,560.0,1199.0
300098,0,30000004,238,2.0,0,2.0,"",560.0,560.0,1199.0
300098,0,30000004,351,2.0,0,2.0,"",560.0,560.0,1199.0
300098,0,30000004,353,2.0,0,2.0,"",560.0,560.0,1199.0
300098,0,30000004,445,2.0,0,2.0,"",560.0,560.0,1199.0
300098,0,30000004,2553,1.0,0,1.0,"",560.0,560.0,1199.0
300098,0,30000004,3066,1.0,0,1.0,"",560.0,560.0,1199.0
300098,0,30000005,94,2.0,0,2.0,"",560.0,560.0,1199.0
300098,0,30000005,134,2.0,0,2.0,"",560.0,560.0,1199.0
300098,0,30000005,238,2.0,0,2.0,"",560.0,560.0,1199.0
300098,0,30000005,351,2.0,0,2.0,"",560.0,560.0,1199.0
300098,0,30000005,353,2.0,0,2.0,"",560.0,560.0,1199.0
300098,0,30000005,445,2.0,0,2.0,"",560.0,560.0,1199.0
300098,0,30000005,2553,1.0,0,1.0,"",560.0,560.0,1199.0
300098,0,30000005,3066,1.0,0,1.0,"",560.0,560.0,1199.0
300098,0,30000006,94,3.0,0,3.0,"",560.0,560.0,1199.0
300098,0,30000006,134,3.0,0,3.0,"",560.0,560.0,1199.0
300098,0,30000006,238,3.0,0,3.0,"",560.0,560.0,1199.0
300098,0,30000006,351,3.0,0,3.0,"",560.0,560.0,1199.0
300098,0,30000006,353,2.0,0,2.0,"",560.0,560.0,1199.0
300098,0,30000006,445,2.0,0,2.0,"",560.0,560.0,1199.0
300098,0,30000006,2553,2.0,0,2.0,"",560.0,560.0,1199.0
300098,0,30000006,3066,2.0,0,2.0,"",560.0,560.0,1199.0
300098,0,30000007,94,2.0,0,2.0,"",560.0,560.0,1199.0
300098,0,30000007,134,2.0,0,2.0,"",560.0,560.0,1199.0
300098,0,30000007,238,2.0,0,2.0,"",560.0,560.0,1199.0
300098,0,30000007,351,2.0,0,2.0,"",560.0,560.0,1199.0
300098,0,30000007,353,2.0,0,2.0,"",560.0,560.0,1199.0
300098,0,30000007,445,2.0,0,2.0,"",560.0,560.0,1199.0
300098,0,30000007,2553,1.0,0,1.0,"",560.0,560.0,1199.0
300098,0,30000007,3066,1.0,0,1.0,"",560.0,560.0,1199.0
300098,0,30000008,94,3.0,0,3.0,"",560.0,560.0,1199.0
300098,0,30000008,134,3.0,0,3.0,"",560.0,560.0,1199.0
300098,0,30000008,238,2.0,0,2.0,"",560.0,560.0,1199.0
300098,0,30000008,351,2.0,0,2.0,"",560.0,560.0,1199.0
300098,0,30000008,353,2.0,0,2.0,"",560.0,560.0,1199.0
300098,0,30000008,445,2.0,0,2.0,"",560.0,560.0,1199.0
300098,0,30000008,2553,2.0,0,2.0,"",560.0,560.0,1199.0
300098,0,30000008,3066,2.0,0,2.0,"",560.0,560.0,1199.0
300098,0,30000009,94,2.0,0,2.0,"",560.0,560.0,1199.0
300098,0,30000009,134,2.0,0,2.0,"",560.0,560.0,1199.0
300098,0,30000009,238,2.0,0,2.0,"",560.0,560.0,1199.0
300098,0,30000009,351,2.0,0,2.0,"",560.0,560.0,1199.0
300098,0,30000009,353,2.0,0,2.0,"",560.0,560.0,1199.0
300098,0,30000009,445,2.0,0,2.0,"",560.0,560.0,1199.0
300098,0,30000009,2553,1.0,0,1.0,"",560.0,560.0,1199.0
300098,0,30000009,3066,1.0,0,1.0,"",560.0,560.0,1199.0
300098,0,30000010,94,3.0,0,3.0,"",560.0,560.0,1199.0
300098,0,30000010,134,3.0,0,3.0,"",560.0,560.0,1199.0
300098,0,30000010,238,3.0,0,3.0,"",560.0,560.0,1199.0
300098,0,30000010,351,3.0,0,3.0,"",560.0,560.0,1199.0
300098,0,30000010,353,2.0,0,2.0,"",560.0,560.0,1199.0
300098,0,30000010,445,2.0,0,2.0,"",560.0,560.0,1199.0
300098,0,30000010,2553,2.0,0,2.0,"",560.0,560.0,1199.0
300098,0,30000010,3066,2.0,0,2.0,"",560.0,560.0,1199.0
300098,0,30000011,94,2.0,0,2.0,"",560.0,560.0,1199.0
300098,0,30000011,134,2.0,0,2.0,"",560.0,560.0,1199.0
300098,0,30000011,238,2.0,0,2.0,"",560.0,560.0,1199.0
300098,0,30000011,351,2.0,0,2.0,"",560.0,560.0,1199.0
300098,0,30000011,353,2.0,0,2.0,"",560.0,560.0,1199.0
300098,0,30000011,445,2.0,0,2.0,"",560.0,560.0,1199.0
300098,0,30000011,2553,1.0,0,1.0,"",560.0,560.0,1199.0
300098,0,30000011,3066,1.0,0,1.0,"",560.0,560.0,1199.0
300099,0,30000002,14,2.0,0,2.0,"",560.0,560.0,1199.0
300099,0,30000002,145,2.0,0,2.0,"",560.0,560.0,1199.0
300099,0,30000002,241,2.0,0,2.0,"",560.0,560.0,1199.0
300099,0,30000002,275,2.0,0,2.0,"",560.0,560.0,1199.0
300099,0,30000002,432,2.0,0,2.0,"",560.0,560.0,1199.0
300099,0,30000002,440,2.0,0,2.0,"",560.0,560.0,1199.0
300099,0,30000002,1887,1.0,0,1.0,"",560.0,560.0,1199.0
300099,0,30000002,1888,1.0,0,1.0,"",560.0,560.0,1199.0
300099,0,30000003,14,3.0,0,3.0,"",560.0,560.0,1199.0
300099,0,30000003,145,3.0,0,3.0,"",560.0,560.0,1199.0
300099,0,30000003,241,2.0,0,2.0,"",560.0,560.0,1199.0
300099,0,30000003,275,2.0,0,2.0,"",560.0,560.0,1199.0
300099,0,30000003,432,2.0,0,2.0,"",560.0,560.0,1199.0
300099,0,30000003,440,2.0,0,2.0,"",560.0,560.0,1199.0
300099,0,30000003,1887,2.0,0,2.0,"",560.0,560.0,1199.0
300099,0,30000003,1888,2.0,0,2.0,"",560.0,560.0,1199.0
300099,0,30000004,14,2.0,0,2.0,"",560.0,560.0,1199.0
300099,0,30000004,145,2.0,0,2.0,"",560.0,560.0,1199.0
300099,0,30000004,241,2.0,0,2.0,"",560.0,560.0,1199.0
300099,0,30000004,275,2.0,0,2.0,"",560.0,560.0,1199.0
300099,0,30000004,432,2.0,0,2.0,"",560.0,560.0,1199.0
300099,0,30000004,440,2.0,0,2.0,"",560.0,560.0,1199.0
300099,0,30000004,1887,1.0,0,1.0,"",560.0,560.0,1199.0
300099,0,30000004,1888,1.0,0,1.0,"",560.0,560.0,1199.0
300099,0,30000005,14,2.0,0,2.0,"",560.0,560.0,1199.0
300099,0,30000005,145,2.0,0,2.0,"",560.0,560.0,1199.0
300099,0,30000005,241,2.0,0,2.0,"",560.0,560.0,1199.0
300099,0,30000005,275,2.0,0,2.0,"",560.0,560.0,1199.0
300099,0,30000005,432,2.0,0,2.0,"",560.0,560.0,1199.0
300099,0,30000005,440,2.0,0,2.0,"",560.0,560.0,1199.0
300099,0,30000005,1887,1.0,0,1.0,"",560.0,560.0,1199.0
300099,0,30000005,1888,1.0,0,1.0,"",560.0,560.0,1199.0
300099,0,30000006,14,3.0,0,3.0,"",560.0,560.0,1199.0
300099,0,30000006,145,3.0,0,3.0,"",560.0,560.0,1199.0
300099,0,30000006,241,3.0,0,3.0,"",560.0,560.0,1199.0
300099,0,30000006,275,3.0,0,3.0,"",560.0,560.0,1199.0
300099,0,30000006,432,2.0,0,2.0,"",560.0,560.0,1199.0
300099,0,30000006,440,2.0,0,2.0,"",560.0,560.0,1199.0
300099,0,30000006,1887,2.0,0,2.0,"",560.0,560.0,1199.0
300099,0,30000006,1888,2.0,0,2.0,"",560.0,560.0,1199.0
300099,0,30000007,14,2.0,0,2.0,"",560.0,560.0,1199.0
300099,0,30000007,145,2.0,0,2.0,"",560.0,560.0,1199.0
300099,0,30000007,241,2.0,0,2.0,"",560.0,560.0,1199.0
300099,0,30000007,275,2.0,0,2.0,"",560.0,560.0,1199.0
300099,0,30000007,432,2.0,0,2.0,"",560.0,560.0,1199.0
300099,0,30000007,440,2.0,0,2.0,"",560.0,560.0,1199.0
300099,0,30000007,1887,1.0,0,1.0,"",560.0,560.0,1199.0
300099,0,30000007,1888,1.0,0,1.0,"",560.0,560.0,1199.0
300099,0,30000008,14,3.0,0,3.0,"",560.0,560.0,1199.0
300099,0,30000008,145,3.0,0,3.0,"",560.0,560.0,1199.0
300099,0,30000008,241,2.0,0,2.0,"",560.0,560.0,1199.0
300099,0,30000008,275,2.0,0,2.0,"",560.0,560.0,1199.0
300099,0,30000008,432,2.0,0,2.0,"",560.0,560.0,1199.0
300099,0,30000008,440,2.0,0,2.0,"",560.0,560.0,1199.0
300099,0,30000008,1887,2.0,0,2.0,"",560.0,560.0,1199.0
300099,0,30000008,1888,2.0,0,2.0,"",560.0,560.0,1199.0
300099,0,30000009,14,2.0,0,2.0,"",560.0,560.0,1199.0
300099,0,30000009,145,2.0,0,2.0,"",560.0,560.0,1199.0
300099,0,30000009,241,2.0,0,2.0,"",560.0,560.0,1199.0
300099,0,30000009,275,2.0,0,2.0,"",560.0,560.0,1199.0
300099,0,30000009,432,2.0,0,2.0,"",560.0,560.0,1199.0
300099,0,30000009,440,2.0,0,2.0,"",560.0,560.0,1199.0
300099,0,30000009,1887,1.0,0,1.0,"",560.0,560.0,1199.0
300099,0,30000009,1888,1.0,0,1.0,"",560.0,560.0,1199.0
300099,0,30000010,14,3.0,0,3.0,"",560.0,560.0,1199.0
300099,0,30000010,145,3.0,0,3.0,"",560.0,560.0,1199.0
300099,0,30000010,241,3.0,0,3.0,"",560.0,560.0,1199.0
300099,0,30000010,275,3.0,0,3.0,"",560.0,560.0,1199.0
300099,0,30000010,432,2.0,0,2.0,"",560.0,560.0,1199.0
300099,0,30000010,440,2.0,0,2.0,"",560.0,560.0,1199.0
300099,0,30000010,1887,2.0,0,2.0,"",560.0,560.0,1199.0
300099,0,30000010,1888,2.0,0,2.0,"",560.0,560.0,1199.0
300099,0,30000011,14,2.0,0,2.0,"",560.0,560.0,1199.0
300099,0,30000011,145,2.0,0,2.0,"",560.0,560.0,1199.0
300099,0,30000011,241,2.0,0,2.0,"",560.0,560.0,1199.0
300099,0,30000011,275,2.0,0,2.0,"",560.0,560.0,1199.0
300099,0,30000011,432,2.0,0,2.0,"",560.0,560.0,1199.0
300099,0,30000011,440,2.0,0,2.0,"",560.0,560.0,1199.0
300099,0,30000011,1887,1.0,0,1.0,"",560.0,560.0,1199.0
300099,0,30000011,1888,1.0,0,1.0,"",560.0,560.0,1199.0
300100,0,30000002,130,2.0,0,2.0,"",560.0,560.0,1199.0
300100,0,30000002,148,2.0,0,2.0,"",560.0,560.0,1199.0
300100,0,30000002,270,2.0,0,2.0,"",560.0,560.0,1199.0
300100,0,30000002,452,1.0,0,1.0,"",560.0,560.0,1199.0
300100,0,30000002,2552,1.0,0,1.0,"",560.0,560.0,1199.0
300100,0,30000002,3068,1.0,0,1.0,"",560.0,560.0,1199.0
300100,0,30000003,130,3.0,0,3.0,"",560.0,560.0,1199.0
300100,0,30000003,148,3.0,0,3.0,"",560.0,560.0,1199.0
300100,0,30000003,270,2.0,0,2.0,"",560.0,560.0,1199.0
300100,0,30000003,452,2.0,0,2.0,"",560.0,560.0,1199.0
300100,0,30000003,2552,2.0,0,2.0,"",560.0,560.0,1199.0
300100,0,30000003,3068,2.0,0,2.0,"",560.0,560.0,1199.0
300100,0,30000004,130,2.0,0,2.0,"",560.0,560.0,1199.0
300100,0,30000004,148,2.0,0,2.0,"",560.0,560.0,1199.0
300100,0,30000004,270,2.0,0,2.0,"",560.0,560.0,1199.0
300100,0,30000004,452,1.0,0,1.0,"",560.0,560.0,1199.0
300100,0,30000004,2552,1.0,0,1.0,"",560.0,560.0,1199.0
300100,0,30000004,3068,1.0,0,1.0,"",560.0,560.0,1199.0
300100,0,30000005,130,2.0,0,2.0,"",560.0,560.0,1199.0
300100,0,30000005,148,2.0,0,2.0,"",560.0,560.0,1199.0
300100,0,30000005,270,2.0,0,2.0,"",560.0,560.0,1199.0
300100,0,30000005,452,2.0,0,2.0,"",560.0,560.0,1199.0
300100,0,30000005,2552,1.0,0,1.0,"",560.0,560.0,1199.0
300100,0,30000005,3068,1.0,0,1.0,"",560.0,560.0,1199.0
300100,0,30000006,130,3.0,0,3.0,"",560.0,560.0,1199.0
300100,0,30000006,148,3.0,0,3.0,"",560.0,560.0,1199.0
300100,0,30000006,270,3.0,0,3.0,"",560.0,560.0,1199.0
300100,0,30000006,452,2.0,0,2.0,"",560.0,560.0,1199.0
300100,0,30000006,2552,2.0,0,2.0,"",560.0,560.0,1199.0
300100,0,30000006,3068,2.0,0,2.0,"",560.0,560.0,1199.0
300100,0,30000007,130,2.0,0,2.0,"",560.0,560.0,1199.0
300100,0,30000007,148,2.0,0,2.0,"",560.0,560.0,1199.0
300100,0,30000007,270,2.0,0,2.0,"",560.0,560.0,1199.0
300100,0,30000007,452,1.0,0,1.0,"",560.0,560.0,1199.0
300100,0,30000007,2552,1.0,0,1.0,"",560.0,560.0,1199.0
300100,0,30000007,3068,1.0,0,1.0,"",560.0,560.0,1199.0
300100,0,30000008,130,3.0,0,3.0,"",560.0,560.0,1199.0
300100,0,30000008,148,3.0,0,3.0,"",560.0,560.0,1199.0
300100,0,30000008,270,2.0,0,2.0,"",560.0,560.0,1199.0
300100,0,30000008,452,2.0,0,2.0,"",560.0,560.0,1199.0
300100,0,30000008,2552,2.0,0,2.0,"",560.0,560.0,1199.0
300100,0,30000008,3068,2.0,0,2.0,"",560.0,560.0,1199.0
300100,0,30000009,130,2.0,0,2.0,"",560.0,560.0,1199.0
300100,0,30000009,148,2.0,0,2.0,"",560.0,560.0,1199.0
300100,0,30000009,270,2.0,0,2.0,"",560.0,560.0,1199.0
300100,0,30000009,452,2.0,0,2.0,"",560.0,560.0,1199.0
300100,0,30000009,2552,1.0,0,1.0,"",560.0,560.0,1199.0
300100,0,30000009,3068,1.0,0,1.0,"",560.0,560.0,1199.0
300100,0,30000010,130,3.0,0,3.0,"",560.0,560.0,1199.0
300100,0,30000010,148,3.0,0,3.0,"",560.0,560.0,1199.0
300100,0,30000010,270,3.0,0,3.0,"",560.0,560.0,1199.0
300100,0,30000010,452,2.0,0,2.0,"",560.0,560.0,1199.0
300100,0,30000010,2552,2.0,0,2.0,"",560.0,560.0,1199.0
300100,0,30000010,3068,2.0,0,2.0,"",560.0,560.0,1199.0
300100,0,30000011,130,2.0,0,2.0,"",560.0,560.0,1199.0
300100,0,30000011,148,2.0,0,2.0,"",560.0,560.0,1199.0
300100,0,30000011,270,2.0,0,2.0,"",560.0,560.0,1199.0
300100,0,30000011,452,2.0,0,2.0,"",560.0,560.0,1199.0
300100,0,30000011,2552,1.0,0,1.0,"",560.0,560.0,1199.0
300100,0,30000011,3068,1.0,0,1.0,"",560.0,560.0,1199.0
300101,0,30000002,32,2.0,0,2.0,"",560.0,560.0,1199.0
300101,0,30000002,50,2.0,0,2.0,"",560.0,560.0,1199.0
300101,0,30000002,142,2.0,0,2.0,"",560.0,560.0,1199.0
300101,0,30000002,149,2.0,0,2.0,"",560.0,560.0,1199.0
300101,0,30000002,352,2.0,0,2.0,"",560.0,560.0,1199.0
300101,0,30000002,1663,1.0,0,1.0,"",560.0,560.0,1199.0
300101,0,30000002,2267,1.0,0,1.0,"",560.0,560.0,1199.0
300101,0,30000003,32,3.0,0,3.0,"",560.0,560.0,1199.0
300101,0,30000003,50,3.0,0,3.0,"",560.0,560.0,1199.0
300101,0,30000003,142,3.0,0,3.0,"",560.0,560.0,1199.0
300101,0,30000003,149,3.0,0,3.0,"",560.0,560.0,1199.0
300101,0,30000003,352,2.0,0,2.0,"",560.0,560.0,1199.0
300101,0,30000003,1663,2.0,0,2.0,"",560.0,560.0,1199.0
300101,0,30000003,2267,2.0,0,2.0,"",560.0,560.0,1199.0
300101,0,30000004,32,2.0,0,2.0,"",560.0,560.0,1199.0
300101,0,30000004,50,2.0,0,2.0,"",560.0,560.0,1199.0
300101,0,30000004,142,2.0,0,2.0,"",560.0,560.0,1199.0
300101,0,30000004,149,2.0,0,2.0,"",560.0,560.0,1199.0
300101,0,30000004,352,2.0,0,2.0,"",560.0,560.0,1199.0
300101,0,30000004,1663,1.0,0,1.0,"",560.0,560.0,1199.0
300101,0,30000004,2267,1.0,0,1.0,"",560.0,560.0,1199.0
300101,0,30000005,32,2.0,0,2.0,"",560.0,560.0,1199.0
300101,0,30000005,50,2.0,0,2.0,"",560.0,560.0,1199.0
300101,0,30000005,142,2.0,0,2.0,"",560.0,560.0,1199.0
300101,0,30000005,149,2.0,0,2.0,"",560.0,560.0,1199.0
300101,0,30000005,352,2.0,0,2.0,"",560.0,560.0,1199.0
300101,0,30000005,1663,1.0,0,1.0,"",560.0,560.0,1199.0
300101,0,30000005,2267,1.0,0,1.0,"",560.0,560.0,1199.0
300101,0,30000006,32,3.0,0,3.0,"",560.0,560.0,1199.0
300101,0,30000006,50,3.0,0,3.0,"",560.0,560.0,1199.0
300101,0,30000006,142,3.0,0,3.0,"",560.0,560.0,1199.0
300101,0,30000006,149,3.0,0,3.0,"",560.0,560.0,1199.0
300101,0,30000006,352,2.0,0,2.0,"",560.0,560.0,1199.0
300101,0,30000006,1663,2.0,0,2.0,"",560.0,560.0,1199.0
300101,0,30000006,2267,2.0,0,2.0,"",560.0,560.0,1199.0
300101,0,30000007,32,2.0,0,2.0,"",560.0,560.0,1199.0
300101,0,30000007,50,2.0,0,2.0,"",560.0,560.0,1199.0
300101,0,30000007,142,2.0,0,2.0,"",560.0,560.0,1199.0
300101,0,30000007,149,2.0,0,2.0,"",560.0,560.0,1199.0
300101,0,30000007,352,2.0,0,2.0,"",560.0,560.0,1199.0
300101,0,30000007,1663,1.0,0,1.0,"",560.0,560.0,1199.0
300101,0,30000007,2267,1.0,0,1.0,"",560.0,560.0,1199.0
300101,0,30000008,32,3.0,0,3.0,"",560.0,560.0,1199.0
300101,0,30000008,50,3.0,0,3.0,"",560.0,560.0,1199.0
300101,0,30000008,142,3.0,0,3.0,"",560.0,560.0,1199.0
300101,0,30000008,149,3.0,0,3.0,"",560.0,560.0,1199.0
300101,0,30000008,352,2.0,0,2.0,"",560.0,560.0,1199.0
300101,0,30000008,1663,2.0,0,2.0,"",560.0,560.0,1199.0
300101,0,30000008,2267,2.0,0,2.0,"",560.0,560.0,1199.0
300101,0,30000009,32,2.0,0,2.0,"",560.0,560.0,1199.0
300101,0,30000009,50,2.0,0,2.0,"",560.0,560.0,1199.0
300101,0,30000009,142,2.0,0,2.0,"",560.0,560.0,1199.0
300101,0,30000009,149,2.0,0,2.0,"",560.0,560.0,1199.0
300101,0,30000009,352,2.0,0,2.0,"",560.0,560.0,1199.0
300101,0,30000009,1663,1.0,0,1.0,"",560.0,560.0,1199.0
300101,0,30000009,2267,1.0,0,1.0,"",560.0,560.0,1199.0
300101,0,30000010,32,3.0,0,3.0,"",560.0,560.0,1199.0
300101,0,30000010,50,3.0,0,3.0,"",560.0,560.0,1199.0
300101,0,30000010,142,3.0,0,3.0,"",560.0,560.0,1199.0
300101,0,30000010,149,3.0,0,3.0,"",560.0,560.0,1199.0
300101,0,30000010,352,2.0,0,2.0,"",560.0,560.0,1199.0
300101,0,30000010,1663,2.0,0,2.0,"",560.0,560.0,1199.0
300101,0,30000010,2267,2.0,0,2.0,"",560.0,560.0,1199.0
300101,0,30000011,32,2.0,0,2.0,"",560.0,560.0,1199.0
300101,0,30000011,50,2.0,0,2.0,"",560.0,560.0,1199.0
300101,0,30000011,142,2.0,0,2.0,"",560.0,560.0,1199.0
300101,0,30000011,149,2.0,0,2.0,"",560.0,560.0,1199.0
300101,0,30000011,352,2.0,0,2.0,"",560.0,560.0,1199.0
300101,0,30000011,1663,1.0,0,1.0,"",560.0,560.0,1199.0
300101,0,30000011,2267,1.0,0,1.0,"",560.0,560.0,1199.0
300102,0,30000002,95,2.0,0,2.0,"",560.0,560.0,1199.0
300102,0,30000002,120,2.0,0,2.0,"",560.0,560.0,1199.0
300102,0,30000002,1063,1.0,0,1.0,"",560.0,560.0,1199.0
300102,0,30000002,1090,1.0,0,1.0,"",560.0,560.0,1199.0
300102,0,30000002,2203,1.0,0,1.0,"",560.0,560.0,1199.0
300102,0,30000002,2592,1.0,0,1.0,"",560.0,560.0,1199.0
300102,0,30000002,3067,1.0,0,1.0,"",560.0,560.0,1199.0
300102,0,30000003,95,3.0,0,3.0,"",560.0,560.0,1199.0
300102,0,30000003,120,3.0,0,3.0,"",560.0,560.0,1199.0
300102,0,30000003,1063,2.0,0,2.0,"",560.0,560.0,1199.0
300102,0,30000003,1090,2.0,0,2.0,"",560.0,560.0,1199.0
300102,0,30000003,2203,2.0,0,2.0,"",560.0,560.0,1199.0
300102,0,30000003,2592,2.0,0,2.0,"",560.0,560.0,1199.0
300102,0,30000003,3067,2.0,0,2.0,"",560.0,560.0,1199.0
300102,0,30000004,95,2.0,0,2.0,"",560.0,560.0,1199.0
300102,0,30000004,120,2.0,0,2.0,"",560.0,560.0,1199.0
300102,0,30000004,1063,1.0,0,1.0,"",560.0,560.0,1199.0
300102,0,30000004,1090,1.0,0,1.0,"",560.0,560.0,1199.0
300102,0,30000004,2203,1.0,0,1.0,"",560.0,560.0,1199.0
300102,0,30000004,2592,1.0,0,1.0,"",560.0,560.0,1199.0
300102,0,30000004,3067,1.0,0,1.0,"",560.0,560.0,1199.0
300102,0,30000005,95,2.0,0,2.0,"",560.0,560.0,1199.0
300102,0,30000005,120,2.0,0,2.0,"",560.0,560.0,1199.0
300102,0,30000005,1063,2.0,0,2.0,"",560.0,560.0,1199.0
300102,0,30000005,1090,2.0,0,2.0,"",560.0,560.0,1199.0
300102,0,30000005,2203,1.0,0,1.0,"",560.0,560.0,1199.0
300102,0,30000005,2592,1.0,0,1.0,"",560.0,560.0,1199.0
300102,0,30000005,3067,1.0,0,1.0,"",560.0,560.0,1199.0
300102,0,30000006,95,3.0,0,3.0,"",560.0,560.0,1199.0
300102,0,30000006,120,3.0,0,3.0,"",560.0,560.0,1199.0
300102,0,30000006,1063,2.0,0,2.0,"",560.0,560.0,1199.0
300102,0,30000006,1090,2.0,0,2.0,"",560.0,560.0,1199.0
300102,0,30000006,2203,2.0,0,2.0,"",560.0,560.0,1199.0
300102,0,30000006,2592,2.0,0,2.0,"",560.0,560.0,1199.0
300102,0,30000006,3067,2.0,0,2.0,"",560.0,560.0,1199.0
300102,0,30000007,95,2.0,0,2.0,"",560.0,560.0,1199.0
300102,0,30000007,120,2.0,0,2.0,"",560.0,560.0,1199.0
300102,0,30000007,1063,1.0,0,1.0,"",560.0,560.0,1199.0
300102,0,30000007,1090,1.0,0,1.0,"",560.0,560.0,1199.0
300102,0,30000007,2203,1.0,0,1.0,"",560.0,560.0,1199.0
300102,0,30000007,2592,1.0,0,1.0,"",560.0,560.0,1199.0
300102,0,30000007,3067,1.0,0,1.0,"",560.0,560.0,1199.0
300102,0,30000008,95,3.0,0,3.0,"",560.0,560.0,1199.0
300102,0,30000008,120,3.0,0,3.0,"",560.0,560.0,1199.0
300102,0,30000008,1063,2.0,0,2.0,"",560.0,560.0,1199.0
300102,0,30000008,1090,2.0,0,2.0,"",560.0,560.0,1199.0
300102,0,30000008,2203,2.0,0,2.0,"",560.0,560.0,1199.0
300102,0,30000008,2592,2.0,0,2.0,"",560.0,560.0,1199.0
300102,0,30000008,3067,2.0,0,2.0,"",560.0,560.0,1199.0
300102,0,30000009,95,2.0,0,2.0,"",560.0,560.0,1199.0
300102,0,30000009,120,2.0,0,2.0,"",560.0,560.0,1199.0
300102,0,30000009,1063,2.0,0,2.0,"",560.0,560.0,1199.0
300102,0,30000009,1090,2.0,0,2.0,"",560.0,560.0,1199.0
300102,0,30000009,2203,1.0,0,1.0,"",560.0,560.0,1199.0
300102,0,30000009,2592,1.0,0,1.0,"",560.0,560.0,1199.0
300102,0,30000009,3067,1.0,0,1.0,"",560.0,560.0,1199.0
300102,0,30000010,95,3.0,0,3.0,"",560.0,560.0,1199.0
300102,0,30000010,120,3.0,0,3.0,"",560.0,560.0,1199.0
300102,0,30000010,1063,2.0,0,2.0,"",560.0,560.0,1199.0
300102,0,30000010,1090,2.0,0,2.0,"",560.0,560.0,1199.0
300102,0,30000010,2203,2.0,0,2.0,"",560.0,560.0,1199.0
300102,0,30000010,2592,2.0,0,2.0,"",560.0,560.0,1199.0
300102,0,30000010,3067,2.0,0,2.0,"",560.0,560.0,1199.0
300102,0,30000011,95,2.0,0,2.0,"",560.0,560.0,1199.0
300102,0,30000011,120,2.0,0,2.0,"",560.0,560.0,1199.0
300102,0,30000011,1063,2.0,0,2.0,"",560.0,560.0,1199.0
300102,0,30000011,1090,2.0,0,2.0,"",560.0,560.0,1199.0
300102,0,30000011,2203,1.0,0,1.0,"",560.0,560.0,1199.0
300102,0,30000011,2592,1.0,0,1.0,"",560.0,560.0,1199.0
300102,0,30000011,3067,1.0,0,1.0,"",560.0,560.0,1199.0
300120,0,30000000,1,2.0,0,2.0,"Y",250.0,250.0,499.75
300120,0,30000000,6,2.0,0,2.0,"Y",250.0,250.0,499.75
300120,0,30000000,15,2.0,0,2.0,"Y",250.0,250.0,499.75
300120,0,30000000,277,2.0,0,2.0,"Y",250.0,250.0,499.75
300120,0,30000000,448,1.0,0,1.0,"Y",250.0,250.0,499.75
300120,0,30000000,855,1.0,0,1.0,"Y",250.0,250.0,499.75
300120,0,30000000,1268,1.0,0,1.0,"Y",250.0,250.0,499.75
300120,0,30000000,1896,1.0,0,1.0,"Y",250.0,250.0,499.75
300121,0,30000000,2,2.0,0,2.0,"Y",250.0,250.0,499.75
300121,0,30000000,9,2.0,0,2.0,"Y",250.0,250.0,499.75
300121,0,30000000,46,2.0,0,2.0,"Y",250.0,250.0,499.75
300121,0,30000000,228,2.0,0,2.0,"Y",250.0,250.0,499.75
300121,0,30000000,276,2.0,0,2.0,"Y",250.0,250.0,499.75
300121,0,30000000,1875,1.0,0,1.0,"Y",250.0,250.0,499.75
300121,0,30000000,3065,1.0,0,1.0,"Y",250.0,250.0,499.75
300121,0,30000000,3574,1.0,0,1.0,"Y",250.0,250.0,499.75
300122,0,30000000,3,2.0,0,2.0,"Y",250.0,250.0,499.75
300122,0,30000000,65,2.0,0,2.0,"Y",250.0,250.0,499.75
300122,0,30000000,73,2.0,0,2.0,"Y",250.0,250.0,499.75
300122,0,30000000,156,2.0,0,2.0,"Y",250.0,250.0,499.75
300122,0,30000000,245,2.0,0,2.0,"Y",250.0,250.0,499.75
300122,0,30000000,1132,1.0,0,1.0,"Y",250.0,250.0,499.75
300122,0,30000000,1204,1.0,0,1.0,"Y",250.0,250.0,499.75
300123,0,30000000,138,2.0,0,2.0,"Y",250.0,250.0,499.75
300123,0,30000000,274,2.0,0,2.0,"Y",250.0,250.0,499.75
300123,0,30000000,457,1.0,0,1.0,"Y",250.0,250.0,499.75
300123,0,30000000,1267,1.0,0,1.0,"Y",250.0,250.0,499.75
300123,0,30000000,1296,1.0,0,1.0,"Y",250.0,250.0,499.75
300123,0,30000000,1425,1.0,0,1.0,"Y",250.0,250.0,499.75
300123,0,30000000,2268,1.0,0,1.0,"Y",250.0,250.0,499.75
300124,0,30000000,94,2.0,0,2.0,"Y",250.0,250.0,499.75
300124,0,30000000,134,2.0,0,2.0,"Y",250.0,250.0,499.75
300124,0,30000000,238,2.0,0,2.0,"Y",250.0,250.0,499.75
300124,0,30000000,351,2.0,0,2.0,"Y",250.0,250.0,499.75
300124,0,30000000,353,1.0,0,1.0,"Y",250.0,250.0,499.75
300124,0,30000000,445,1.0,0,1.0,"Y",250.0,250.0,499.75
300124,0,30000000,2551,1.0,0,1.0,"Y",250.0,250.0,499.75
300124,0,30000000,2553,1.0,0,1.0,"Y",250.0,250.0,499.75
300124,0,30000000,3066,1.0,0,1.0,"Y",250.0,250.0,499.75
300125,0,30000000,14,2.0,0,2.0,"Y",250.0,250.0,499.75
300125,0,30000000,145,2.0,0,2.0,"Y",250.0,250.0,499.75
300125,0,30000000,241,2.0,0,2.0,"Y",250.0,250.0,499.75
300125,0,30000000,275,2.0,0,2.0,"Y",250.0,250.0,499.75
300125,0,30000000,432,1.0,0,1.0,"Y",250.0,250.0,499.75
300125,0,30000000,440,1.0,0,1.0,"Y",250.0,250.0,499.75
300125,0,30000000,1887,1.0,0,1.0,"Y",250.0,250.0,499.75
300125,0,30000000,1888,1.0,0,1.0,"Y",250.0,250.0,499.75
300126,0,30000000,130,2.0,0,2.0,"Y",250.0,250.0,499.75
300126,0,30000000,148,2.0,0,2.0,"Y",250.0,250.0,499.75
300126,0,30000000,270,2.0,0,2.0,"Y",250.0,250.0,499.75
300126,0,30000000,452,1.0,0,1.0,"Y",250.0,250.0,499.75
300126,0,30000000,2552,1.0,0,1.0,"Y",250.0,250.0,499.75
300126,0,30000000,3068,1.0,0,1.0,"Y",250.0,250.0,499.75
300127,0,30000000,32,2.0,0,2.0,"Y",250.0,250.0,499.75
300127,0,30000000,50,2.0,0,2.0,"Y",250.0,250.0,499.75
300127,0,30000000,142,2.0,0,2.0,"Y",250.0,250.0,499.75
300127,0,30000000,149,2.0,0,2.0,"Y",250.0,250.0,499.75
300127,0,30000000,352,1.0,0,1.0,"Y",250.0,250.0,499.75
300127,0,30000000,1663,1.0,0,1.0,"Y",250.0,250.0,499.75
300127,0,30000000,2267,1.0,0,1.0,"Y",250.0,250.0,499.75
300128,0,30000000,95,2.0,0,2.0,"Y",250.0,250.0,499.75
300128,0,30000000,120,2.0,0,2.0,"Y",250.0,250.0,499.75
300128,0,30000000,1063,1.0,0,1.0,"Y",250.0,250.0,499.75
300128,0,30000000,1090,1.0,0,1.0,"Y",250.0,250.0,499.75
300128,0,30000000,2203,1.0,0,1.0,"Y",250.0,250.0,499.75
300128,0,30000000,2592,1.0,0,1.0,"Y",250.0,250.0,499.75
300128,0,30000000,3067,1.0,0,1.0,"Y",250.0,250.0,499.75
300129,0,30000002,1,2.0,0,2.0,"",560.0,560.0,1199.0
300129,0,30000002,6,2.0,0,2.0,"",560.0,560.0,1199.0
300129,0,30000002,15,2.0,0,2.0,"",560.0,560.0,1199.0
300129,0,30000002,277,2.0,0,2.0,"",560.0,560.0,1199.0
300129,0,30000002,448,1.0,0,1.0,"",560.0,560.0,1199.0
300129,0,30000002,855,1.0,0,1.0,"",560.0,560.0,1199.0
300129,0,30000002,1268,1.0,0,1.0,"",560.0,560.0,1199.0
300129,0,30000002,1896,1.0,0,1.0,"",560.0,560.0,1199.0
300129,0,30000003,1,3.0,0,3.0,"",560.0,560.0,1199.0
300129,0,30000003,6,3.0,0,3.0,"",560.0,560.0,1199.0
300129,0,30000003,15,3.0,0,3.0,"",560.0,560.0,1199.0
300129,0,30000003,277,2.0,0,2.0,"",560.0,560.0,1199.0
300129,0,30000003,448,2.0,0,2.0,"",560.0,560.0,1199.0
300129,0,30000003,855,2.0,0,2.0,"",560.0,560.0,1199.0
300129,0,30000003,1268,2.0,0,2.0,"",560.0,560.0,1199.0
300129,0,30000003,1896,2.0,0,2.0,"",560.0,560.0,1199.0
300129,0,30000004,1,2.0,0,2.0,"",560.0,560.0,1199.0
300129,0,30000004,6,2.0,0,2.0,"",560.0,560.0,1199.0
300129,0,30000004,15,2.0,0,2.0,"",560.0,560.0,1199.0
300129,0,30000004,277,2.0,0,2.0,"",560.0,560.0,1199.0
300129,0,30000004,448,1.0,0,1.0,"",560.0,560.0,1199.0
300129,0,30000004,855,1.0,0,1.0,"",560.0,560.0,1199.0
300129,0,30000004,1268,1.0,0,1.0,"",560.0,560.0,1199.0
300129,0,30000004,1896,1.0,0,1.0,"",560.0,560.0,1199.0
300129,0,30000005,1,2.0,0,2.0,"",560.0,560.0,1199.0
300129,0,30000005,6,2.0,0,2.0,"",560.0,560.0,1199.0
300129,0,30000005,15,2.0,0,2.0,"",560.0,560.0,1199.0
300129,0,30000005,277,2.0,0,2.0,"",560.0,560.0,1199.0
300129,0,30000005,448,2.0,0,2.0,"",560.0,560.0,1199.0
300129,0,30000005,855,1.0,0,1.0,"",560.0,560.0,1199.0
300129,0,30000005,1268,1.0,0,1.0,"",560.0,560.0,1199.0
300129,0,30000005,1896,1.0,0,1.0,"",560.0,560.0,1199.0
300129,0,30000006,1,3.0,0,3.0,"",560.0,560.0,1199.0
300129,0,30000006,6,3.0,0,3.0,"",560.0,560.0,1199.0
300129,0,30000006,15,3.0,0,3.0,"",560.0,560.0,1199.0
300129,0,30000006,277,2.0,0,2.0,"",560.0,560.0,1199.0
300129,0,30000006,448,2.0,0,2.0,"",560.0,560.0,1199.0
300129,0,30000006,855,2.0,0,2.0,"",560.0,560.0,1199.0
300129,0,30000006,1268,2.0,0,2.0,"",560.0,560.0,1199.0
300129,0,30000006,1896,2.0,0,2.0,"",560.0,560.0,1199.0
300129,0,30000007,1,2.0,0,2.0,"",560.0,560.0,1199.0
300129,0,30000007,6,2.0,0,2.0,"",560.0,560.0,1199.0
300129,0,30000007,15,2.0,0,2.0,"",560.0,560.0,1199.0
300129,0,30000007,277,2.0,0,2.0,"",560.0,560.0,1199.0
300129,0,30000007,448,1.0,0,1.0,"",560.0,560.0,1199.0
300129,0,30000007,855,1.0,0,1.0,"",560.0,560.0,1199.0
300129,0,30000007,1268,1.0,0,1.0,"",560.0,560.0,1199.0
300129,0,30000007,1896,1.0,0,1.0,"",560.0,560.0,1199.0
300129,0,30000008,1,3.0,0,3.0,"",560.0,560.0,1199.0
300129,0,30000008,6,3.0,0,3.0,"",560.0,560.0,1199.0
300129,0,30000008,15,3.0,0,3.0,"",560.0,560.0,1199.0
300129,0,30000008,277,2.0,0,2.0,"",560.0,560.0,1199.0
300129,0,30000008,448,2.0,0,2.0,"",560.0,560.0,1199.0
300129,0,30000008,855,2.0,0,2.0,"",560.0,560.0,1199.0
300129,0,30000008,1268,2.0,0,2.0,"",560.0,560.0,1199.0
300129,0,30000008,1896,2.0,0,2.0,"",560.0,560.0,1199.0
300129,0,30000009,1,2.0,0,2.0,"",560.0,560.0,1199.0
300129,0,30000009,6,2.0,0,2.0,"",560.0,560.0,1199.0
300129,0,30000009,15,2.0,0,2.0,"",560.0,560.0,1199.0
300129,0,30000009,277,2.0,0,2.0,"",560.0,560.0,1199.0
300129,0,30000009,448,2.0,0,2.0,"",560.0,560.0,1199.0
300129,0,30000009,855,1.0,0,1.0,"",560.0,560.0,1199.0
300129,0,30000009,1268,1.0,0,1.0,"",560.0,560.0,1199.0
300129,0,30000009,1896,1.0,0,1.0,"",560.0,560.0,1199.0
300129,0,30000010,1,3.0,0,3.0,"",560.0,560.0,1199.0
300129,0,30000010,6,3.0,0,3.0,"",560.0,560.0,1199.0
300129,0,30000010,15,3.0,0,3.0,"",560.0,560.0,1199.0
300129,0,30000010,277,2.0,0,2.0,"",560.0,560.0,1199.0
300129,0,30000010,448,2.0,0,2.0,"",560.0,560.0,1199.0
300129,0,30000010,855,2.0,0,2.0,"",560.0,560.0,1199.0
300129,0,30000010,1268,2.0,0,2.0,"",560.0,560.0,1199.0
300129,0,30000010,1896,2.0,0,2.0,"",560.0,560.0,1199.0
300129,0,30000011,1,2.0,0,2.0,"",560.0,560.0,1199.0
300129,0,30000011,6,2.0,0,2.0,"",560.0,560.0,1199.0
300129,0,30000011,15,2.0,0,2.0,"",560.0,560.0,1199.0
300129,0,30000011,277,2.0,0,2.0,"",560.0,560.0,1199.0
300129,0,30000011,448,2.0,0,2.0,"",560.0,560.0,1199.0
300129,0,30000011,855,1.0,0,1.0,"",560.0,560.0,1199.0
300129,0,30000011,1268,1.0,0,1.0,"",560.0,560.0,1199.0
300129,0,30000011,1896,1.0,0,1.0,"",560.0,560.0,1199.0
300130,0,30000002,2,2.0,0,2.0,"",560.0,560.0,1199.0
300130,0,30000002,5,2.0,0,2.0,"",560.0,560.0,1199.0
300130,0,30000002,9,2.0,0,2.0,"",560.0,560.0,1199.0
300130,0,30000002,46,2.0,0,2.0,"",560.0,560.0,1199.0
300130,0,30000002,228,2.0,0,2.0,"",560.0,560.0,1199.0
300130,0,30000002,276,2.0,0,2.0,"",560.0,560.0,1199.0
300130,0,30000002,1875,1.0,0,1.0,"",560.0,560.0,1199.0
300130,0,30000002,3065,1.0,0,1.0,"",560.0,560.0,1199.0
300130,0,30000002,3574,1.0,0,1.0,"",560.0,560.0,1199.0
300130,0,30000003,2,3.0,0,3.0,"",560.0,560.0,1199.0
300130,0,30000003,5,3.0,0,3.0,"",560.0,560.0,1199.0
300130,0,30000003,9,3.0,0,3.0,"",560.0,560.0,1199.0
300130,0,30000003,46,3.0,0,3.0,"",560.0,560.0,1199.0
300130,0,30000003,228,2.0,0,2.0,"",560.0,560.0,1199.0
300130,0,30000003,276,2.0,0,2.0,"",560.0,560.0,1199.0
300130,0,30000003,1875,2.0,0,2.0,"",560.0,560.0,1199.0
300130,0,30000003,3065,2.0,0,2.0,"",560.0,560.0,1199.0
300130,0,30000003,3574,2.0,0,2.0,"",560.0,560.0,1199.0
300130,0,30000004,2,2.0,0,2.0,"",560.0,560.0,1199.0
300130,0,30000004,5,2.0,0,2.0,"",560.0,560.0,1199.0
300130,0,30000004,9,2.0,0,2.0,"",560.0,560.0,1199.0
300130,0,30000004,46,2.0,0,2.0,"",560.0,560.0,1199.0
300130,0,30000004,228,2.0,0,2.0,"",560.0,560.0,1199.0
300130,0,30000004,276,2.0,0,2.0,"",560.0,560.0,1199.0
300130,0,30000004,1875,1.0,0,1.0,"",560.0,560.0,1199.0
300130,0,30000004,3065,1.0,0,1.0,"",560.0,560.0,1199.0
300130,0,30000004,3574,1.0,0,1.0,"",560.0,560.0,1199.0
300130,0,30000005,2,2.0,0,2.0,"",560.0,560.0,1199.0
300130,0,30000005,5,2.0,0,2.0,"",560.0,560.0,1199.0
300130,0,30000005,9,2.0,0,2.0,"",560.0,560.0,1199.0
300130,0,30000005,46,2.0,0,2.0,"",560.0,560.0,1199.0
300130,0,30000005,228,2.0,0,2.0,"",560.0,560.0,1199.0
300130,0,30000005,276,2.0,0,2.0,"",560.0,560.0,1199.0
300130,0,30000005,1875,1.0,0,1.0,"",560.0,560.0,1199.0
300130,0,30000005,3065,1.0,0,1.0,"",560.0,560.0,1199.0
300130,0,30000005,3574,1.0,0,1.0,"",560.0,560.0,1199.0
300130,0,30000006,2,3.0,0,3.0,"",560.0,560.0,1199.0
300130,0,30000006,5,3.0,0,3.0,"",560.0,560.0,1199.0
300130,0,30000006,9,3.0,0,3.0,"",560.0,560.0,1199.0
300130,0,30000006,46,3.0,0,3.0,"",560.0,560.0,1199.0
300130,0,30000006,228,3.0,0,3.0,"",560.0,560.0,1199.0
300130,0,30000006,276,2.0,0,2.0,"",560.0,560.0,1199.0
300130,0,30000006,1875,2.0,0,2.0,"",560.0,560.0,1199.0
300130,0,30000006,3065,2.0,0,2.0,"",560.0,560.0,1199.0
300130,0,30000006,3574,2.0,0,2.0,"",560.0,560.0,1199.0
300130,0,30000007,2,2.0,0,2.0,"",560.0,560.0,1199.0
300130,0,30000007,5,2.0,0,2.0,"",560.0,560.0,1199.0
300130,0,30000007,9,2.0,0,2.0,"",560.0,560.0,1199.0
300130,0,30000007,46,2.0,0,2.0,"",560.0,560.0,1199.0
300130,0,30000007,228,2.0,0,2.0,"",560.0,560.0,1199.0
300130,0,30000007,276,2.0,0,2.0,"",560.0,560.0,1199.0
300130,0,30000007,1875,1.0,0,1.0,"",560.0,560.0,1199.0
300130,0,30000007,3065,1.0,0,1.0,"",560.0,560.0,1199.0
300130,0,30000007,3574,1.0,0,1.0,"",560.0,560.0,1199.0
300130,0,30000008,2,3.0,0,3.0,"",560.0,560.0,1199.0
300130,0,30000008,5,3.0,0,3.0,"",560.0,560.0,1199.0
300130,0,30000008,9,3.0,0,3.0,"",560.0,560.0,1199.0
300130,0,30000008,46,3.0,0,3.0,"",560.0,560.0,1199.0
300130,0,30000008,228,2.0,0,2.0,"",560.0,560.0,1199.0
300130,0,30000008,276,2.0,0,2.0,"",560.0,560.0,1199.0
300130,0,30000008,1875,2.0,0,2.0,"",560.0,560.0,1199.0
300130,0,30000008,3065,2.0,0,2.0,"",560.0,560.0,1199.0
300130,0,30000008,3574,2.0,0,2.0,"",560.0,560.0,1199.0
300130,0,30000009,2,2.0,0,2.0,"",560.0,560.0,1199.0
300130,0,30000009,5,2.0,0,2.0,"",560.0,560.0,1199.0
300130,0,30000009,9,2.0,0,2.0,"",560.0,560.0,1199.0
300130,0,30000009,46,2.0,0,2.0,"",560.0,560.0,1199.0
300130,0,30000009,228,2.0,0,2.0,"",560.0,560.0,1199.0
300130,0,30000009,276,2.0,0,2.0,"",560.0,560.0,1199.0
300130,0,30000009,1875,1.0,0,1.0,"",560.0,560.0,1199.0
300130,0,30000009,3065,1.0,0,1.0,"",560.0,560.0,1199.0
300130,0,30000009,3574,1.0,0,1.0,"",560.0,560.0,1199.0
300130,0,30000010,2,3.0,0,3.0,"",560.0,560.0,1199.0
300130,0,30000010,5,3.0,0,3.0,"",560.0,560.0,1199.0
300130,0,30000010,9,3.0,0,3.0,"",560.0,560.0,1199.0
300130,0,30000010,46,3.0,0,3.0,"",560.0,560.0,1199.0
300130,0,30000010,228,3.0,0,3.0,"",560.0,560.0,1199.0
300130,0,30000010,276,2.0,0,2.0,"",560.0,560.0,1199.0
300130,0,30000010,1875,2.0,0,2.0,"",560.0,560.0,1199.0
300130,0,30000010,3065,2.0,0,2.0,"",560.0,560.0,1199.0
300130,0,30000010,3574,2.0,0,2.0,"",560.0,560.0,1199.0
300130,0,30000011,2,2.0,0,2.0,"",560.0,560.0,1199.0
300130,0,30000011,5,2.0,0,2.0,"",560.0,560.0,1199.0
300130,0,30000011,9,2.0,0,2.0,"",560.0,560.0,1199.0
300130,0,30000011,46,2.0,0,2.0,"",560.0,560.0,1199.0
300130,0,30000011,228,2.0,0,2.0,"",560.0,560.0,1199.0
300130,0,30000011,276,2.0,0,2.0,"",560.0,560.0,1199.0
300130,0,30000011,1875,1.0,0,1.0,"",560.0,560.0,1199.0
300130,0,30000011,3065,1.0,0,1.0,"",560.0,560.0,1199.0
300130,0,30000011,3574,1.0,0,1.0,"",560.0,560.0,1199.0
300131,0,30000002,3,2.0,0,2.0,"",560.0,560.0,1199.0
300131,0,30000002,65,2.0,0,2.0,"",560.0,560.0,1199.0
300131,0,30000002,73,2.0,0,2.0,"",560.0,560.0,1199.0
300131,0,30000002,156,2.0,0,2.0,"",560.0,560.0,1199.0
300131,0,30000002,245,2.0,0,2.0,"",560.0,560.0,1199.0
300131,0,30000002,1132,1.0,0,1.0,"",560.0,560.0,1199.0
300131,0,30000002,1204,1.0,0,1.0,"",560.0,560.0,1199.0
300131,0,30000003,3,3.0,0,3.0,"",560.0,560.0,1199.0
300131,0,30000003,65,3.0,0,3.0,"",560.0,560.0,1199.0
300131,0,30000003,73,3.0,0,3.0,"",560.0,560.0,1199.0
300131,0,30000003,156,2.0,0,2.0,"",560.0,560.0,1199.0
300131,0,30000003,245,2.0,0,2.0,"",560.0,560.0,1199.0
300131,0,30000003,1132,2.0,0,2.0,"",560.0,560.0,1199.0
300131,0,30000003,1204,2.0,0,2.0,"",560.0,560.0,1199.0
300131,0,30000004,3,2.0,0,2.0,"",560.0,560.0,1199.0
300131,0,30000004,65,2.0,0,2.0,"",560.0,560.0,1199.0
300131,0,30000004,73,2.0,0,2.0,"",560.0,560.0,1199.0
300131,0,30000004,156,2.0,0,2.0,"",560.0,560.0,1199.0
300131,0,30000004,245,2.0,0,2.0,"",560.0,560.0,1199.0
300131,0,30000004,1132,1.0,0,1.0,"",560.0,560.0,1199.0
300131,0,30000004,1204,1.0,0,1.0,"",560.0,560.0,1199.0
300131,0,30000005,3,2.0,0,2.0,"",560.0,560.0,1199.0
300131,0,30000005,65,2.0,0,2.0,"",560.0,560.0,1199.0
300131,0,30000005,73,2.0,0,2.0,"",560.0,560.0,1199.0
300131,0,30000005,156,2.0,0,2.0,"",560.0,560.0,1199.0
300131,0,30000005,245,2.0,0,2.0,"",560.0,560.0,1199.0
300131,0,30000005,1132,1.0,0,1.0,"",560.0,560.0,1199.0
300131,0,30000005,1204,1.0,0,1.0,"",560.0,560.0,1199.0
300131,0,30000006,3,3.0,0,3.0,"",560.0,560.0,1199.0
300131,0,30000006,65,3.0,0,3.0,"",560.0,560.0,1199.0
300131,0,30000006,73,3.0,0,3.0,"",560.0,560.0,1199.0
300131,0,30000006,156,3.0,0,3.0,"",560.0,560.0,1199.0
300131,0,30000006,245,3.0,0,3.0,"",560.0,560.0,1199.0
300131,0,30000006,1132,2.0,0,2.0,"",560.0,560.0,1199.0
300131,0,30000006,1204,2.0,0,2.0,"",560.0,560.0,1199.0
300131,0,30000007,3,2.0,0,2.0,"",560.0,560.0,1199.0
300131,0,30000007,65,2.0,0,2.0,"",560.0,560.0,1199.0
300131,0,30000007,73,2.0,0,2.0,"",560.0,560.0,1199.0
300131,0,30000007,156,2.0,0,2.0,"",560.0,560.0,1199.0
300131,0,30000007,245,2.0,0,2.0,"",560.0,560.0,1199.0
300131,0,30000007,1132,1.0,0,1.0,"",560.0,560.0,1199.0
300131,0,30000007,1204,1.0,0,1.0,"",560.0,560.0,1199.0
300131,0,30000008,3,3.0,0,3.0,"",560.0,560.0,1199.0
300131,0,30000008,65,3.0,0,3.0,"",560.0,560.0,1199.0
300131,0,30000008,73,3.0,0,3.0,"",560.0,560.0,1199.0
300131,0,30000008,156,2.0,0,2.0,"",560.0,560.0,1199.0
300131,0,30000008,245,2.0,0,2.0,"",560.0,560.0,1199.0
300131,0,30000008,1132,2.0,0,2.0,"",560.0,560.0,1199.0
300131,0,30000008,1204,2.0,0,2.0,"",560.0,560.0,1199.0
300131,0,30000009,3,2.0,0,2.0,"",560.0,560.0,1199.0
300131,0,30000009,65,2.0,0,2.0,"",560.0,560.0,1199.0
300131,0,30000009,73,2.0,0,2.0,"",560.0,560.0,1199.0
300131,0,30000009,156,2.0,0,2.0,"",560.0,560.0,1199.0
300131,0,30000009,245,2.0,0,2.0,"",560.0,560.0,1199.0
300131,0,30000009,1132,1.0,0,1.0,"",560.0,560.0,1199.0
300131,0,30000009,1204,1.0,0,1.0,"",560.0,560.0,1199.0
300131,0,30000010,3,3.0,0,3.0,"",560.0,560.0,1199.0
300131,0,30000010,65,3.0,0,3.0,"",560.0,560.0,1199.0
300131,0,30000010,73,3.0,0,3.0,"",560.0,560.0,1199.0
300131,0,30000010,156,3.0,0,3.0,"",560.0,560.0,1199.0
300131,0,30000010,245,3.0,0,3.0,"",560.0,560.0,1199.0
300131,0,30000010,1132,2.0,0,2.0,"",560.0,560.0,1199.0
300131,0,30000010,1204,2.0,0,2.0,"",560.0,560.0,1199.0
300131,0,30000011,3,2.0,0,2.0,"",560.0,560.0,1199.0
300131,0,30000011,65,2.0,0,2.0,"",560.0,560.0,1199.0
300131,0,30000011,73,2.0,0,2.0,"",560.0,560.0,1199.0
300131,0,30000011,156,2.0,0,2.0,"",560.0,560.0,1199.0
300131,0,30000011,245,2.0,0,2.0,"",560.0,560.0,1199.0
300131,0,30000011,1132,1.0,0,1.0,"",560.0,560.0,1199.0
300131,0,30000011,1204,1.0,0,1.0,"",560.0,560.0,1199.0
300132,0,30000002,138,2.0,0,2.0,"",560.0,560.0,1199.0
300132,0,30000002,274,2.0,0,2.0,"",560.0,560.0,1199.0
300132,0,30000002,457,1.0,0,1.0,"",560.0,560.0,1199.0
300132,0,30000002,1267,1.0,0,1.0,"",560.0,560.0,1199.0
300132,0,30000002,1296,1.0,0,1.0,"",560.0,560.0,1199.0
300132,0,30000002,1425,1.0,0,1.0,"",560.0,560.0,1199.0
300132,0,30000002,2268,1.0,0,1.0,"",560.0,560.0,1199.0
300132,0,30000003,138,3.0,0,3.0,"",560.0,560.0,1199.0
300132,0,30000003,274,2.0,0,2.0,"",560.0,560.0,1199.0
300132,0,30000003,457,2.0,0,2.0,"",560.0,560.0,1199.0
300132,0,30000003,1267,2.0,0,2.0,"",560.0,560.0,1199.0
300132,0,30000003,1296,2.0,0,2.0,"",560.0,560.0,1199.0
300132,0,30000003,1425,2.0,0,2.0,"",560.0,560.0,1199.0
300132,0,30000003,2268,2.0,0,2.0,"",560.0,560.0,1199.0
300132,0,30000004,138,2.0,0,2.0,"",560.0,560.0,1199.0
300132,0,30000004,274,2.0,0,2.0,"",560.0,560.0,1199.0
300132,0,30000004,457,1.0,0,1.0,"",560.0,560.0,1199.0
300132,0,30000004,1267,1.0,0,1.0,"",560.0,560.0,1199.0
300132,0,30000004,1296,1.0,0,1.0,"",560.0,560.0,1199.0
300132,0,30000004,1425,1.0,0,1.0,"",560.0,560.0,1199.0
300132,0,30000004,2268,1.0,0,1.0,"",560.0,560.0,1199.0
300132,0,30000005,138,2.0,0,2.0,"",560.0,560.0,1199.0
300132,0,30000005,274,2.0,0,2.0,"",560.0,560.0,1199.0
300132,0,30000005,457,2.0,0,2.0,"",560.0,560.0,1199.0
300132,0,30000005,1267,1.0,0,1.0,"",560.0,560.0,1199.0
300132,0,30000005,1296,1.0,0,1.0,"",560.0,560.0,1199.0
300132,0,30000005,1425,1.0,0,1.0,"",560.0,560.0,1199.0
300132,0,30000005,2268,1.0,0,1.0,"",560.0,560.0,1199.0
300132,0,30000006,138,3.0,0,3.0,"",560.0,560.0,1199.0
300132,0,30000006,274,2.0,0,2.0,"",560.0,560.0,1199.0
300132,0,30000006,457,2.0,0,2.0,"",560.0,560.0,1199.0
300132,0,30000006,1267,2.0,0,2.0,"",560.0,560.0,1199.0
300132,0,30000006,1296,2.0,0,2.0,"",560.0,560.0,1199.0
300132,0,30000006,1425,2.0,0,2.0,"",560.0,560.0,1199.0
300132,0,30000006,2268,2.0,0,2.0,"",560.0,560.0,1199.0
300132,0,30000007,138,2.0,0,2.0,"",560.0,560.0,1199.0
300132,0,30000007,274,2.0,0,2.0,"",560.0,560.0,1199.0
300132,0,30000007,457,1.0,0,1.0,"",560.0,560.0,1199.0
300132,0,30000007,1267,1.0,0,1.0,"",560.0,560.0,1199.0
300132,0,30000007,1296,1.0,0,1.0,"",560.0,560.0,1199.0
300132,0,30000007,1425,1.0,0,1.0,"",560.0,560.0,1199.0
300132,0,30000007,2268,1.0,0,1.0,"",560.0,560.0,1199.0
300132,0,30000008,138,3.0,0,3.0,"",560.0,560.0,1199.0
300132,0,30000008,274,2.0,0,2.0,"",560.0,560.0,1199.0
300132,0,30000008,457,2.0,0,2.0,"",560.0,560.0,1199.0
300132,0,30000008,1267,2.0,0,2.0,"",560.0,560.0,1199.0
300132,0,30000008,1296,2.0,0,2.0,"",560.0,560.0,1199.0
300132,0,30000008,1425,2.0,0,2.0,"",560.0,560.0,1199.0
300132,0,30000008,2268,2.0,0,2.0,"",560.0,560.0,1199.0
300132,0,30000009,138,2.0,0,2.0,"",560.0,560.0,1199.0
300132,0,30000009,274,2.0,0,2.0,"",560.0,560.0,1199.0
300132,0,30000009,457,2.0,0,2.0,"",560.0,560.0,1199.0
300132,0,30000009,1267,1.0,0,1.0,"",560.0,560.0,1199.0
300132,0,30000009,1296,1.0,0,1.0,"",560.0,560.0,1199.0
300132,0,30000009,1425,1.0,0,1.0,"",560.0,560.0,1199.0
300132,0,30000009,2268,1.0,0,1.0,"",560.0,560.0,1199.0
300132,0,30000010,138,3.0,0,3.0,"",560.0,560.0,1199.0
300132,0,30000010,274,2.0,0,2.0,"",560.0,560.0,1199.0
300132,0,30000010,457,2.0,0,2.0,"",560.0,560.0,1199.0
300132,0,30000010,1267,2.0,0,2.0,"",560.0,560.0,1199.0
300132,0,30000010,1296,2.0,0,2.0,"",560.0,560.0,1199.0
300132,0,30000010,1425,2.0,0,2.0,"",560.0,560.0,1199.0
300132,0,30000010,2268,2.0,0,2.0,"",560.0,560.0,1199.0
300132,0,30000011,138,2.0,0,2.0,"",560.0,560.0,1199.0
300132,0,30000011,274,2.0,0,2.0,"",560.0,560.0,1199.0
300132,0,30000011,457,2.0,0,2.0,"",560.0,560.0,1199.0
300132,0,30000011,1267,1.0,0,1.0,"",560.0,560.0,1199.0
300132,0,30000011,1296,1.0,0,1.0,"",560.0,560.0,1199.0
300132,0,30000011,1425,1.0,0,1.0,"",560.0,560.0,1199.0
300132,0,30000011,2268,1.0,0,1.0,"",560.0,560.0,1199.0
300133,0,30000002,94,2.0,0,2.0,"",560.0,560.0,1199.0
300133,0,30000002,134,2.0,0,2.0,"",560.0,560.0,1199.0
300133,0,30000002,238,2.0,0,2.0,"",560.0,560.0,1199.0
300133,0,30000002,351,2.0,0,2.0,"",560.0,560.0,1199.0
300133,0,30000002,353,2.0,0,2.0,"",560.0,560.0,1199.0
300133,0,30000002,445,1.0,0,1.0,"",560.0,560.0,1199.0
300133,0,30000002,2551,1.0,0,1.0,"",560.0,560.0,1199.0
300133,0,30000002,2553,1.0,0,1.0,"",560.0,560.0,1199.0
300133,0,30000002,3066,1.0,0,1.0,"",560.0,560.0,1199.0
300133,0,30000003,94,3.0,0,3.0,"",560.0,560.0,1199.0
300133,0,30000003,134,3.0,0,3.0,"",560.0,560.0,1199.0
300133,0,30000003,238,2.0,0,2.0,"",560.0,560.0,1199.0
300133,0,30000003,351,2.0,0,2.0,"",560.0,560.0,1199.0
300133,0,30000003,353,2.0,0,2.0,"",560.0,560.0,1199.0
300133,0,30000003,445,2.0,0,2.0,"",560.0,560.0,1199.0
300133,0,30000003,2551,2.0,0,2.0,"",560.0,560.0,1199.0
300133,0,30000003,2553,2.0,0,2.0,"",560.0,560.0,1199.0
300133,0,30000003,3066,2.0,0,2.0,"",560.0,560.0,1199.0
300133,0,30000004,94,2.0,0,2.0,"",560.0,560.0,1199.0
300133,0,30000004,134,2.0,0,2.0,"",560.0,560.0,1199.0
300133,0,30000004,238,2.0,0,2.0,"",560.0,560.0,1199.0
300133,0,30000004,351,2.0,0,2.0,"",560.0,560.0,1199.0
300133,0,30000004,353,2.0,0,2.0,"",560.0,560.0,1199.0
300133,0,30000004,445,1.0,0,1.0,"",560.0,560.0,1199.0
300133,0,30000004,2551,1.0,0,1.0,"",560.0,560.0,1199.0
300133,0,30000004,2553,1.0,0,1.0,"",560.0,560.0,1199.0
300133,0,30000004,3066,1.0,0,1.0,"",560.0,560.0,1199.0
300133,0,30000005,94,2.0,0,2.0,"",560.0,560.0,1199.0
300133,0,30000005,134,2.0,0,2.0,"",560.0,560.0,1199.0
300133,0,30000005,238,2.0,0,2.0,"",560.0,560.0,1199.0
300133,0,30000005,351,2.0,0,2.0,"",560.0,560.0,1199.0
300133,0,30000005,353,2.0,0,2.0,"",560.0,560.0,1199.0
300133,0,30000005,445,2.0,0,2.0,"",560.0,560.0,1199.0
300133,0,30000005,2551,1.0,0,1.0,"",560.0,560.0,1199.0
300133,0,30000005,2553,1.0,0,1.0,"",560.0,560.0,1199.0
300133,0,30000005,3066,1.0,0,1.0,"",560.0,560.0,1199.0
300133,0,30000006,94,3.0,0,3.0,"",560.0,560.0,1199.0
300133,0,30000006,134,3.0,0,3.0,"",560.0,560.0,1199.0
300133,0,30000006,238,3.0,0,3.0,"",560.0,560.0,1199.0
300133,0,30000006,351,2.0,0,2.0,"",560.0,560.0,1199.0
300133,0,30000006,353,2.0,0,2.0,"",560.0,560.0,1199.0
300133,0,30000006,445,2.0,0,2.0,"",560.0,560.0,1199.0
300133,0,30000006,2551,2.0,0,2.0,"",560.0,560.0,1199.0
300133,0,30000006,2553,2.0,0,2.0,"",560.0,560.0,1199.0
300133,0,30000006,3066,2.0,0,2.0,"",560.0,560.0,1199.0
300133,0,30000007,94,2.0,0,2.0,"",560.0,560.0,1199.0
300133,0,30000007,134,2.0,0,2.0,"",560.0,560.0,1199.0
300133,0,30000007,238,2.0,0,2.0,"",560.0,560.0,1199.0
300133,0,30000007,351,2.0,0,2.0,"",560.0,560.0,1199.0
300133,0,30000007,353,2.0,0,2.0,"",560.0,560.0,1199.0
300133,0,30000007,445,1.0,0,1.0,"",560.0,560.0,1199.0
300133,0,30000007,2551,1.0,0,1.0,"",560.0,560.0,1199.0
300133,0,30000007,2553,1.0,0,1.0,"",560.0,560.0,1199.0
300133,0,30000007,3066,1.0,0,1.0,"",560.0,560.0,1199.0
300133,0,30000008,94,3.0,0,3.0,"",560.0,560.0,1199.0
300133,0,30000008,134,3.0,0,3.0,"",560.0,560.0,1199.0
300133,0,30000008,238,2.0,0,2.0,"",560.0,560.0,1199.0
300133,0,30000008,351,2.0,0,2.0,"",560.0,560.0,1199.0
300133,0,30000008,353,2.0,0,2.0,"",560.0,560.0,1199.0
300133,0,30000008,445,2.0,0,2.0,"",560.0,560.0,1199.0
300133,0,30000008,2551,2.0,0,2.0,"",560.0,560.0,1199.0
300133,0,30000008,2553,2.0,0,2.0,"",560.0,560.0,1199.0
300133,0,30000008,3066,2.0,0,2.0,"",560.0,560.0,1199.0
300133,0,30000009,94,2.0,0,2.0,"",560.0,560.0,1199.0
300133,0,30000009,134,2.0,0,2.0,"",560.0,560.0,1199.0
300133,0,30000009,238,2.0,0,2.0,"",560.0,560.0,1199.0
300133,0,30000009,351,2.0,0,2.0,"",560.0,560.0,1199.0
300133,0,30000009,353,2.0,0,2.0,"",560.0,560.0,1199.0
300133,0,30000009,445,2.0,0,2.0,"",560.0,560.0,1199.0
300133,0,30000009,2551,1.0,0,1.0,"",560.0,560.0,1199.0
300133,0,30000009,2553,1.0,0,1.0,"",560.0,560.0,1199.0
300133,0,30000009,3066,1.0,0,1.0,"",560.0,560.0,1199.0
300133,0,30000010,94,3.0,0,3.0,"",560.0,560.0,1199.0
300133,0,30000010,134,3.0,0,3.0,"",560.0,560.0,1199.0
300133,0,30000010,238,3.0,0,3.0,"",560.0,560.0,1199.0
300133,0,30000010,351,2.0,0,2.0,"",560.0,560.0,1199.0
300133,0,30000010,353,2.0,0,2.0,"",560.0,560.0,1199.0
300133,0,30000010,445,2.0,0,2.0,"",560.0,560.0,1199.0
300133,0,30000010,2551,2.0,0,2.0,"",560.0,560.0,1199.0
300133,0,30000010,2553,2.0,0,2.0,"",560.0,560.0,1199.0
300133,0,30000010,3066,2.0,0,2.0,"",560.0,560.0,1199.0
300133,0,30000011,94,2.0,0,2.0,"",560.0,560.0,1199.0
300133,0,30000011,134,2.0,0,2.0,"",560.0,560.0,1199.0
300133,0,30000011,238,2.0,0,2.0,"",560.0,560.0,1199.0
300133,0,30000011,351,2.0,0,2.0,"",560.0,560.0,1199.0
300133,0,30000011,353,2.0,0,2.0,"",560.0,560.0,1199.0
300133,0,30000011,445,2.0,0,2.0,"",560.0,560.0,1199.0
300133,0,30000011,2551,1.0,0,1.0,"",560.0,560.0,1199.0
300133,0,30000011,2553,1.0,0,1.0,"",560.0,560.0,1199.0
300133,0,30000011,3066,1.0,0,1.0,"",560.0,560.0,1199.0
300134,0,30000002,14,2.0,0,2.0,"",560.0,560.0,1199.0
300134,0,30000002,145,2.0,0,2.0,"",560.0,560.0,1199.0
300134,0,30000002,241,2.0,0,2.0,"",560.0,560.0,1199.0
300134,0,30000002,275,2.0,0,2.0,"",560.0,560.0,1199.0
300134,0,30000002,432,1.0,0,1.0,"",560.0,560.0,1199.0
300134,0,30000002,440,1.0,0,1.0,"",560.0,560.0,1199.0
300134,0,30000002,1887,1.0,0,1.0,"",560.0,560.0,1199.0
300134,0,30000002,1888,1.0,0,1.0,"",560.0,560.0,1199.0
300134,0,30000003,14,3.0,0,3.0,"",560.0,560.0,1199.0
300134,0,30000003,145,2.0,0,2.0,"",560.0,560.0,1199.0
300134,0,30000003,241,2.0,0,2.0,"",560.0,560.0,1199.0
300134,0,30000003,275,2.0,0,2.0,"",560.0,560.0,1199.0
300134,0,30000003,432,2.0,0,2.0,"",560.0,560.0,1199.0
300134,0,30000003,440,2.0,0,2.0,"",560.0,560.0,1199.0
300134,0,30000003,1887,2.0,0,2.0,"",560.0,560.0,1199.0
300134,0,30000003,1888,2.0,0,2.0,"",560.0,560.0,1199.0
300134,0,30000004,14,2.0,0,2.0,"",560.0,560.0,1199.0
300134,0,30000004,145,2.0,0,2.0,"",560.0,560.0,1199.0
300134,0,30000004,241,2.0,0,2.0,"",560.0,560.0,1199.0
300134,0,30000004,275,2.0,0,2.0,"",560.0,560.0,1199.0
300134,0,30000004,432,1.0,0,1.0,"",560.0,560.0,1199.0
300134,0,30000004,440,1.0,0,1.0,"",560.0,560.0,1199.0
300134,0,30000004,1887,1.0,0,1.0,"",560.0,560.0,1199.0
300134,0,30000004,1888,1.0,0,1.0,"",560.0,560.0,1199.0
300134,0,30000005,14,2.0,0,2.0,"",560.0,560.0,1199.0
300134,0,30000005,145,2.0,0,2.0,"",560.0,560.0,1199.0
300134,0,30000005,241,2.0,0,2.0,"",560.0,560.0,1199.0
300134,0,30000005,275,2.0,0,2.0,"",560.0,560.0,1199.0
300134,0,30000005,432,2.0,0,2.0,"",560.0,560.0,1199.0
300134,0,30000005,440,2.0,0,2.0,"",560.0,560.0,1199.0
300134,0,30000005,1887,1.0,0,1.0,"",560.0,560.0,1199.0
300134,0,30000005,1888,1.0,0,1.0,"",560.0,560.0,1199.0
300134,0,30000006,14,3.0,0,3.0,"",560.0,560.0,1199.0
300134,0,30000006,145,3.0,0,3.0,"",560.0,560.0,1199.0
300134,0,30000006,241,3.0,0,3.0,"",560.0,560.0,1199.0
300134,0,30000006,275,2.0,0,2.0,"",560.0,560.0,1199.0
300134,0,30000006,432,2.0,0,2.0,"",560.0,560.0,1199.0
300134,0,30000006,440,2.0,0,2.0,"",560.0,560.0,1199.0
300134,0,30000006,1887,2.0,0,2.0,"",560.0,560.0,1199.0
300134,0,30000006,1888,2.0,0,2.0,"",560.0,560.0,1199.0
300134,0,30000007,14,2.0,0,2.0,"",560.0,560.0,1199.0
300134,0,30000007,145,2.0,0,2.0,"",560.0,560.0,1199.0
300134,0,30000007,241,2.0,0,2.0,"",560.0,560.0,1199.0
300134,0,30000007,275,2.0,0,2.0,"",560.0,560.0,1199.0
300134,0,30000007,432,1.0,0,1.0,"",560.0,560.0,1199.0
300134,0,30000007,440,1.0,0,1.0,"",560.0,560.0,1199.0
300134,0,30000007,1887,1.0,0,1.0,"",560.0,560.0,1199.0
300134,0,30000007,1888,1.0,0,1.0,"",560.0,560.0,1199.0
300134,0,30000008,14,3.0,0,3.0,"",560.0,560.0,1199.0
300134,0,30000008,145,2.0,0,2.0,"",560.0,560.0,1199.0
300134,0,30000008,241,2.0,0,2.0,"",560.0,560.0,1199.0
300134,0,30000008,275,2.0,0,2.0,"",560.0,560.0,1199.0
300134,0,30000008,432,2.0,0,2.0,"",560.0,560.0,1199.0
300134,0,30000008,440,2.0,0,2.0,"",560.0,560.0,1199.0
300134,0,30000008,1887,2.0,0,2.0,"",560.0,560.0,1199.0
300134,0,30000008,1888,2.0,0,2.0,"",560.0,560.0,1199.0
300134,0,30000009,14,2.0,0,2.0,"",560.0,560.0,1199.0
300134,0,30000009,145,2.0,0,2.0,"",560.0,560.0,1199.0
300134,0,30000009,241,2.0,0,2.0,"",560.0,560.0,1199.0
300134,0,30000009,275,2.0,0,2.0,"",560.0,560.0,1199.0
300134,0,30000009,432,2.0,0,2.0,"",560.0,560.0,1199.0
300134,0,30000009,440,2.0,0,2.0,"",560.0,560.0,1199.0
300134,0,30000009,1887,1.0,0,1.0,"",560.0,560.0,1199.0
300134,0,30000009,1888,1.0,0,1.0,"",560.0,560.0,1199.0
300134,0,30000010,14,3.0,0,3.0,"",560.0,560.0,1199.0
300134,0,30000010,145,3.0,0,3.0,"",560.0,560.0,1199.0
300134,0,30000010,241,3.0,0,3.0,"",560.0,560.0,1199.0
300134,0,30000010,275,2.0,0,2.0,"",560.0,560.0,1199.0
300134,0,30000010,432,2.0,0,2.0,"",560.0,560.0,1199.0
300134,0,30000010,440,2.0,0,2.0,"",560.0,560.0,1199.0
300134,0,30000010,1887,2.0,0,2.0,"",560.0,560.0,1199.0
300134,0,30000010,1888,2.0,0,2.0,"",560.0,560.0,1199.0
300134,0,30000011,14,2.0,0,2.0,"",560.0,560.0,1199.0
300134,0,30000011,145,2.0,0,2.0,"",560.0,560.0,1199.0
300134,0,30000011,241,2.0,0,2.0,"",560.0,560.0,1199.0
300134,0,30000011,275,2.0,0,2.0,"",560.0,560.0,1199.0
300134,0,30000011,432,2.0,0,2.0,"",560.0,560.0,1199.0
300134,0,30000011,440,2.0,0,2.0,"",560.0,560.0,1199.0
300134,0,30000011,1887,1.0,0,1.0,"",560.0,560.0,1199.0
300134,0,30000011,1888,1.0,0,1.0,"",560.0,560.0,1199.0
300135,0,30000002,130,2.0,0,2.0,"",560.0,560.0,1199.0
300135,0,30000002,148,2.0,0,2.0,"",560.0,560.0,1199.0
300135,0,30000002,270,2.0,0,2.0,"",560.0,560.0,1199.0
300135,0,30000002,452,1.0,0,1.0,"",560.0,560.0,1199.0
300135,0,30000002,2552,1.0,0,1.0,"",560.0,560.0,1199.0
300135,0,30000002,3068,1.0,0,1.0,"",560.0,560.0,1199.0
300135,0,30000003,130,3.0,0,3.0,"",560.0,560.0,1199.0
300135,0,30000003,148,2.0,0,2.0,"",560.0,560.0,1199.0
300135,0,30000003,270,2.0,0,2.0,"",560.0,560.0,1199.0
300135,0,30000003,452,2.0,0,2.0,"",560.0,560.0,1199.0
300135,0,30000003,2552,2.0,0,2.0,"",560.0,560.0,1199.0
300135,0,30000003,3068,2.0,0,2.0,"",560.0,560.0,1199.0
300135,0,30000004,130,2.0,0,2.0,"",560.0,560.0,1199.0
300135,0,30000004,148,2.0,0,2.0,"",560.0,560.0,1199.0
300135,0,30000004,270,2.0,0,2.0,"",560.0,560.0,1199.0
300135,0,30000004,452,1.0,0,1.0,"",560.0,560.0,1199.0
300135,0,30000004,2552,1.0,0,1.0,"",560.0,560.0,1199.0
300135,0,30000004,3068,1.0,0,1.0,"",560.0,560.0,1199.0
300135,0,30000005,130,2.0,0,2.0,"",560.0,560.0,1199.0
300135,0,30000005,148,2.0,0,2.0,"",560.0,560.0,1199.0
300135,0,30000005,270,2.0,0,2.0,"",560.0,560.0,1199.0
300135,0,30000005,452,2.0,0,2.0,"",560.0,560.0,1199.0
300135,0,30000005,2552,1.0,0,1.0,"",560.0,560.0,1199.0
300135,0,30000005,3068,1.0,0,1.0,"",560.0,560.0,1199.0
300135,0,30000006,130,3.0,0,3.0,"",560.0,560.0,1199.0
300135,0,30000006,148,3.0,0,3.0,"",560.0,560.0,1199.0
300135,0,30000006,270,3.0,0,3.0,"",560.0,560.0,1199.0
300135,0,30000006,452,2.0,0,2.0,"",560.0,560.0,1199.0
300135,0,30000006,2552,2.0,0,2.0,"",560.0,560.0,1199.0
300135,0,30000006,3068,2.0,0,2.0,"",560.0,560.0,1199.0
300135,0,30000007,130,2.0,0,2.0,"",560.0,560.0,1199.0
300135,0,30000007,148,2.0,0,2.0,"",560.0,560.0,1199.0
300135,0,30000007,270,2.0,0,2.0,"",560.0,560.0,1199.0
300135,0,30000007,452,1.0,0,1.0,"",560.0,560.0,1199.0
300135,0,30000007,2552,1.0,0,1.0,"",560.0,560.0,1199.0
300135,0,30000007,3068,1.0,0,1.0,"",560.0,560.0,1199.0
300135,0,30000008,130,3.0,0,3.0,"",560.0,560.0,1199.0
300135,0,30000008,148,2.0,0,2.0,"",560.0,560.0,1199.0
300135,0,30000008,270,2.0,0,2.0,"",560.0,560.0,1199.0
300135,0,30000008,452,2.0,0,2.0,"",560.0,560.0,1199.0
300135,0,30000008,2552,2.0,0,2.0,"",560.0,560.0,1199.0
300135,0,30000008,3068,2.0,0,2.0,"",560.0,560.0,1199.0
300135,0,30000009,130,2.0,0,2.0,"",560.0,560.0,1199.0
300135,0,30000009,148,2.0,0,2.0,"",560.0,560.0,1199.0
300135,0,30000009,270,2.0,0,2.0,"",560.0,560.0,1199.0
300135,0,30000009,452,2.0,0,2.0,"",560.0,560.0,1199.0
300135,0,30000009,2552,1.0,0,1.0,"",560.0,560.0,1199.0
300135,0,30000009,3068,1.0,0,1.0,"",560.0,560.0,1199.0
300135,0,30000010,130,3.0,0,3.0,"",560.0,560.0,1199.0
300135,0,30000010,148,3.0,0,3.0,"",560.0,560.0,1199.0
300135,0,30000010,270,3.0,0,3.0,"",560.0,560.0,1199.0
300135,0,30000010,452,2.0,0,2.0,"",560.0,560.0,1199.0
300135,0,30000010,2552,2.0,0,2.0,"",560.0,560.0,1199.0
300135,0,30000010,3068,2.0,0,2.0,"",560.0,560.0,1199.0
300135,0,30000011,130,2.0,0,2.0,"",560.0,560.0,1199.0
300135,0,30000011,148,2.0,0,2.0,"",560.0,560.0,1199.0
300135,0,30000011,270,2.0,0,2.0,"",560.0,560.0,1199.0
300135,0,30000011,452,2.0,0,2.0,"",560.0,560.0,1199.0
300135,0,30000011,2552,1.0,0,1.0,"",560.0,560.0,1199.0
300135,0,30000011,3068,1.0,0,1.0,"",560.0,560.0,1199.0
300136,0,30000002,32,2.0,0,2.0,"",560.0,560.0,1199.0
300136,0,30000002,50,2.0,0,2.0,"",560.0,560.0,1199.0
300136,0,30000002,142,2.0,0,2.0,"",560.0,560.0,1199.0
300136,0,30000002,149,2.0,0,2.0,"",560.0,560.0,1199.0
300136,0,30000002,352,2.0,0,2.0,"",560.0,560.0,1199.0
300136,0,30000002,1663,1.0,0,1.0,"",560.0,560.0,1199.0
300136,0,30000002,2267,1.0,0,1.0,"",560.0,560.0,1199.0
300136,0,30000003,32,3.0,0,3.0,"",560.0,560.0,1199.0
300136,0,30000003,50,3.0,0,3.0,"",560.0,560.0,1199.0
300136,0,30000003,142,3.0,0,3.0,"",560.0,560.0,1199.0
300136,0,30000003,149,2.0,0,2.0,"",560.0,560.0,1199.0
300136,0,30000003,352,2.0,0,2.0,"",560.0,560.0,1199.0
300136,0,30000003,1663,2.0,0,2.0,"",560.0,560.0,1199.0
300136,0,30000003,2267,2.0,0,2.0,"",560.0,560.0,1199.0
300136,0,30000004,32,2.0,0,2.0,"",560.0,560.0,1199.0
300136,0,30000004,50,2.0,0,2.0,"",560.0,560.0,1199.0
300136,0,30000004,142,2.0,0,2.0,"",560.0,560.0,1199.0
300136,0,30000004,149,2.0,0,2.0,"",560.0,560.0,1199.0
300136,0,30000004,352,2.0,0,2.0,"",560.0,560.0,1199.0
300136,0,30000004,1663,1.0,0,1.0,"",560.0,560.0,1199.0
300136,0,30000004,2267,1.0,0,1.0,"",560.0,560.0,1199.0
300136,0,30000005,32,2.0,0,2.0,"",560.0,560.0,1199.0
300136,0,30000005,50,2.0,0,2.0,"",560.0,560.0,1199.0
300136,0,30000005,142,2.0,0,2.0,"",560.0,560.0,1199.0
300136,0,30000005,149,2.0,0,2.0,"",560.0,560.0,1199.0
300136,0,30000005,352,2.0,0,2.0,"",560.0,560.0,1199.0
300136,0,30000005,1663,1.0,0,1.0,"",560.0,560.0,1199.0
300136,0,30000005,2267,1.0,0,1.0,"",560.0,560.0,1199.0
300136,0,30000006,32,3.0,0,3.0,"",560.0,560.0,1199.0
300136,0,30000006,50,3.0,0,3.0,"",560.0,560.0,1199.0
300136,0,30000006,142,3.0,0,3.0,"",560.0,560.0,1199.0
300136,0,30000006,149,3.0,0,3.0,"",560.0,560.0,1199.0
300136,0,30000006,352,2.0,0,2.0,"",560.0,560.0,1199.0
300136,0,30000006,1663,2.0,0,2.0,"",560.0,560.0,1199.0
300136,0,30000006,2267,2.0,0,2.0,"",560.0,560.0,1199.0
300136,0,30000007,32,2.0,0,2.0,"",560.0,560.0,1199.0
300136,0,30000007,50,2.0,0,2.0,"",560.0,560.0,1199.0
300136,0,30000007,142,2.0,0,2.0,"",560.0,560.0,1199.0
300136,0,30000007,149,2.0,0,2.0,"",560.0,560.0,1199.0
300136,0,30000007,352,2.0,0,2.0,"",560.0,560.0,1199.0
300136,0,30000007,1663,1.0,0,1.0,"",560.0,560.0,1199.0
300136,0,30000007,2267,1.0,0,1.0,"",560.0,560.0,1199.0
300136,0,30000008,32,3.0,0,3.0,"",560.0,560.0,1199.0
300136,0,30000008,50,3.0,0,3.0,"",560.0,560.0,1199.0
300136,0,30000008,142,3.0,0,3.0,"",560.0,560.0,1199.0
300136,0,30000008,149,2.0,0,2.0,"",560.0,560.0,1199.0
300136,0,30000008,352,2.0,0,2.0,"",560.0,560.0,1199.0
300136,0,30000008,1663,2.0,0,2.0,"",560.0,560.0,1199.0
300136,0,30000008,2267,2.0,0,2.0,"",560.0,560.0,1199.0
300136,0,30000009,32,2.0,0,2.0,"",560.0,560.0,1199.0
300136,0,30000009,50,2.0,0,2.0,"",560.0,560.0,1199.0
300136,0,30000009,142,2.0,0,2.0,"",560.0,560.0,1199.0
300136,0,30000009,149,2.0,0,2.0,"",560.0,560.0,1199.0
300136,0,30000009,352,2.0,0,2.0,"",560.0,560.0,1199.0
300136,0,30000009,1663,1.0,0,1.0,"",560.0,560.0,1199.0
300136,0,30000009,2267,1.0,0,1.0,"",560.0,560.0,1199.0
300136,0,30000010,32,3.0,0,3.0,"",560.0,560.0,1199.0
300136,0,30000010,50,3.0,0,3.0,"",560.0,560.0,1199.0
300136,0,30000010,142,3.0,0,3.0,"",560.0,560.0,1199.0
300136,0,30000010,149,3.0,0,3.0,"",560.0,560.0,1199.0
300136,0,30000010,352,2.0,0,2.0,"",560.0,560.0,1199.0
300136,0,30000010,1663,2.0,0,2.0,"",560.0,560.0,1199.0
300136,0,30000010,2267,2.0,0,2.0,"",560.0,560.0,1199.0
300136,0,30000011,32,2.0,0,2.0,"",560.0,560.0,1199.0
300136,0,30000011,50,2.0,0,2.0,"",560.0,560.0,1199.0
300136,0,30000011,142,2.0,0,2.0,"",560.0,560.0,1199.0
300136,0,30000011,149,2.0,0,2.0,"",560.0,560.0,1199.0
300136,0,30000011,352,2.0,0,2.0,"",560.0,560.0,1199.0
300136,0,30000011,1663,1.0,0,1.0,"",560.0,560.0,1199.0
300136,0,30000011,2267,1.0,0,1.0,"",560.0,560.0,1199.0
300137,0,30000002,95,2.0,0,2.0,"",560.0,560.0,1199.0
300137,0,30000002,120,2.0,0,2.0,"",560.0,560.0,1199.0
300137,0,30000002,1063,1.0,0,1.0,"",560.0,560.0,1199.0
300137,0,30000002,1090,1.0,0,1.0,"",560.0,560.0,1199.0
300137,0,30000002,2203,1.0,0,1.0,"",560.0,560.0,1199.0
300137,0,30000002,2592,1.0,0,1.0,"",560.0,560.0,1199.0
300137,0,30000002,3067,1.0,0,1.0,"",560.0,560.0,1199.0
300137,0,30000003,95,3.0,0,3.0,"",560.0,560.0,1199.0
300137,0,30000003,120,3.0,0,3.0,"",560.0,560.0,1199.0
300137,0,30000003,1063,2.0,0,2.0,"",560.0,560.0,1199.0
300137,0,30000003,1090,2.0,0,2.0,"",560.0,560.0,1199.0
300137,0,30000003,2203,2.0,0,2.0,"",560.0,560.0,1199.0
300137,0,30000003,2592,2.0,0,2.0,"",560.0,560.0,1199.0
300137,0,30000003,3067,2.0,0,2.0,"",560.0,560.0,1199.0
300137,0,30000004,95,2.0,0,2.0,"",560.0,560.0,1199.0
300137,0,30000004,120,2.0,0,2.0,"",560.0,560.0,1199.0
300137,0,30000004,1063,1.0,0,1.0,"",560.0,560.0,1199.0
300137,0,30000004,1090,1.0,0,1.0,"",560.0,560.0,1199.0
300137,0,30000004,2203,1.0,0,1.0,"",560.0,560.0,1199.0
300137,0,30000004,2592,1.0,0,1.0,"",560.0,560.0,1199.0
300137,0,30000004,3067,1.0,0,1.0,"",560.0,560.0,1199.0
300137,0,30000005,95,2.0,0,2.0,"",560.0,560.0,1199.0
300137,0,30000005,120,2.0,0,2.0,"",560.0,560.0,1199.0
300137,0,30000005,1063,1.0,0,1.0,"",560.0,560.0,1199.0
300137,0,30000005,1090,1.0,0,1.0,"",560.0,560.0,1199.0
300137,0,30000005,2203,1.0,0,1.0,"",560.0,560.0,1199.0
300137,0,30000005,2592,1.0,0,1.0,"",560.0,560.0,1199.0
300137,0,30000005,3067,1.0,0,1.0,"",560.0,560.0,1199.0
300137,0,30000006,95,3.0,0,3.0,"",560.0,560.0,1199.0
300137,0,30000006,120,3.0,0,3.0,"",560.0,560.0,1199.0
300137,0,30000006,1063,2.0,0,2.0,"",560.0,560.0,1199.0
300137,0,30000006,1090,2.0,0,2.0,"",560.0,560.0,1199.0
300137,0,30000006,2203,2.0,0,2.0,"",560.0,560.0,1199.0
300137,0,30000006,2592,2.0,0,2.0,"",560.0,560.0,1199.0
300137,0,30000006,3067,2.0,0,2.0,"",560.0,560.0,1199.0
300137,0,30000007,95,2.0,0,2.0,"",560.0,560.0,1199.0
300137,0,30000007,120,2.0,0,2.0,"",560.0,560.0,1199.0
300137,0,30000007,1063,1.0,0,1.0,"",560.0,560.0,1199.0
300137,0,30000007,1090,1.0,0,1.0,"",560.0,560.0,1199.0
300137,0,30000007,2203,1.0,0,1.0,"",560.0,560.0,1199.0
300137,0,30000007,2592,1.0,0,1.0,"",560.0,560.0,1199.0
300137,0,30000007,3067,1.0,0,1.0,"",560.0,560.0,1199.0
300137,0,30000008,95,3.0,0,3.0,"",560.0,560.0,1199.0
300137,0,30000008,120,3.0,0,3.0,"",560.0,560.0,1199.0
300137,0,30000008,1063,2.0,0,2.0,"",560.0,560.0,1199.0
300137,0,30000008,1090,2.0,0,2.0,"",560.0,560.0,1199.0
300137,0,30000008,2203,2.0,0,2.0,"",560.0,560.0,1199.0
300137,0,30000008,2592,2.0,0,2.0,"",560.0,560.0,1199.0
300137,0,30000008,3067,2.0,0,2.0,"",560.0,560.0,1199.0
300137,0,30000009,95,2.0,0,2.0,"",560.0,560.0,1199.0
300137,0,30000009,120,2.0,0,2.0,"",560.0,560.0,1199.0
300137,0,30000009,1063,1.0,0,1.0,"",560.0,560.0,1199.0
300137,0,30000009,1090,1.0,0,1.0,"",560.0,560.0,1199.0
300137,0,30000009,2203,1.0,0,1.0,"",560.0,560.0,1199.0
300137,0,30000009,2592,1.0,0,1.0,"",560.0,560.0,1199.0
300137,0,30000009,3067,1.0,0,1.0,"",560.0,560.0,1199.0
300137,0,30000010,95,3.0,0,3.0,"",560.0,560.0,1199.0
300137,0,30000010,120,3.0,0,3.0,"",560.0,560.0,1199.0
300137,0,30000010,1063,2.0,0,2.0,"",560.0,560.0,1199.0
300137,0,30000010,1090,2.0,0,2.0,"",560.0,560.0,1199.0
300137,0,30000010,2203,2.0,0,2.0,"",560.0,560.0,1199.0
300137,0,30000010,2592,2.0,0,2.0,"",560.0,560.0,1199.0
300137,0,30000010,3067,2.0,0,2.0,"",560.0,560.0,1199.0
300137,0,30000011,95,2.0,0,2.0,"",560.0,560.0,1199.0
300137,0,30000011,120,2.0,0,2.0,"",560.0,560.0,1199.0
300137,0,30000011,1063,1.0,0,1.0,"",560.0,560.0,1199.0
300137,0,30000011,1090,1.0,0,1.0,"",560.0,560.0,1199.0
300137,0,30000011,2203,1.0,0,1.0,"",560.0,560.0,1199.0
300137,0,30000011,2592,1.0,0,1.0,"",560.0,560.0,1199.0
300137,0,30000011,3067,1.0,0,1.0,"",560.0,560.0,1199.0
300138,0,30000013,1,2.0,0,2.0,"",500.0,500.0,999.0
300138,0,30000013,6,2.0,0,2.0,"",500.0,500.0,999.0
300138,0,30000013,15,2.0,0,2.0,"",500.0,500.0,999.0
300138,0,30000013,277,2.0,0,2.0,"",500.0,500.0,999.0
300138,0,30000013,448,2.0,0,2.0,"",500.0,500.0,999.0
300138,0,30000013,855,2.0,0,2.0,"",500.0,500.0,999.0
300138,0,30000013,1268,2.0,0,2.0,"",500.0,500.0,999.0
300138,0,30000013,1896,1.0,0,1.0,"",500.0,500.0,999.0
300138,0,30000014,1,2.0,0,2.0,"",500.0,500.0,999.0
300138,0,30000014,6,2.0,0,2.0,"",500.0,500.0,999.0
300138,0,30000014,15,2.0,0,2.0,"",500.0,500.0,999.0
300138,0,30000014,277,2.0,0,2.0,"",500.0,500.0,999.0
300138,0,30000014,448,2.0,0,2.0,"",500.0,500.0,999.0
300138,0,30000014,855,2.0,0,2.0,"",500.0,500.0,999.0
300138,0,30000014,1268,2.0,0,2.0,"",500.0,500.0,999.0
300138,0,30000014,1896,1.0,0,1.0,"",500.0,500.0,999.0
300138,0,30000015,1,2.0,0,2.0,"",500.0,500.0,999.0
300138,0,30000015,6,2.0,0,2.0,"",500.0,500.0,999.0
300138,0,30000015,15,2.0,0,2.0,"",500.0,500.0,999.0
300138,0,30000015,277,2.0,0,2.0,"",500.0,500.0,999.0
300138,0,30000015,448,2.0,0,2.0,"",500.0,500.0,999.0
300138,0,30000015,855,2.0,0,2.0,"",500.0,500.0,999.0
300138,0,30000015,1268,2.0,0,2.0,"",500.0,500.0,999.0
300138,0,30000015,1896,1.0,0,1.0,"",500.0,500.0,999.0
300138,0,30000016,1,2.0,0,2.0,"",500.0,500.0,999.0
300138,0,30000016,6,2.0,0,2.0,"",500.0,500.0,999.0
300138,0,30000016,15,2.0,0,2.0,"",500.0,500.0,999.0
300138,0,30000016,277,2.0,0,2.0,"",500.0,500.0,999.0
300138,0,30000016,448,2.0,0,2.0,"",500.0,500.0,999.0
300138,0,30000016,855,2.0,0,2.0,"",500.0,500.0,999.0
300138,0,30000016,1268,2.0,0,2.0,"",500.0,500.0,999.0
300138,0,30000016,1896,1.0,0,1.0,"",500.0,500.0,999.0
300138,0,30000017,1,2.0,0,2.0,"",500.0,500.0,999.0
300138,0,30000017,6,2.0,0,2.0,"",500.0,500.0,999.0
300138,0,30000017,15,2.0,0,2.0,"",500.0,500.0,999.0
300138,0,30000017,277,2.0,0,2.0,"",500.0,500.0,999.0
300138,0,30000017,448,2.0,0,2.0,"",500.0,500.0,999.0
300138,0,30000017,855,2.0,0,2.0,"",500.0,500.0,999.0
300138,0,30000017,1268,2.0,0,2.0,"",500.0,500.0,999.0
300138,0,30000017,1896,1.0,0,1.0,"",500.0,500.0,999.0
300138,0,30000018,1,2.0,0,2.0,"",500.0,500.0,999.0
300138,0,30000018,6,2.0,0,2.0,"",500.0,500.0,999.0
300138,0,30000018,15,2.0,0,2.0,"",500.0,500.0,999.0
300138,0,30000018,277,2.0,0,2.0,"",500.0,500.0,999.0
300138,0,30000018,448,2.0,0,2.0,"",500.0,500.0,999.0
300138,0,30000018,855,2.0,0,2.0,"",500.0,500.0,999.0
300138,0,30000018,1268,2.0,0,2.0,"",500.0,500.0,999.0
300138,0,30000018,1896,1.0,0,1.0,"",500.0,500.0,999.0
300138,0,30000019,1,2.0,0,2.0,"",500.0,500.0,999.0
300138,0,30000019,6,2.0,0,2.0,"",500.0,500.0,999.0
300138,0,30000019,15,2.0,0,2.0,"",500.0,500.0,999.0
300138,0,30000019,277,2.0,0,2.0,"",500.0,500.0,999.0
300138,0,30000019,448,2.0,0,2.0,"",500.0,500.0,999.0
300138,0,30000019,855,2.0,0,2.0,"",500.0,500.0,999.0
300138,0,30000019,1268,2.0,0,2.0,"",500.0,500.0,999.0
300138,0,30000019,1896,1.0,0,1.0,"",500.0,500.0,999.0
300138,0,30000020,1,2.0,0,2.0,"",500.0,500.0,999.0
300138,0,30000020,6,2.0,0,2.0,"",500.0,500.0,999.0
300138,0,30000020,15,2.0,0,2.0,"",500.0,500.0,999.0
300138,0,30000020,277,2.0,0,2.0,"",500.0,500.0,999.0
300138,0,30000020,448,2.0,0,2.0,"",500.0,500.0,999.0
300138,0,30000020,855,2.0,0,2.0,"",500.0,500.0,999.0
300138,0,30000020,1268,2.0,0,2.0,"",500.0,500.0,999.0
300138,0,30000020,1896,1.0,0,1.0,"",500.0,500.0,999.0
300138,0,30000021,1,2.0,0,2.0,"",500.0,500.0,999.0
300138,0,30000021,6,2.0,0,2.0,"",500.0,500.0,999.0
300138,0,30000021,15,2.0,0,2.0,"",500.0,500.0,999.0
300138,0,30000021,277,2.0,0,2.0,"",500.0,500.0,999.0
300138,0,30000021,448,2.0,0,2.0,"",500.0,500.0,999.0
300138,0,30000021,855,2.0,0,2.0,"",500.0,500.0,999.0
300138,0,30000021,1268,2.0,0,2.0,"",500.0,500.0,999.0
300138,0,30000021,1896,1.0,0,1.0,"",500.0,500.0,999.0
300138,0,30000022,1,2.0,0,2.0,"",500.0,500.0,999.0
300138,0,30000022,6,2.0,0,2.0,"",500.0,500.0,999.0
300138,0,30000022,15,2.0,0,2.0,"",500.0,500.0,999.0
300138,0,30000022,277,2.0,0,2.0,"",500.0,500.0,999.0
300138,0,30000022,448,2.0,0,2.0,"",500.0,500.0,999.0
300138,0,30000022,855,2.0,0,2.0,"",500.0,500.0,999.0
300138,0,30000022,1268,2.0,0,2.0,"",500.0,500.0,999.0
300138,0,30000022,1896,1.0,0,1.0,"",500.0,500.0,999.0
300139,0,30000013,2,2.0,0,2.0,"",500.0,500.0,999.0
300139,0,30000013,5,2.0,0,2.0,"",500.0,500.0,999.0
300139,0,30000013,9,2.0,0,2.0,"",500.0,500.0,999.0
300139,0,30000013,46,2.0,0,2.0,"",500.0,500.0,999.0
300139,0,30000013,228,2.0,0,2.0,"",500.0,500.0,999.0
300139,0,30000013,276,2.0,0,2.0,"",500.0,500.0,999.0
300139,0,30000013,1875,1.0,0,1.0,"",500.0,500.0,999.0
300139,0,30000013,3065,1.0,0,1.0,"",500.0,500.0,999.0
300139,0,30000013,3574,1.0,0,1.0,"",500.0,500.0,999.0
300139,0,30000014,2,2.0,0,2.0,"",500.0,500.0,999.0
300139,0,30000014,5,2.0,0,2.0,"",500.0,500.0,999.0
300139,0,30000014,9,2.0,0,2.0,"",500.0,500.0,999.0
300139,0,30000014,46,2.0,0,2.0,"",500.0,500.0,999.0
300139,0,30000014,228,2.0,0,2.0,"",500.0,500.0,999.0
300139,0,30000014,276,2.0,0,2.0,"",500.0,500.0,999.0
300139,0,30000014,1875,1.0,0,1.0,"",500.0,500.0,999.0
300139,0,30000014,3065,1.0,0,1.0,"",500.0,500.0,999.0
300139,0,30000014,3574,1.0,0,1.0,"",500.0,500.0,999.0
300139,0,30000015,2,2.0,0,2.0,"",500.0,500.0,999.0
300139,0,30000015,5,2.0,0,2.0,"",500.0,500.0,999.0
300139,0,30000015,9,2.0,0,2.0,"",500.0,500.0,999.0
300139,0,30000015,46,2.0,0,2.0,"",500.0,500.0,999.0
300139,0,30000015,228,2.0,0,2.0,"",500.0,500.0,999.0
300139,0,30000015,276,2.0,0,2.0,"",500.0,500.0,999.0
300139,0,30000015,1875,1.0,0,1.0,"",500.0,500.0,999.0
300139,0,30000015,3065,1.0,0,1.0,"",500.0,500.0,999.0
300139,0,30000015,3574,1.0,0,1.0,"",500.0,500.0,999.0
300139,0,30000016,2,2.0,0,2.0,"",500.0,500.0,999.0
300139,0,30000016,5,2.0,0,2.0,"",500.0,500.0,999.0
300139,0,30000016,9,2.0,0,2.0,"",500.0,500.0,999.0
300139,0,30000016,46,2.0,0,2.0,"",500.0,500.0,999.0
300139,0,30000016,228,2.0,0,2.0,"",500.0,500.0,999.0
300139,0,30000016,276,2.0,0,2.0,"",500.0,500.0,999.0
300139,0,30000016,1875,1.0,0,1.0,"",500.0,500.0,999.0
300139,0,30000016,3065,1.0,0,1.0,"",500.0,500.0,999.0
300139,0,30000016,3574,1.0,0,1.0,"",500.0,500.0,999.0
300139,0,30000017,2,2.0,0,2.0,"",500.0,500.0,999.0
300139,0,30000017,5,2.0,0,2.0,"",500.0,500.0,999.0
300139,0,30000017,9,2.0,0,2.0,"",500.0,500.0,999.0
300139,0,30000017,46,2.0,0,2.0,"",500.0,500.0,999.0
300139,0,30000017,228,2.0,0,2.0,"",500.0,500.0,999.0
300139,0,30000017,276,2.0,0,2.0,"",500.0,500.0,999.0
300139,0,30000017,1875,1.0,0,1.0,"",500.0,500.0,999.0
300139,0,30000017,3065,1.0,0,1.0,"",500.0,500.0,999.0
300139,0,30000017,3574,1.0,0,1.0,"",500.0,500.0,999.0
300139,0,30000018,2,2.0,0,2.0,"",500.0,500.0,999.0
300139,0,30000018,5,2.0,0,2.0,"",500.0,500.0,999.0
300139,0,30000018,9,2.0,0,2.0,"",500.0,500.0,999.0
300139,0,30000018,46,2.0,0,2.0,"",500.0,500.0,999.0
300139,0,30000018,228,2.0,0,2.0,"",500.0,500.0,999.0
300139,0,30000018,276,2.0,0,2.0,"",500.0,500.0,999.0
300139,0,30000018,1875,1.0,0,1.0,"",500.0,500.0,999.0
300139,0,30000018,3065,1.0,0,1.0,"",500.0,500.0,999.0
300139,0,30000018,3574,1.0,0,1.0,"",500.0,500.0,999.0
300139,0,30000019,2,2.0,0,2.0,"",500.0,500.0,999.0
300139,0,30000019,5,2.0,0,2.0,"",500.0,500.0,999.0
300139,0,30000019,9,2.0,0,2.0,"",500.0,500.0,999.0
300139,0,30000019,46,2.0,0,2.0,"",500.0,500.0,999.0
300139,0,30000019,228,2.0,0,2.0,"",500.0,500.0,999.0
300139,0,30000019,276,2.0,0,2.0,"",500.0,500.0,999.0
300139,0,30000019,1875,1.0,0,1.0,"",500.0,500.0,999.0
300139,0,30000019,3065,1.0,0,1.0,"",500.0,500.0,999.0
300139,0,30000019,3574,1.0,0,1.0,"",500.0,500.0,999.0
300139,0,30000020,2,2.0,0,2.0,"",500.0,500.0,999.0
300139,0,30000020,5,2.0,0,2.0,"",500.0,500.0,999.0
300139,0,30000020,9,2.0,0,2.0,"",500.0,500.0,999.0
300139,0,30000020,46,2.0,0,2.0,"",500.0,500.0,999.0
300139,0,30000020,228,2.0,0,2.0,"",500.0,500.0,999.0
300139,0,30000020,276,2.0,0,2.0,"",500.0,500.0,999.0
300139,0,30000020,1875,1.0,0,1.0,"",500.0,500.0,999.0
300139,0,30000020,3065,1.0,0,1.0,"",500.0,500.0,999.0
300139,0,30000020,3574,1.0,0,1.0,"",500.0,500.0,999.0
300139,0,30000021,2,2.0,0,2.0,"",500.0,500.0,999.0
300139,0,30000021,5,2.0,0,2.0,"",500.0,500.0,999.0
300139,0,30000021,9,2.0,0,2.0,"",500.0,500.0,999.0
300139,0,30000021,46,2.0,0,2.0,"",500.0,500.0,999.0
300139,0,30000021,228,2.0,0,2.0,"",500.0,500.0,999.0
300139,0,30000021,276,2.0,0,2.0,"",500.0,500.0,999.0
300139,0,30000021,1875,1.0,0,1.0,"",500.0,500.0,999.0
300139,0,30000021,3065,1.0,0,1.0,"",500.0,500.0,999.0
300139,0,30000021,3574,1.0,0,1.0,"",500.0,500.0,999.0
300139,0,30000022,2,2.0,0,2.0,"",500.0,500.0,999.0
300139,0,30000022,5,2.0,0,2.0,"",500.0,500.0,999.0
300139,0,30000022,9,2.0,0,2.0,"",500.0,500.0,999.0
300139,0,30000022,46,2.0,0,2.0,"",500.0,500.0,999.0
300139,0,30000022,228,2.0,0,2.0,"",500.0,500.0,999.0
300139,0,30000022,276,2.0,0,2.0,"",500.0,500.0,999.0
300139,0,30000022,1875,1.0,0,1.0,"",500.0,500.0,999.0
300139,0,30000022,3065,1.0,0,1.0,"",500.0,500.0,999.0
300139,0,30000022,3574,1.0,0,1.0,"",500.0,500.0,999.0
300140,0,30000013,3,2.0,0,2.0,"",500.0,500.0,999.0
300140,0,30000013,65,2.0,0,2.0,"",500.0,500.0,999.0
300140,0,30000013,73,2.0,0,2.0,"",500.0,500.0,999.0
300140,0,30000013,156,2.0,0,2.0,"",500.0,500.0,999.0
300140,0,30000013,245,2.0,0,2.0,"",500.0,500.0,999.0
300140,0,30000013,1132,2.0,0,2.0,"",500.0,500.0,999.0
300140,0,30000013,1204,2.0,0,2.0,"",500.0,500.0,999.0
300140,0,30000014,3,2.0,0,2.0,"",500.0,500.0,999.0
300140,0,30000014,65,2.0,0,2.0,"",500.0,500.0,999.0
300140,0,30000014,73,2.0,0,2.0,"",500.0,500.0,999.0
300140,0,30000014,156,2.0,0,2.0,"",500.0,500.0,999.0
300140,0,30000014,245,2.0,0,2.0,"",500.0,500.0,999.0
300140,0,30000014,1132,2.0,0,2.0,"",500.0,500.0,999.0
300140,0,30000014,1204,2.0,0,2.0,"",500.0,500.0,999.0
300140,0,30000015,3,2.0,0,2.0,"",500.0,500.0,999.0
300140,0,30000015,65,2.0,0,2.0,"",500.0,500.0,999.0
300140,0,30000015,73,2.0,0,2.0,"",500.0,500.0,999.0
300140,0,30000015,156,2.0,0,2.0,"",500.0,500.0,999.0
300140,0,30000015,245,2.0,0,2.0,"",500.0,500.0,999.0
300140,0,30000015,1132,2.0,0,2.0,"",500.0,500.0,999.0
300140,0,30000015,1204,2.0,0,2.0,"",500.0,500.0,999.0
300140,0,30000016,3,2.0,0,2.0,"",500.0,500.0,999.0
300140,0,30000016,65,2.0,0,2.0,"",500.0,500.0,999.0
300140,0,30000016,73,2.0,0,2.0,"",500.0,500.0,999.0
300140,0,30000016,156,2.0,0,2.0,"",500.0,500.0,999.0
300140,0,30000016,245,2.0,0,2.0,"",500.0,500.0,999.0
300140,0,30000016,1132,2.0,0,2.0,"",500.0,500.0,999.0
300140,0,30000016,1204,2.0,0,2.0,"",500.0,500.0,999.0
300140,0,30000017,3,2.0,0,2.0,"",500.0,500.0,999.0
300140,0,30000017,65,2.0,0,2.0,"",500.0,500.0,999.0
300140,0,30000017,73,2.0,0,2.0,"",500.0,500.0,999.0
300140,0,30000017,156,2.0,0,2.0,"",500.0,500.0,999.0
300140,0,30000017,245,2.0,0,2.0,"",500.0,500.0,999.0
300140,0,30000017,1132,2.0,0,2.0,"",500.0,500.0,999.0
300140,0,30000017,1204,2.0,0,2.0,"",500.0,500.0,999.0
300140,0,30000018,3,2.0,0,2.0,"",500.0,500.0,999.0
300140,0,30000018,65,2.0,0,2.0,"",500.0,500.0,999.0
300140,0,30000018,73,2.0,0,2.0,"",500.0,500.0,999.0
300140,0,30000018,156,2.0,0,2.0,"",500.0,500.0,999.0
300140,0,30000018,245,2.0,0,2.0,"",500.0,500.0,999.0
300140,0,30000018,1132,2.0,0,2.0,"",500.0,500.0,999.0
300140,0,30000018,1204,2.0,0,2.0,"",500.0,500.0,999.0
300140,0,30000019,3,2.0,0,2.0,"",500.0,500.0,999.0
300140,0,30000019,65,2.0,0,2.0,"",500.0,500.0,999.0
300140,0,30000019,73,2.0,0,2.0,"",500.0,500.0,999.0
300140,0,30000019,156,2.0,0,2.0,"",500.0,500.0,999.0
300140,0,30000019,245,2.0,0,2.0,"",500.0,500.0,999.0
300140,0,30000019,1132,2.0,0,2.0,"",500.0,500.0,999.0
300140,0,30000019,1204,2.0,0,2.0,"",500.0,500.0,999.0
300140,0,30000020,3,2.0,0,2.0,"",500.0,500.0,999.0
300140,0,30000020,65,2.0,0,2.0,"",500.0,500.0,999.0
300140,0,30000020,73,2.0,0,2.0,"",500.0,500.0,999.0
300140,0,30000020,156,2.0,0,2.0,"",500.0,500.0,999.0
300140,0,30000020,245,2.0,0,2.0,"",500.0,500.0,999.0
300140,0,30000020,1132,2.0,0,2.0,"",500.0,500.0,999.0
300140,0,30000020,1204,2.0,0,2.0,"",500.0,500.0,999.0
300140,0,30000021,3,2.0,0,2.0,"",500.0,500.0,999.0
300140,0,30000021,65,2.0,0,2.0,"",500.0,500.0,999.0
300140,0,30000021,73,2.0,0,2.0,"",500.0,500.0,999.0
300140,0,30000021,156,2.0,0,2.0,"",500.0,500.0,999.0
300140,0,30000021,245,2.0,0,2.0,"",500.0,500.0,999.0
300140,0,30000021,1132,2.0,0,2.0,"",500.0,500.0,999.0
300140,0,30000021,1204,2.0,0,2.0,"",500.0,500.0,999.0
300140,0,30000022,3,2.0,0,2.0,"",500.0,500.0,999.0
300140,0,30000022,65,2.0,0,2.0,"",500.0,500.0,999.0
300140,0,30000022,73,2.0,0,2.0,"",500.0,500.0,999.0
300140,0,30000022,156,2.0,0,2.0,"",500.0,500.0,999.0
300140,0,30000022,245,2.0,0,2.0,"",500.0,500.0,999.0
300140,0,30000022,1132,2.0,0,2.0,"",500.0,500.0,999.0
300140,0,30000022,1204,2.0,0,2.0,"",500.0,500.0,999.0
300141,0,30000013,138,2.0,0,2.0,"",500.0,500.0,999.0
300141,0,30000013,274,2.0,0,2.0,"",500.0,500.0,999.0
300141,0,30000013,457,2.0,0,2.0,"",500.0,500.0,999.0
300141,0,30000013,1267,2.0,0,2.0,"",500.0,500.0,999.0
300141,0,30000013,1296,2.0,0,2.0,"",500.0,500.0,999.0
300141,0,30000013,1425,2.0,0,2.0,"",500.0,500.0,999.0
300141,0,30000013,2268,1.0,0,1.0,"",500.0,500.0,999.0
300141,0,30000014,138,2.0,0,2.0,"",500.0,500.0,999.0
300141,0,30000014,274,2.0,0,2.0,"",500.0,500.0,999.0
300141,0,30000014,457,2.0,0,2.0,"",500.0,500.0,999.0
300141,0,30000014,1267,2.0,0,2.0,"",500.0,500.0,999.0
300141,0,30000014,1296,2.0,0,2.0,"",500.0,500.0,999.0
300141,0,30000014,1425,2.0,0,2.0,"",500.0,500.0,999.0
300141,0,30000014,2268,1.0,0,1.0,"",500.0,500.0,999.0
300141,0,30000015,138,2.0,0,2.0,"",500.0,500.0,999.0
300141,0,30000015,274,2.0,0,2.0,"",500.0,500.0,999.0
300141,0,30000015,457,2.0,0,2.0,"",500.0,500.0,999.0
300141,0,30000015,1267,2.0,0,2.0,"",500.0,500.0,999.0
300141,0,30000015,1296,2.0,0,2.0,"",500.0,500.0,999.0
300141,0,30000015,1425,2.0,0,2.0,"",500.0,500.0,999.0
300141,0,30000015,2268,1.0,0,1.0,"",500.0,500.0,999.0
300141,0,30000016,138,2.0,0,2.0,"",500.0,500.0,999.0
300141,0,30000016,274,2.0,0,2.0,"",500.0,500.0,999.0
300141,0,30000016,457,2.0,0,2.0,"",500.0,500.0,999.0
300141,0,30000016,1267,2.0,0,2.0,"",500.0,500.0,999.0
300141,0,30000016,1296,2.0,0,2.0,"",500.0,500.0,999.0
300141,0,30000016,1425,2.0,0,2.0,"",500.0,500.0,999.0
300141,0,30000016,2268,1.0,0,1.0,"",500.0,500.0,999.0
300141,0,30000017,138,2.0,0,2.0,"",500.0,500.0,999.0
300141,0,30000017,274,2.0,0,2.0,"",500.0,500.0,999.0
300141,0,30000017,457,2.0,0,2.0,"",500.0,500.0,999.0
300141,0,30000017,1267,2.0,0,2.0,"",500.0,500.0,999.0
300141,0,30000017,1296,2.0,0,2.0,"",500.0,500.0,999.0
300141,0,30000017,1425,2.0,0,2.0,"",500.0,500.0,999.0
300141,0,30000017,2268,1.0,0,1.0,"",500.0,500.0,999.0
300141,0,30000018,138,2.0,0,2.0,"",500.0,500.0,999.0
300141,0,30000018,274,2.0,0,2.0,"",500.0,500.0,999.0
300141,0,30000018,457,2.0,0,2.0,"",500.0,500.0,999.0
300141,0,30000018,1267,2.0,0,2.0,"",500.0,500.0,999.0
300141,0,30000018,1296,2.0,0,2.0,"",500.0,500.0,999.0
300141,0,30000018,1425,2.0,0,2.0,"",500.0,500.0,999.0
300141,0,30000018,2268,1.0,0,1.0,"",500.0,500.0,999.0
300141,0,30000019,138,2.0,0,2.0,"",500.0,500.0,999.0
300141,0,30000019,274,2.0,0,2.0,"",500.0,500.0,999.0
300141,0,30000019,457,2.0,0,2.0,"",500.0,500.0,999.0
300141,0,30000019,1267,2.0,0,2.0,"",500.0,500.0,999.0
300141,0,30000019,1296,2.0,0,2.0,"",500.0,500.0,999.0
300141,0,30000019,1425,2.0,0,2.0,"",500.0,500.0,999.0
300141,0,30000019,2268,1.0,0,1.0,"",500.0,500.0,999.0
300141,0,30000020,138,2.0,0,2.0,"",500.0,500.0,999.0
300141,0,30000020,274,2.0,0,2.0,"",500.0,500.0,999.0
300141,0,30000020,457,2.0,0,2.0,"",500.0,500.0,999.0
300141,0,30000020,1267,2.0,0,2.0,"",500.0,500.0,999.0
300141,0,30000020,1296,2.0,0,2.0,"",500.0,500.0,999.0
300141,0,30000020,1425,2.0,0,2.0,"",500.0,500.0,999.0
300141,0,30000020,2268,1.0,0,1.0,"",500.0,500.0,999.0
300141,0,30000021,138,2.0,0,2.0,"",500.0,500.0,999.0
300141,0,30000021,274,2.0,0,2.0,"",500.0,500.0,999.0
300141,0,30000021,457,2.0,0,2.0,"",500.0,500.0,999.0
300141,0,30000021,1267,2.0,0,2.0,"",500.0,500.0,999.0
300141,0,30000021,1296,2.0,0,2.0,"",500.0,500.0,999.0
300141,0,30000021,1425,2.0,0,2.0,"",500.0,500.0,999.0
300141,0,30000021,2268,1.0,0,1.0,"",500.0,500.0,999.0
300141,0,30000022,138,2.0,0,2.0,"",500.0,500.0,999.0
300141,0,30000022,274,2.0,0,2.0,"",500.0,500.0,999.0
300141,0,30000022,457,2.0,0,2.0,"",500.0,500.0,999.0
300141,0,30000022,1267,2.0,0,2.0,"",500.0,500.0,999.0
300141,0,30000022,1296,2.0,0,2.0,"",500.0,500.0,999.0
300141,0,30000022,1425,2.0,0,2.0,"",500.0,500.0,999.0
300141,0,30000022,2268,1.0,0,1.0,"",500.0,500.0,999.0
300142,0,30000013,94,2.0,0,2.0,"",500.0,500.0,999.0
300142,0,30000013,134,2.0,0,2.0,"",500.0,500.0,999.0
300142,0,30000013,238,2.0,0,2.0,"",500.0,500.0,999.0
300142,0,30000013,351,2.0,0,2.0,"",500.0,500.0,999.0
300142,0,30000013,353,2.0,0,2.0,"",500.0,500.0,999.0
300142,0,30000013,445,2.0,0,2.0,"",500.0,500.0,999.0
300142,0,30000013,2551,1.0,0,1.0,"",500.0,500.0,999.0
300142,0,30000013,2553,1.0,0,1.0,"",500.0,500.0,999.0
300142,0,30000013,3066,1.0,0,1.0,"",500.0,500.0,999.0
300142,0,30000014,94,2.0,0,2.0,"",500.0,500.0,999.0
300142,0,30000014,134,2.0,0,2.0,"",500.0,500.0,999.0
300142,0,30000014,238,2.0,0,2.0,"",500.0,500.0,999.0
300142,0,30000014,351,2.0,0,2.0,"",500.0,500.0,999.0
300142,0,30000014,353,2.0,0,2.0,"",500.0,500.0,999.0
300142,0,30000014,445,2.0,0,2.0,"",500.0,500.0,999.0
300142,0,30000014,2551,1.0,0,1.0,"",500.0,500.0,999.0
300142,0,30000014,2553,1.0,0,1.0,"",500.0,500.0,999.0
300142,0,30000014,3066,1.0,0,1.0,"",500.0,500.0,999.0
300142,0,30000015,94,2.0,0,2.0,"",500.0,500.0,999.0
300142,0,30000015,134,2.0,0,2.0,"",500.0,500.0,999.0
300142,0,30000015,238,2.0,0,2.0,"",500.0,500.0,999.0
300142,0,30000015,351,2.0,0,2.0,"",500.0,500.0,999.0
300142,0,30000015,353,2.0,0,2.0,"",500.0,500.0,999.0
300142,0,30000015,445,2.0,0,2.0,"",500.0,500.0,999.0
300142,0,30000015,2551,1.0,0,1.0,"",500.0,500.0,999.0
300142,0,30000015,2553,1.0,0,1.0,"",500.0,500.0,999.0
300142,0,30000015,3066,1.0,0,1.0,"",500.0,500.0,999.0
300142,0,30000016,94,2.0,0,2.0,"",500.0,500.0,999.0
300142,0,30000016,134,2.0,0,2.0,"",500.0,500.0,999.0
300142,0,30000016,238,2.0,0,2.0,"",500.0,500.0,999.0
300142,0,30000016,351,2.0,0,2.0,"",500.0,500.0,999.0
300142,0,30000016,353,2.0,0,2.0,"",500.0,500.0,999.0
300142,0,30000016,445,2.0,0,2.0,"",500.0,500.0,999.0
300142,0,30000016,2551,1.0,0,1.0,"",500.0,500.0,999.0
300142,0,30000016,2553,1.0,0,1.0,"",500.0,500.0,999.0
300142,0,30000016,3066,1.0,0,1.0,"",500.0,500.0,999.0
300142,0,30000017,94,2.0,0,2.0,"",500.0,500.0,999.0
300142,0,30000017,134,2.0,0,2.0,"",500.0,500.0,999.0
300142,0,30000017,238,2.0,0,2.0,"",500.0,500.0,999.0
300142,0,30000017,351,2.0,0,2.0,"",500.0,500.0,999.0
300142,0,30000017,353,2.0,0,2.0,"",500.0,500.0,999.0
300142,0,30000017,445,2.0,0,2.0,"",500.0,500.0,999.0
300142,0,30000017,2551,1.0,0,1.0,"",500.0,500.0,999.0
300142,0,30000017,2553,1.0,0,1.0,"",500.0,500.0,999.0
300142,0,30000017,3066,1.0,0,1.0,"",500.0,500.0,999.0
300142,0,30000018,94,2.0,0,2.0,"",500.0,500.0,999.0
300142,0,30000018,134,2.0,0,2.0,"",500.0,500.0,999.0
300142,0,30000018,238,2.0,0,2.0,"",500.0,500.0,999.0
300142,0,30000018,351,2.0,0,2.0,"",500.0,500.0,999.0
300142,0,30000018,353,2.0,0,2.0,"",500.0,500.0,999.0
300142,0,30000018,445,2.0,0,2.0,"",500.0,500.0,999.0
300142,0,30000018,2551,1.0,0,1.0,"",500.0,500.0,999.0
300142,0,30000018,2553,1.0,0,1.0,"",500.0,500.0,999.0
300142,0,30000018,3066,1.0,0,1.0,"",500.0,500.0,999.0
300142,0,30000019,94,2.0,0,2.0,"",500.0,500.0,999.0
300142,0,30000019,134,2.0,0,2.0,"",500.0,500.0,999.0
300142,0,30000019,238,2.0,0,2.0,"",500.0,500.0,999.0
300142,0,30000019,351,2.0,0,2.0,"",500.0,500.0,999.0
300142,0,30000019,353,2.0,0,2.0,"",500.0,500.0,999.0
300142,0,30000019,445,2.0,0,2.0,"",500.0,500.0,999.0
300142,0,30000019,2551,1.0,0,1.0,"",500.0,500.0,999.0
300142,0,30000019,2553,1.0,0,1.0,"",500.0,500.0,999.0
300142,0,30000019,3066,1.0,0,1.0,"",500.0,500.0,999.0
300142,0,30000020,94,2.0,0,2.0,"",500.0,500.0,999.0
300142,0,30000020,134,2.0,0,2.0,"",500.0,500.0,999.0
300142,0,30000020,238,2.0,0,2.0,"",500.0,500.0,999.0
300142,0,30000020,351,2.0,0,2.0,"",500.0,500.0,999.0
300142,0,30000020,353,2.0,0,2.0,"",500.0,500.0,999.0
300142,0,30000020,445,2.0,0,2.0,"",500.0,500.0,999.0
300142,0,30000020,2551,1.0,0,1.0,"",500.0,500.0,999.0
300142,0,30000020,2553,1.0,0,1.0,"",500.0,500.0,999.0
300142,0,30000020,3066,1.0,0,1.0,"",500.0,500.0,999.0
300142,0,30000021,94,2.0,0,2.0,"",500.0,500.0,999.0
300142,0,30000021,134,2.0,0,2.0,"",500.0,500.0,999.0
300142,0,30000021,238,2.0,0,2.0,"",500.0,500.0,999.0
300142,0,30000021,351,2.0,0,2.0,"",500.0,500.0,999.0
300142,0,30000021,353,2.0,0,2.0,"",500.0,500.0,999.0
300142,0,30000021,445,2.0,0,2.0,"",500.0,500.0,999.0
300142,0,30000021,2551,1.0,0,1.0,"",500.0,500.0,999.0
300142,0,30000021,2553,1.0,0,1.0,"",500.0,500.0,999.0
300142,0,30000021,3066,1.0,0,1.0,"",500.0,500.0,999.0
300142,0,30000022,94,2.0,0,2.0,"",500.0,500.0,999.0
300142,0,30000022,134,2.0,0,2.0,"",500.0,500.0,999.0
300142,0,30000022,238,2.0,0,2.0,"",500.0,500.0,999.0
300142,0,30000022,351,2.0,0,2.0,"",500.0,500.0,999.0
300142,0,30000022,353,2.0,0,2.0,"",500.0,500.0,999.0
300142,0,30000022,445,2.0,0,2.0,"",500.0,500.0,999.0
300142,0,30000022,2551,1.0,0,1.0,"",500.0,500.0,999.0
300142,0,30000022,2553,1.0,0,1.0,"",500.0,500.0,999.0
300142,0,30000022,3066,1.0,0,1.0,"",500.0,500.0,999.0
300143,0,30000013,14,2.0,0,2.0,"",500.0,500.0,999.0
300143,0,30000013,145,2.0,0,2.0,"",500.0,500.0,999.0
300143,0,30000013,241,2.0,0,2.0,"",500.0,500.0,999.0
300143,0,30000013,275,2.0,0,2.0,"",500.0,500.0,999.0
300143,0,30000013,432,2.0,0,2.0,"",500.0,500.0,999.0
300143,0,30000013,440,2.0,0,2.0,"",500.0,500.0,999.0
300143,0,30000013,1887,1.0,0,1.0,"",500.0,500.0,999.0
300143,0,30000013,1888,1.0,0,1.0,"",500.0,500.0,999.0
300143,0,30000014,14,2.0,0,2.0,"",500.0,500.0,999.0
300143,0,30000014,145,2.0,0,2.0,"",500.0,500.0,999.0
300143,0,30000014,241,2.0,0,2.0,"",500.0,500.0,999.0
300143,0,30000014,275,2.0,0,2.0,"",500.0,500.0,999.0
300143,0,30000014,432,2.0,0,2.0,"",500.0,500.0,999.0
300143,0,30000014,440,2.0,0,2.0,"",500.0,500.0,999.0
300143,0,30000014,1887,1.0,0,1.0,"",500.0,500.0,999.0
300143,0,30000014,1888,1.0,0,1.0,"",500.0,500.0,999.0
300143,0,30000015,14,2.0,0,2.0,"",500.0,500.0,999.0
300143,0,30000015,145,2.0,0,2.0,"",500.0,500.0,999.0
300143,0,30000015,241,2.0,0,2.0,"",500.0,500.0,999.0
300143,0,30000015,275,2.0,0,2.0,"",500.0,500.0,999.0
300143,0,30000015,432,2.0,0,2.0,"",500.0,500.0,999.0
300143,0,30000015,440,2.0,0,2.0,"",500.0,500.0,999.0
300143,0,30000015,1887,1.0,0,1.0,"",500.0,500.0,999.0
300143,0,30000015,1888,1.0,0,1.0,"",500.0,500.0,999.0
300143,0,30000016,14,2.0,0,2.0,"",500.0,500.0,999.0
300143,0,30000016,145,2.0,0,2.0,"",500.0,500.0,999.0
300143,0,30000016,241,2.0,0,2.0,"",500.0,500.0,999.0
300143,0,30000016,275,2.0,0,2.0,"",500.0,500.0,999.0
300143,0,30000016,432,2.0,0,2.0,"",500.0,500.0,999.0
300143,0,30000016,440,2.0,0,2.0,"",500.0,500.0,999.0
300143,0,30000016,1887,1.0,0,1.0,"",500.0,500.0,999.0
300143,0,30000016,1888,1.0,0,1.0,"",500.0,500.0,999.0
300143,0,30000017,14,2.0,0,2.0,"",500.0,500.0,999.0
300143,0,30000017,145,2.0,0,2.0,"",500.0,500.0,999.0
300143,0,30000017,241,2.0,0,2.0,"",500.0,500.0,999.0
300143,0,30000017,275,2.0,0,2.0,"",500.0,500.0,999.0
300143,0,30000017,432,2.0,0,2.0,"",500.0,500.0,999.0
300143,0,30000017,440,2.0,0,2.0,"",500.0,500.0,999.0
300143,0,30000017,1887,1.0,0,1.0,"",500.0,500.0,999.0
300143,0,30000017,1888,1.0,0,1.0,"",500.0,500.0,999.0
300143,0,30000018,14,2.0,0,2.0,"",500.0,500.0,999.0
300143,0,30000018,145,2.0,0,2.0,"",500.0,500.0,999.0
300143,0,30000018,241,2.0,0,2.0,"",500.0,500.0,999.0
300143,0,30000018,275,2.0,0,2.0,"",500.0,500.0,999.0
300143,0,30000018,432,2.0,0,2.0,"",500.0,500.0,999.0
300143,0,30000018,440,2.0,0,2.0,"",500.0,500.0,999.0
300143,0,30000018,1887,1.0,0,1.0,"",500.0,500.0,999.0
300143,0,30000018,1888,1.0,0,1.0,"",500.0,500.0,999.0
300143,0,30000019,14,2.0,0,2.0,"",500.0,500.0,999.0
300143,0,30000019,145,2.0,0,2.0,"",500.0,500.0,999.0
300143,0,30000019,241,2.0,0,2.0,"",500.0,500.0,999.0
300143,0,30000019,275,2.0,0,2.0,"",500.0,500.0,999.0
300143,0,30000019,432,2.0,0,2.0,"",500.0,500.0,999.0
300143,0,30000019,440,2.0,0,2.0,"",500.0,500.0,999.0
300143,0,30000019,1887,1.0,0,1.0,"",500.0,500.0,999.0
300143,0,30000019,1888,1.0,0,1.0,"",500.0,500.0,999.0
300143,0,30000020,14,2.0,0,2.0,"",500.0,500.0,999.0
300143,0,30000020,145,2.0,0,2.0,"",500.0,500.0,999.0
300143,0,30000020,241,2.0,0,2.0,"",500.0,500.0,999.0
300143,0,30000020,275,2.0,0,2.0,"",500.0,500.0,999.0
300143,0,30000020,432,2.0,0,2.0,"",500.0,500.0,999.0
300143,0,30000020,440,2.0,0,2.0,"",500.0,500.0,999.0
300143,0,30000020,1887,1.0,0,1.0,"",500.0,500.0,999.0
300143,0,30000020,1888,1.0,0,1.0,"",500.0,500.0,999.0
300143,0,30000021,14,2.0,0,2.0,"",500.0,500.0,999.0
300143,0,30000021,145,2.0,0,2.0,"",500.0,500.0,999.0
300143,0,30000021,241,2.0,0,2.0,"",500.0,500.0,999.0
300143,0,30000021,275,2.0,0,2.0,"",500.0,500.0,999.0
300143,0,30000021,432,2.0,0,2.0,"",500.0,500.0,999.0
300143,0,30000021,440,2.0,0,2.0,"",500.0,500.0,999.0
300143,0,30000021,1887,1.0,0,1.0,"",500.0,500.0,999.0
300143,0,30000021,1888,1.0,0,1.0,"",500.0,500.0,999.0
300143,0,30000022,14,2.0,0,2.0,"",500.0,500.0,999.0
300143,0,30000022,145,2.0,0,2.0,"",500.0,500.0,999.0
300143,0,30000022,241,2.0,0,2.0,"",500.0,500.0,999.0
300143,0,30000022,275,2.0,0,2.0,"",500.0,500.0,999.0
300143,0,30000022,432,2.0,0,2.0,"",500.0,500.0,999.0
300143,0,30000022,440,2.0,0,2.0,"",500.0,500.0,999.0
300143,0,30000022,1887,1.0,0,1.0,"",500.0,500.0,999.0
300143,0,30000022,1888,1.0,0,1.0,"",500.0,500.0,999.0
300144,0,30000013,130,2.0,0,2.0,"",500.0,500.0,999.0
300144,0,30000013,148,2.0,0,2.0,"",500.0,500.0,999.0
300144,0,30000013,270,2.0,0,2.0,"",500.0,500.0,999.0
300144,0,30000013,452,2.0,0,2.0,"",500.0,500.0,999.0
300144,0,30000013,2552,1.0,0,1.0,"",500.0,500.0,999.0
300144,0,30000013,3068,1.0,0,1.0,"",500.0,500.0,999.0
300144,0,30000014,130,2.0,0,2.0,"",500.0,500.0,999.0
300144,0,30000014,148,2.0,0,2.0,"",500.0,500.0,999.0
300144,0,30000014,270,2.0,0,2.0,"",500.0,500.0,999.0
300144,0,30000014,452,2.0,0,2.0,"",500.0,500.0,999.0
300144,0,30000014,2552,1.0,0,1.0,"",500.0,500.0,999.0
300144,0,30000014,3068,1.0,0,1.0,"",500.0,500.0,999.0
300144,0,30000015,130,2.0,0,2.0,"",500.0,500.0,999.0
300144,0,30000015,148,2.0,0,2.0,"",500.0,500.0,999.0
300144,0,30000015,270,2.0,0,2.0,"",500.0,500.0,999.0
300144,0,30000015,452,2.0,0,2.0,"",500.0,500.0,999.0
300144,0,30000015,2552,1.0,0,1.0,"",500.0,500.0,999.0
300144,0,30000015,3068,1.0,0,1.0,"",500.0,500.0,999.0
300144,0,30000016,130,2.0,0,2.0,"",500.0,500.0,999.0
300144,0,30000016,148,2.0,0,2.0,"",500.0,500.0,999.0
300144,0,30000016,270,2.0,0,2.0,"",500.0,500.0,999.0
300144,0,30000016,452,2.0,0,2.0,"",500.0,500.0,999.0
300144,0,30000016,2552,1.0,0,1.0,"",500.0,500.0,999.0
300144,0,30000016,3068,1.0,0,1.0,"",500.0,500.0,999.0
300144,0,30000017,130,2.0,0,2.0,"",500.0,500.0,999.0
300144,0,30000017,148,2.0,0,2.0,"",500.0,500.0,999.0
300144,0,30000017,270,2.0,0,2.0,"",500.0,500.0,999.0
300144,0,30000017,452,2.0,0,2.0,"",500.0,500.0,999.0
300144,0,30000017,2552,1.0,0,1.0,"",500.0,500.0,999.0
300144,0,30000017,3068,1.0,0,1.0,"",500.0,500.0,999.0
300144,0,30000018,130,2.0,0,2.0,"",500.0,500.0,999.0
300144,0,30000018,148,2.0,0,2.0,"",500.0,500.0,999.0
300144,0,30000018,270,2.0,0,2.0,"",500.0,500.0,999.0
300144,0,30000018,452,2.0,0,2.0,"",500.0,500.0,999.0
300144,0,30000018,2552,1.0,0,1.0,"",500.0,500.0,999.0
300144,0,30000018,3068,1.0,0,1.0,"",500.0,500.0,999.0
300144,0,30000019,130,2.0,0,2.0,"",500.0,500.0,999.0
300144,0,30000019,148,2.0,0,2.0,"",500.0,500.0,999.0
300144,0,30000019,270,2.0,0,2.0,"",500.0,500.0,999.0
300144,0,30000019,452,2.0,0,2.0,"",500.0,500.0,999.0
300144,0,30000019,2552,1.0,0,1.0,"",500.0,500.0,999.0
300144,0,30000019,3068,1.0,0,1.0,"",500.0,500.0,999.0
300144,0,30000020,130,2.0,0,2.0,"",500.0,500.0,999.0
300144,0,30000020,148,2.0,0,2.0,"",500.0,500.0,999.0
300144,0,30000020,270,2.0,0,2.0,"",500.0,500.0,999.0
300144,0,30000020,452,2.0,0,2.0,"",500.0,500.0,999.0
300144,0,30000020,2552,1.0,0,1.0,"",500.0,500.0,999.0
300144,0,30000020,3068,1.0,0,1.0,"",500.0,500.0,999.0
300144,0,30000021,130,2.0,0,2.0,"",500.0,500.0,999.0
300144,0,30000021,148,2.0,0,2.0,"",500.0,500.0,999.0
300144,0,30000021,270,2.0,0,2.0,"",500.0,500.0,999.0
300144,0,30000021,452,2.0,0,2.0,"",500.0,500.0,999.0
300144,0,30000021,2552,1.0,0,1.0,"",500.0,500.0,999.0
300144,0,30000021,3068,1.0,0,1.0,"",500.0,500.0,999.0
300144,0,30000022,130,2.0,0,2.0,"",500.0,500.0,999.0
300144,0,30000022,148,2.0,0,2.0,"",500.0,500.0,999.0
300144,0,30000022,270,2.0,0,2.0,"",500.0,500.0,999.0
300144,0,30000022,452,2.0,0,2.0,"",500.0,500.0,999.0
300144,0,30000022,2552,1.0,0,1.0,"",500.0,500.0,999.0
300144,0,30000022,3068,1.0,0,1.0,"",500.0,500.0,999.0
300145,0,30000013,32,2.0,0,2.0,"",500.0,500.0,999.0
300145,0,30000013,50,2.0,0,2.0,"",500.0,500.0,999.0
300145,0,30000013,142,2.0,0,2.0,"",500.0,500.0,999.0
300145,0,30000013,149,2.0,0,2.0,"",500.0,500.0,999.0
300145,0,30000013,352,2.0,0,2.0,"",500.0,500.0,999.0
300145,0,30000013,1663,2.0,0,2.0,"",500.0,500.0,999.0
300145,0,30000013,2267,1.0,0,1.0,"",500.0,500.0,999.0
300145,0,30000014,32,2.0,0,2.0,"",500.0,500.0,999.0
300145,0,30000014,50,2.0,0,2.0,"",500.0,500.0,999.0
300145,0,30000014,142,2.0,0,2.0,"",500.0,500.0,999.0
300145,0,30000014,149,2.0,0,2.0,"",500.0,500.0,999.0
300145,0,30000014,352,2.0,0,2.0,"",500.0,500.0,999.0
300145,0,30000014,1663,2.0,0,2.0,"",500.0,500.0,999.0
300145,0,30000014,2267,1.0,0,1.0,"",500.0,500.0,999.0
300145,0,30000015,32,2.0,0,2.0,"",500.0,500.0,999.0
300145,0,30000015,50,2.0,0,2.0,"",500.0,500.0,999.0
300145,0,30000015,142,2.0,0,2.0,"",500.0,500.0,999.0
300145,0,30000015,149,2.0,0,2.0,"",500.0,500.0,999.0
300145,0,30000015,352,2.0,0,2.0,"",500.0,500.0,999.0
300145,0,30000015,1663,2.0,0,2.0,"",500.0,500.0,999.0
300145,0,30000015,2267,1.0,0,1.0,"",500.0,500.0,999.0
300145,0,30000016,32,2.0,0,2.0,"",500.0,500.0,999.0
300145,0,30000016,50,2.0,0,2.0,"",500.0,500.0,999.0
300145,0,30000016,142,2.0,0,2.0,"",500.0,500.0,999.0
300145,0,30000016,149,2.0,0,2.0,"",500.0,500.0,999.0
300145,0,30000016,352,2.0,0,2.0,"",500.0,500.0,999.0
300145,0,30000016,1663,2.0,0,2.0,"",500.0,500.0,999.0
300145,0,30000016,2267,1.0,0,1.0,"",500.0,500.0,999.0
300145,0,30000017,32,2.0,0,2.0,"",500.0,500.0,999.0
300145,0,30000017,50,2.0,0,2.0,"",500.0,500.0,999.0
300145,0,30000017,142,2.0,0,2.0,"",500.0,500.0,999.0
300145,0,30000017,149,2.0,0,2.0,"",500.0,500.0,999.0
300145,0,30000017,352,2.0,0,2.0,"",500.0,500.0,999.0
300145,0,30000017,1663,2.0,0,2.0,"",500.0,500.0,999.0
300145,0,30000017,2267,1.0,0,1.0,"",500.0,500.0,999.0
300145,0,30000018,32,2.0,0,2.0,"",500.0,500.0,999.0
300145,0,30000018,50,2.0,0,2.0,"",500.0,500.0,999.0
300145,0,30000018,142,2.0,0,2.0,"",500.0,500.0,999.0
300145,0,30000018,149,2.0,0,2.0,"",500.0,500.0,999.0
300145,0,30000018,352,2.0,0,2.0,"",500.0,500.0,999.0
300145,0,30000018,1663,2.0,0,2.0,"",500.0,500.0,999.0
300145,0,30000018,2267,1.0,0,1.0,"",500.0,500.0,999.0
300145,0,30000019,32,2.0,0,2.0,"",500.0,500.0,999.0
300145,0,30000019,50,2.0,0,2.0,"",500.0,500.0,999.0
300145,0,30000019,142,2.0,0,2.0,"",500.0,500.0,999.0
300145,0,30000019,149,2.0,0,2.0,"",500.0,500.0,999.0
300145,0,30000019,352,2.0,0,2.0,"",500.0,500.0,999.0
300145,0,30000019,1663,2.0,0,2.0,"",500.0,500.0,999.0
300145,0,30000019,2267,1.0,0,1.0,"",500.0,500.0,999.0
300145,0,30000020,32,2.0,0,2.0,"",500.0,500.0,999.0
300145,0,30000020,50,2.0,0,2.0,"",500.0,500.0,999.0
300145,0,30000020,142,2.0,0,2.0,"",500.0,500.0,999.0
300145,0,30000020,149,2.0,0,2.0,"",500.0,500.0,999.0
300145,0,30000020,352,2.0,0,2.0,"",500.0,500.0,999.0
300145,0,30000020,1663,2.0,0,2.0,"",500.0,500.0,999.0
300145,0,30000020,2267,1.0,0,1.0,"",500.0,500.0,999.0
300145,0,30000021,32,2.0,0,2.0,"",500.0,500.0,999.0
300145,0,30000021,50,2.0,0,2.0,"",500.0,500.0,999.0
300145,0,30000021,142,2.0,0,2.0,"",500.0,500.0,999.0
300145,0,30000021,149,2.0,0,2.0,"",500.0,500.0,999.0
300145,0,30000021,352,2.0,0,2.0,"",500.0,500.0,999.0
300145,0,30000021,1663,2.0,0,2.0,"",500.0,500.0,999.0
300145,0,30000021,2267,1.0,0,1.0,"",500.0,500.0,999.0
300145,0,30000022,32,2.0,0,2.0,"",500.0,500.0,999.0
300145,0,30000022,50,2.0,0,2.0,"",500.0,500.0,999.0
300145,0,30000022,142,2.0,0,2.0,"",500.0,500.0,999.0
300145,0,30000022,149,2.0,0,2.0,"",500.0,500.0,999.0
300145,0,30000022,352,2.0,0,2.0,"",500.0,500.0,999.0
300145,0,30000022,1663,2.0,0,2.0,"",500.0,500.0,999.0
300145,0,30000022,2267,1.0,0,1.0,"",500.0,500.0,999.0
300146,0,30000013,95,2.0,0,2.0,"",500.0,500.0,999.0
300146,0,30000013,120,2.0,0,2.0,"",500.0,500.0,999.0
300146,0,30000013,1063,2.0,0,2.0,"",500.0,500.0,999.0
300146,0,30000013,1090,2.0,0,2.0,"",500.0,500.0,999.0
300146,0,30000013,2203,1.0,0,1.0,"",500.0,500.0,999.0
300146,0,30000013,2592,1.0,0,1.0,"",500.0,500.0,999.0
300146,0,30000013,3067,1.0,0,1.0,"",500.0,500.0,999.0
300146,0,30000014,95,2.0,0,2.0,"",500.0,500.0,999.0
300146,0,30000014,120,2.0,0,2.0,"",500.0,500.0,999.0
300146,0,30000014,1063,2.0,0,2.0,"",500.0,500.0,999.0
300146,0,30000014,1090,2.0,0,2.0,"",500.0,500.0,999.0
300146,0,30000014,2203,1.0,0,1.0,"",500.0,500.0,999.0
300146,0,30000014,2592,1.0,0,1.0,"",500.0,500.0,999.0
300146,0,30000014,3067,1.0,0,1.0,"",500.0,500.0,999.0
300146,0,30000015,95,2.0,0,2.0,"",500.0,500.0,999.0
300146,0,30000015,120,2.0,0,2.0,"",500.0,500.0,999.0
300146,0,30000015,1063,2.0,0,2.0,"",500.0,500.0,999.0
300146,0,30000015,1090,2.0,0,2.0,"",500.0,500.0,999.0
300146,0,30000015,2203,1.0,0,1.0,"",500.0,500.0,999.0
300146,0,30000015,2592,1.0,0,1.0,"",500.0,500.0,999.0
300146,0,30000015,3067,1.0,0,1.0,"",500.0,500.0,999.0
300146,0,30000016,95,2.0,0,2.0,"",500.0,500.0,999.0
300146,0,30000016,120,2.0,0,2.0,"",500.0,500.0,999.0
300146,0,30000016,1063,2.0,0,2.0,"",500.0,500.0,999.0
300146,0,30000016,1090,2.0,0,2.0,"",500.0,500.0,999.0
300146,0,30000016,2203,1.0,0,1.0,"",500.0,500.0,999.0
300146,0,30000016,2592,1.0,0,1.0,"",500.0,500.0,999.0
300146,0,30000016,3067,1.0,0,1.0,"",500.0,500.0,999.0
300146,0,30000017,95,2.0,0,2.0,"",500.0,500.0,999.0
300146,0,30000017,120,2.0,0,2.0,"",500.0,500.0,999.0
300146,0,30000017,1063,2.0,0,2.0,"",500.0,500.0,999.0
300146,0,30000017,1090,2.0,0,2.0,"",500.0,500.0,999.0
300146,0,30000017,2203,1.0,0,1.0,"",500.0,500.0,999.0
300146,0,30000017,2592,1.0,0,1.0,"",500.0,500.0,999.0
300146,0,30000017,3067,1.0,0,1.0,"",500.0,500.0,999.0
300146,0,30000018,95,2.0,0,2.0,"",500.0,500.0,999.0
300146,0,30000018,120,2.0,0,2.0,"",500.0,500.0,999.0
300146,0,30000018,1063,2.0,0,2.0,"",500.0,500.0,999.0
300146,0,30000018,1090,2.0,0,2.0,"",500.0,500.0,999.0
300146,0,30000018,2203,1.0,0,1.0,"",500.0,500.0,999.0
300146,0,30000018,2592,1.0,0,1.0,"",500.0,500.0,999.0
300146,0,30000018,3067,1.0,0,1.0,"",500.0,500.0,999.0
300146,0,30000019,95,2.0,0,2.0,"",500.0,500.0,999.0
300146,0,30000019,120,2.0,0,2.0,"",500.0,500.0,999.0
300146,0,30000019,1063,2.0,0,2.0,"",500.0,500.0,999.0
300146,0,30000019,1090,2.0,0,2.0,"",500.0,500.0,999.0
300146,0,30000019,2203,1.0,0,1.0,"",500.0,500.0,999.0
300146,0,30000019,2592,1.0,0,1.0,"",500.0,500.0,999.0
300146,0,30000019,3067,1.0,0,1.0,"",500.0,500.0,999.0
300146,0,30000020,95,2.0,0,2.0,"",500.0,500.0,999.0
300146,0,30000020,120,2.0,0,2.0,"",500.0,500.0,999.0
300146,0,30000020,1063,2.0,0,2.0,"",500.0,500.0,999.0
300146,0,30000020,1090,2.0,0,2.0,"",500.0,500.0,999.0
300146,0,30000020,2203,1.0,0,1.0,"",500.0,500.0,999.0
300146,0,30000020,2592,1.0,0,1.0,"",500.0,500.0,999.0
300146,0,30000020,3067,1.0,0,1.0,"",500.0,500.0,999.0
300146,0,30000021,95,2.0,0,2.0,"",500.0,500.0,999.0
300146,0,30000021,120,2.0,0,2.0,"",500.0,500.0,999.0
300146,0,30000021,1063,2.0,0,2.0,"",500.0,500.0,999.0
300146,0,30000021,1090,2.0,0,2.0,"",500.0,500.0,999.0
300146,0,30000021,2203,1.0,0,1.0,"",500.0,500.0,999.0
300146,0,30000021,2592,1.0,0,1.0,"",500.0,500.0,999.0
300146,0,30000021,3067,1.0,0,1.0,"",500.0,500.0,999.0
300146,0,30000022,95,2.0,0,2.0,"",500.0,500.0,999.0
300146,0,30000022,120,2.0,0,2.0,"",500.0,500.0,999.0
300146,0,30000022,1063,2.0,0,2.0,"",500.0,500.0,999.0
300146,0,30000022,1090,2.0,0,2.0,"",500.0,500.0,999.0
300146,0,30000022,2203,1.0,0,1.0,"",500.0,500.0,999.0
300146,0,30000022,2592,1.0,0,1.0,"",500.0,500.0,999.0
300146,0,30000022,3067,1.0,0,1.0,"",500.0,500.0,999.0
300150,0,30000000,138,10.0,0,10.0,"Y",250.0,250.0,499.75
300150,0,30000000,274,10.0,0,10.0,"Y",250.0,250.0,499.75
300150,0,30000000,457,10.0,0,10.0,"Y",250.0,250.0,499.75
300150,0,30000000,1267,10.0,0,10.0,"Y",250.0,250.0,499.75
300150,0,30000000,1296,10.0,0,10.0,"Y",250.0,250.0,499.75
300150,0,30000000,1425,10.0,0,10.0,"Y",250.0,250.0,499.75
300151,0,30000000,2551,10.0,0,10.0,"Y",250.0,250.0,499.75
300152,0,30000002,94,10.0,0,10.0,"",560.0,560.0,1199.0
300152,0,30000002,134,10.0,0,10.0,"",560.0,560.0,1199.0
300152,0,30000002,238,10.0,0,10.0,"",560.0,560.0,1199.0
300152,0,30000002,351,10.0,0,10.0,"",560.0,560.0,1199.0
300152,0,30000002,353,10.0,0,10.0,"",560.0,560.0,1199.0
300152,0,30000002,445,10.0,0,10.0,"",560.0,560.0,1199.0
300152,0,30000003,94,10.0,0,10.0,"",560.0,560.0,1199.0
300152,0,30000003,134,10.0,0,10.0,"",560.0,560.0,1199.0
300152,0,30000003,238,10.0,0,10.0,"",560.0,560.0,1199.0
300152,0,30000003,351,10.0,0,10.0,"",560.0,560.0,1199.0
300152,0,30000003,353,10.0,0,10.0,"",560.0,560.0,1199.0
300152,0,30000003,445,10.0,0,10.0,"",560.0,560.0,1199.0
300152,0,30000004,94,10.0,0,10.0,"",560.0,560.0,1199.0
300152,0,30000004,134,10.0,0,10.0,"",560.0,560.0,1199.0
300152,0,30000004,238,10.0,0,10.0,"",560.0,560.0,1199.0
300152,0,30000004,351,10.0,0,10.0,"",560.0,560.0,1199.0
300152,0,30000004,353,10.0,0,10.0,"",560.0,560.0,1199.0
300152,0,30000004,445,10.0,0,10.0,"",560.0,560.0,1199.0
300152,0,30000005,94,10.0,0,10.0,"",560.0,560.0,1199.0
300152,0,30000005,134,10.0,0,10.0,"",560.0,560.0,1199.0
300152,0,30000005,238,10.0,0,10.0,"",560.0,560.0,1199.0
300152,0,30000005,351,10.0,0,10.0,"",560.0,560.0,1199.0
300152,0,30000005,353,10.0,0,10.0,"",560.0,560.0,1199.0
300152,0,30000005,445,10.0,0,10.0,"",560.0,560.0,1199.0
300152,0,30000006,94,10.0,0,10.0,"",560.0,560.0,1199.0
300152,0,30000006,134,10.0,0,10.0,"",560.0,560.0,1199.0
300152,0,30000006,238,10.0,0,10.0,"",560.0,560.0,1199.0
300152,0,30000006,351,10.0,0,10.0,"",560.0,560.0,1199.0
300152,0,30000006,353,10.0,0,10.0,"",560.0,560.0,1199.0
300152,0,30000006,445,10.0,0,10.0,"",560.0,560.0,1199.0
300152,0,30000007,94,10.0,0,10.0,"",560.0,560.0,1199.0
300152,0,30000007,134,10.0,0,10.0,"",560.0,560.0,1199.0
300152,0,30000007,238,10.0,0,10.0,"",560.0,560.0,1199.0
300152,0,30000007,351,10.0,0,10.0,"",560.0,560.0,1199.0
300152,0,30000007,353,10.0,0,10.0,"",560.0,560.0,1199.0
300152,0,30000007,445,10.0,0,10.0,"",560.0,560.0,1199.0
300152,0,30000008,94,10.0,0,10.0,"",560.0,560.0,1199.0
300152,0,30000008,134,10.0,0,10.0,"",560.0,560.0,1199.0
300152,0,30000008,238,10.0,0,10.0,"",560.0,560.0,1199.0
300152,0,30000008,351,10.0,0,10.0,"",560.0,560.0,1199.0
300152,0,30000008,353,10.0,0,10.0,"",560.0,560.0,1199.0
300152,0,30000008,445,10.0,0,10.0,"",560.0,560.0,1199.0
300152,0,30000009,94,10.0,0,10.0,"",560.0,560.0,1199.0
300152,0,30000009,134,10.0,0,10.0,"",560.0,560.0,1199.0
300152,0,30000009,238,10.0,0,10.0,"",560.0,560.0,1199.0
300152,0,30000009,351,10.0,0,10.0,"",560.0,560.0,1199.0
300152,0,30000009,353,10.0,0,10.0,"",560.0,560.0,1199.0
300152,0,30000009,445,10.0,0,10.0,"",560.0,560.0,1199.0
300152,0,30000010,94,10.0,0,10.0,"",560.0,560.0,1199.0
300152,0,30000010,134,10.0,0,10.0,"",560.0,560.0,1199.0
300152,0,30000010,238,10.0,0,10.0,"",560.0,560.0,1199.0
300152,0,30000010,351,10.0,0,10.0,"",560.0,560.0,1199.0
300152,0,30000010,353,10.0,0,10.0,"",560.0,560.0,1199.0
300152,0,30000010,445,10.0,0,10.0,"",560.0,560.0,1199.0
300152,0,30000011,94,10.0,0,10.0,"",560.0,560.0,1199.0
300152,0,30000011,134,10.0,0,10.0,"",560.0,560.0,1199.0
300152,0,30000011,238,10.0,0,10.0,"",560.0,560.0,1199.0
300152,0,30000011,351,10.0,0,10.0,"",560.0,560.0,1199.0
300152,0,30000011,353,10.0,0,10.0,"",560.0,560.0,1199.0
300152,0,30000011,445,10.0,0,10.0,"",560.0,560.0,1199.0
300153,0,30000002,2552,10.0,0,10.0,"",560.0,560.0,1199.0
300153,0,30000003,2552,10.0,0,10.0,"",560.0,560.0,1199.0
300153,0,30000004,2552,10.0,0,10.0,"",560.0,560.0,1199.0
300153,0,30000005,2552,10.0,0,10.0,"",560.0,560.0,1199.0
300153,0,30000006,2552,10.0,0,10.0,"",560.0,560.0,1199.0
300153,0,30000007,2552,10.0,0,10.0,"",560.0,560.0,1199.0
300153,0,30000008,2552,10.0,0,10.0,"",560.0,560.0,1199.0
300153,0,30000009,2552,10.0,0,10.0,"",560.0,560.0,1199.0
300153,0,30000010,2552,10.0,0,10.0,"",560.0,560.0,1199.0
300153,0,30000011,2552,10.0,0,10.0,"",560.0,560.0,1199.0
300154,0,30000002,2592,10.0,0,10.0,"",560.0,560.0,1199.0
300154,0,30000002,3067,10.0,0,10.0,"",560.0,560.0,1199.0
300154,0,30000003,2592,10.0,0,10.0,"",560.0,560.0,1199.0
300154,0,30000003,3067,10.0,0,10.0,"",560.0,560.0,1199.0
300154,0,30000004,2592,10.0,0,10.0,"",560.0,560.0,1199.0
300154,0,30000004,3067,10.0,0,10.0,"",560.0,560.0,1199.0
300154,0,30000005,2592,10.0,0,10.0,"",560.0,560.0,1199.0
300154,0,30000005,3067,10.0,0,10.0,"",560.0,560.0,1199.0
300154,0,30000006,2592,10.0,0,10.0,"",560.0,560.0,1199.0
300154,0,30000006,3067,10.0,0,10.0,"",560.0,560.0,1199.0
300154,0,30000007,2592,10.0,0,10.0,"",560.0,560.0,1199.0
300154,0,30000007,3067,10.0,0,10.0,"",560.0,560.0,1199.0
300154,0,30000008,2592,10.0,0,10.0,"",560.0,560.0,1199.0
300154,0,30000008,3067,10.0,0,10.0,"",560.0,560.0,1199.0
300154,0,30000009,2592,10.0,0,10.0,"",560.0,560.0,1199.0
300154,0,30000009,3067,10.0,0,10.0,"",560.0,560.0,1199.0
300154,0,30000010,2592,10.0,0,10.0,"",560.0,560.0,1199.0
300154,0,30000010,3067,10.0,0,10.0,"",560.0,560.0,1199.0
300154,0,30000011,2592,10.0,0,10.0,"",560.0,560.0,1199.0
300154,0,30000011,3067,10.0,0,10.0,"",560.0,560.0,1199.0
300155,0,30000013,1896,10.0,0,10.0,"",500.0,500.0,999.0
300155,0,30000014,1896,10.0,0,10.0,"",500.0,500.0,999.0
300155,0,30000015,1896,10.0,0,10.0,"",500.0,500.0,999.0
300155,0,30000016,1896,10.0,0,10.0,"",500.0,500.0,999.0
300155,0,30000017,1896,10.0,0,10.0,"",500.0,500.0,999.0
300155,0,30000018,1896,10.0,0,10.0,"",500.0,500.0,999.0
300155,0,30000019,1896,10.0,0,10.0,"",500.0,500.0,999.0
300155,0,30000020,1896,10.0,0,10.0,"",500.0,500.0,999.0
300155,0,30000021,1896,10.0,0,10.0,"",500.0,500.0,999.0
300155,0,30000022,1896,10.0,0,10.0,"",500.0,500.0,999.0
300156,0,30000013,14,10.0,0,10.0,"",500.0,500.0,999.0
300156,0,30000013,145,10.0,0,10.0,"",500.0,500.0,999.0
300156,0,30000013,241,10.0,0,10.0,"",500.0,500.0,999.0
300156,0,30000013,275,10.0,0,10.0,"",500.0,500.0,999.0
300156,0,30000013,432,10.0,0,10.0,"",500.0,500.0,999.0
300156,0,30000013,440,10.0,0,10.0,"",500.0,500.0,999.0
300156,0,30000013,1888,10.0,0,10.0,"",500.0,500.0,999.0
300156,0,30000014,14,10.0,0,10.0,"",500.0,500.0,999.0
300156,0,30000014,145,10.0,0,10.0,"",500.0,500.0,999.0
300156,0,30000014,241,10.0,0,10.0,"",500.0,500.0,999.0
300156,0,30000014,275,10.0,0,10.0,"",500.0,500.0,999.0
300156,0,30000014,432,10.0,0,10.0,"",500.0,500.0,999.0
300156,0,30000014,440,10.0,0,10.0,"",500.0,500.0,999.0
300156,0,30000014,1888,10.0,0,10.0,"",500.0,500.0,999.0
300156,0,30000015,14,10.0,0,10.0,"",500.0,500.0,999.0
300156,0,30000015,145,10.0,0,10.0,"",500.0,500.0,999.0
300156,0,30000015,241,10.0,0,10.0,"",500.0,500.0,999.0
300156,0,30000015,275,10.0,0,10.0,"",500.0,500.0,999.0
300156,0,30000015,432,10.0,0,10.0,"",500.0,500.0,999.0
300156,0,30000015,440,10.0,0,10.0,"",500.0,500.0,999.0
300156,0,30000015,1888,10.0,0,10.0,"",500.0,500.0,999.0
300156,0,30000016,14,10.0,0,10.0,"",500.0,500.0,999.0
300156,0,30000016,145,10.0,0,10.0,"",500.0,500.0,999.0
300156,0,30000016,241,10.0,0,10.0,"",500.0,500.0,999.0
300156,0,30000016,275,10.0,0,10.0,"",500.0,500.0,999.0
300156,0,30000016,432,10.0,0,10.0,"",500.0,500.0,999.0
300156,0,30000016,440,10.0,0,10.0,"",500.0,500.0,999.0
300156,0,30000016,1888,10.0,0,10.0,"",500.0,500.0,999.0
300156,0,30000017,14,10.0,0,10.0,"",500.0,500.0,999.0
300156,0,30000017,145,10.0,0,10.0,"",500.0,500.0,999.0
300156,0,30000017,241,10.0,0,10.0,"",500.0,500.0,999.0
300156,0,30000017,275,10.0,0,10.0,"",500.0,500.0,999.0
300156,0,30000017,432,10.0,0,10.0,"",500.0,500.0,999.0
300156,0,30000017,440,10.0,0,10.0,"",500.0,500.0,999.0
300156,0,30000017,1888,10.0,0,10.0,"",500.0,500.0,999.0
300156,0,30000018,14,10.0,0,10.0,"",500.0,500.0,999.0
300156,0,30000018,145,10.0,0,10.0,"",500.0,500.0,999.0
300156,0,30000018,241,10.0,0,10.0,"",500.0,500.0,999.0
300156,0,30000018,275,10.0,0,10.0,"",500.0,500.0,999.0
300156,0,30000018,432,10.0,0,10.0,"",500.0,500.0,999.0
300156,0,30000018,440,10.0,0,10.0,"",500.0,500.0,999.0
300156,0,30000018,1888,10.0,0,10.0,"",500.0,500.0,999.0
300156,0,30000019,14,10.0,0,10.0,"",500.0,500.0,999.0
300156,0,30000019,145,10.0,0,10.0,"",500.0,500.0,999.0
300156,0,30000019,241,10.0,0,10.0,"",500.0,500.0,999.0
300156,0,30000019,275,10.0,0,10.0,"",500.0,500.0,999.0
300156,0,30000019,432,10.0,0,10.0,"",500.0,500.0,999.0
300156,0,30000019,440,10.0,0,10.0,"",500.0,500.0,999.0
300156,0,30000019,1888,10.0,0,10.0,"",500.0,500.0,999.0
300156,0,30000020,14,10.0,0,10.0,"",500.0,500.0,999.0
300156,0,30000020,145,10.0,0,10.0,"",500.0,500.0,999.0
300156,0,30000020,241,10.0,0,10.0,"",500.0,500.0,999.0
300156,0,30000020,275,10.0,0,10.0,"",500.0,500.0,999.0
300156,0,30000020,432,10.0,0,10.0,"",500.0,500.0,999.0
300156,0,30000020,440,10.0,0,10.0,"",500.0,500.0,999.0
300156,0,30000020,1888,10.0,0,10.0,"",500.0,500.0,999.0
300156,0,30000021,14,10.0,0,10.0,"",500.0,500.0,999.0
300156,0,30000021,145,10.0,0,10.0,"",500.0,500.0,999.0
300156,0,30000021,241,10.0,0,10.0,"",500.0,500.0,999.0
300156,0,30000021,275,10.0,0,10.0,"",500.0,500.0,999.0
300156,0,30000021,432,10.0,0,10.0,"",500.0,500.0,999.0
300156,0,30000021,440,10.0,0,10.0,"",500.0,500.0,999.0
300156,0,30000021,1888,10.0,0,10.0,"",500.0,500.0,999.0
300156,0,30000022,14,10.0,0,10.0,"",500.0,500.0,999.0
300156,0,30000022,145,10.0,0,10.0,"",500.0,500.0,999.0
300156,0,30000022,241,10.0,0,10.0,"",500.0,500.0,999.0
300156,0,30000022,275,10.0,0,10.0,"",500.0,500.0,999.0
300156,0,30000022,432,10.0,0,10.0,"",500.0,500.0,999.0
300156,0,30000022,440,10.0,0,10.0,"",500.0,500.0,999.0
300156,0,30000022,1888,10.0,0,10.0,"",500.0,500.0,999.0
300160,0,30000000,1896,10.0,0,10.0,"Y",250.0,250.0,499.75
300161,0,30000000,138,10.0,0,10.0,"Y",250.0,250.0,499.75
300161,0,30000000,274,10.0,0,10.0,"Y",250.0,250.0,499.75
300161,0,30000000,457,10.0,0,10.0,"Y",250.0,250.0,499.75
300161,0,30000000,1267,10.0,0,10.0,"Y",250.0,250.0,499.75
300161,0,30000000,1296,10.0,0,10.0,"Y",250.0,250.0,499.75
300161,0,30000000,1425,10.0,0,10.0,"Y",250.0,250.0,499.75
300162,0,30000000,94,10.0,0,10.0,"Y",250.0,250.0,499.75
300162,0,30000000,134,10.0,0,10.0,"Y",250.0,250.0,499.75
300162,0,30000000,238,10.0,0,10.0,"Y",250.0,250.0,499.75
300162,0,30000000,351,10.0,0,10.0,"Y",250.0,250.0,499.75
300162,0,30000000,353,10.0,0,10.0,"Y",250.0,250.0,499.75
300162,0,30000000,445,10.0,0,10.0,"Y",250.0,250.0,499.75
300162,0,30000000,2551,10.0,0,10.0,"Y",250.0,250.0,499.75
300163,0,30000000,14,10.0,0,10.0,"Y",250.0,250.0,499.75
300163,0,30000000,145,10.0,0,10.0,"Y",250.0,250.0,499.75
300163,0,30000000,241,10.0,0,10.0,"Y",250.0,250.0,499.75
300163,0,30000000,275,10.0,0,10.0,"Y",250.0,250.0,499.75
300163,0,30000000,432,10.0,0,10.0,"Y",250.0,250.0,499.75
300163,0,30000000,440,10.0,0,10.0,"Y",250.0,250.0,499.75
300163,0,30000000,1888,10.0,0,10.0,"Y",250.0,250.0,499.75
300164,0,30000000,2552,10.0,0,10.0,"Y",250.0,250.0,499.75
300165,0,30000000,2592,10.0,0,10.0,"Y",250.0,250.0,499.75
300165,0,30000000,3067,10.0,0,10.0,"Y",250.0,250.0,499.75
300177,0,30008625,1,100.0,0,100.0,"",450.0,450.0,650.0
300177,0,30008625,6,100.0,0,100.0,"",450.0,450.0,650.0
300177,0,30008625,15,100.0,0,100.0,"",450.0,450.0,650.0
300178,0,30008625,9,200.0,0,200.0,"",450.0,450.0,650.0
300179,0,30008625,3,100.0,0,100.0,"",450.0,450.0,650.0
300179,0,30008625,73,200.0,0,200.0,"",450.0,450.0,650.0
300179,0,30008625,245,100.0,0,100.0,"",450.0,450.0,650.0
300180,0,30008625,32,100.0,0,100.0,"",450.0,450.0,650.0
300181,0,30008616,6,20.0,0,20.0,"",450.0,450.0,550.0
300181,0,30008617,6,20.0,0,20.0,"",450.0,450.0,550.0
300181,0,30008618,6,20.0,0,20.0,"",450.0,450.0,550.0
300181,0,30008619,6,20.0,0,20.0,"",450.0,450.0,550.0
300181,0,30008620,6,20.0,0,20.0,"",450.0,450.0,550.0
300181,0,30008621,6,20.0,0,20.0,"",450.0,450.0,550.0
300181,0,30008622,6,20.0,0,20.0,"",450.0,450.0,550.0
300181,0,30008623,6,20.0,0,20.0,"",450.0,450.0,550.0
300181,0,30008624,6,20.0,0,20.0,"",450.0,450.0,550.0
300182,0,30008616,9,20.0,0,20.0,"",450.0,450.0,550.0
300182,0,30008617,9,20.0,0,20.0,"",450.0,450.0,550.0
300182,0,30008618,9,20.0,0,20.0,"",450.0,450.0,550.0
300182,0,30008619,9,20.0,0,20.0,"",450.0,450.0,550.0
300182,0,30008620,9,20.0,0,20.0,"",450.0,450.0,550.0
300182,0,30008621,9,20.0,0,20.0,"",450.0,450.0,550.0
300182,0,30008622,9,20.0,0,20.0,"",450.0,450.0,550.0
300182,0,30008623,9,20.0,0,20.0,"",450.0,450.0,550.0
300182,0,30008624,9,20.0,0,20.0,"",450.0,450.0,550.0
300183,0,30008616,3,10.0,0,10.0,"",450.0,450.0,550.0
300183,0,30008616,73,10.0,0,10.0,"",450.0,450.0,550.0
300183,0,30008616,245,20.0,0,20.0,"",450.0,450.0,550.0
300183,0,30008617,3,10.0,0,10.0,"",450.0,450.0,550.0
300183,0,30008617,73,10.0,0,10.0,"",450.0,450.0,550.0
300183,0,30008617,245,20.0,0,20.0,"",450.0,450.0,550.0
300183,0,30008618,3,10.0,0,10.0,"",450.0,450.0,550.0
300183,0,30008618,73,10.0,0,10.0,"",450.0,450.0,550.0
300183,0,30008618,245,20.0,0,20.0,"",450.0,450.0,550.0
300183,0,30008619,3,10.0,0,10.0,"",450.0,450.0,550.0
300183,0,30008619,73,10.0,0,10.0,"",450.0,450.0,550.0
300183,0,30008619,245,20.0,0,20.0,"",450.0,450.0,550.0
300183,0,30008620,3,10.0,0,10.0,"",450.0,450.0,550.0
300183,0,30008620,73,10.0,0,10.0,"",450.0,450.0,550.0
300183,0,30008620,245,20.0,0,20.0,"",450.0,450.0,550.0
300183,0,30008621,3,10.0,0,10.0,"",450.0,450.0,550.0
300183,0,30008621,73,10.0,0,10.0,"",450.0,450.0,550.0
300183,0,30008621,245,20.0,0,20.0,"",450.0,450.0,550.0
300183,0,30008622,3,10.0,0,10.0,"",450.0,450.0,550.0
300183,0,30008622,73,10.0,0,10.0,"",450.0,450.0,550.0
300183,0,30008622,245,20.0,0,20.0,"",450.0,450.0,550.0
300183,0,30008623,3,10.0,0,10.0,"",450.0,450.0,550.0
300183,0,30008623,73,10.0,0,10.0,"",450.0,450.0,550.0
300183,0,30008623,245,20.0,0,20.0,"",450.0,450.0,550.0
300183,0,30008624,3,10.0,0,10.0,"",450.0,450.0,550.0
300183,0,30008624,73,10.0,0,10.0,"",450.0,450.0,550.0
300183,0,30008624,245,20.0,0,20.0,"",450.0,450.0,550.0
300184,0,30008616,32,20.0,0,20.0,"",450.0,450.0,550.0
300184,0,30008617,32,20.0,0,20.0,"",450.0,450.0,550.0
300184,0,30008618,32,20.0,0,20.0,"",450.0,450.0,550.0
300184,0,30008619,32,20.0,0,20.0,"",450.0,450.0,550.0
300184,0,30008620,32,20.0,0,20.0,"",450.0,450.0,550.0
300184,0,30008621,32,20.0,0,20.0,"",450.0,450.0,550.0
300184,0,30008622,32,20.0,0,20.0,"",450.0,450.0,550.0
300184,0,30008623,32,20.0,0,20.0,"",450.0,450.0,550.0
300184,0,30008624,32,20.0,0,20.0,"",450.0,450.0,550.0
300192,0,30008634,1,2.0,0,2.0,"",599.0,599.0,1299.0
300198,0,30008634,3,6.0,0,6.0,"",599.0,599.0,1299.0
300192,0,30008634,6,10.0,0,10.0,"",599.0,599.0,1299.0
300195,0,30008634,9,8.0,0,8.0,"",599.0,599.0,1299.0
300198,0,30008634,73,4.0,0,4.0,"",599.0,599.0,1299.0
300206,0,30008634,130,4.0,0,4.0,"",599.0,599.0,1299.0
300201,0,30008634,238,2.0,0,2.0,"",599.0,599.0,1299.0
300198,0,30008634,245,10.0,0,10.0,"",599.0,599.0,1299.0
300198,0,30008634,1132,4.0,0,4.0,"",599.0,599.0,1299.0
300207,0,30008634,1663,4.0,0,4.0,"",599.0,599.0,1299.0
300201,0,30008634,2551,2.0,0,2.0,"",599.0,599.0,1299.0
300192,0,30008635,1,2.0,0,2.0,"",599.0,599.0,1299.0
300198,0,30008635,3,7.0,0,7.0,"",599.0,599.0,1299.0
300192,0,30008635,6,11.0,0,11.0,"",599.0,599.0,1299.0
300195,0,30008635,9,9.0,0,9.0,"",599.0,599.0,1299.0
300198,0,30008635,73,5.0,0,5.0,"",599.0,599.0,1299.0
300206,0,30008635,130,5.0,0,5.0,"",599.0,599.0,1299.0
300201,0,30008635,238,2.0,0,2.0,"",599.0,599.0,1299.0
300198,0,30008635,245,11.0,0,11.0,"",599.0,599.0,1299.0
300198,0,30008635,1132,5.0,0,5.0,"",599.0,599.0,1299.0
300207,0,30008635,1663,5.0,0,5.0,"",599.0,599.0,1299.0
300201,0,30008635,2551,2.0,0,2.0,"",599.0,599.0,1299.0
300193,0,30008636,1,11.0,0,11.0,"",599.0,599.0,1299.0
300199,0,30008636,3,13.0,0,13.0,"",599.0,599.0,1299.0
300193,0,30008636,6,22.0,0,22.0,"",599.0,599.0,1299.0
300196,0,30008636,9,22.0,0,22.0,"",599.0,599.0,1299.0
300204,0,30008636,14,22.0,0,22.0,"",599.0,599.0,1299.0
300199,0,30008636,73,4.0,0,4.0,"",599.0,599.0,1299.0
300199,0,30008636,245,22.0,0,22.0,"",599.0,599.0,1299.0
300202,0,30008636,2551,4.0,0,4.0,"",599.0,599.0,1299.0
300194,0,30008637,1,12.0,0,12.0,"",599.0,599.0,1299.0
300200,0,30008637,3,5.0,0,5.0,"",599.0,599.0,1299.0
300194,0,30008637,6,22.0,0,22.0,"",599.0,599.0,1299.0
300197,0,30008637,9,22.0,0,22.0,"",599.0,599.0,1299.0
300205,0,30008637,14,11.0,0,11.0,"",599.0,599.0,1299.0
300200,0,30008637,245,28.0,0,28.0,"",599.0,599.0,1299.0
300203,0,30008637,2551,5.0,0,5.0,"",599.0,599.0,1299.0
300194,0,30008638,1,4.0,0,4.0,"",599.0,599.0,1299.0
300200,0,30008638,3,2.0,0,2.0,"",599.0,599.0,1299.0
300194,0,30008638,6,7.0,0,7.0,"",599.0,599.0,1299.0
300197,0,30008638,9,7.0,0,7.0,"",599.0,599.0,1299.0
300205,0,30008638,14,4.0,0,4.0,"",599.0,599.0,1299.0
300200,0,30008638,245,9.0,0,9.0,"",599.0,599.0,1299.0
300203,0,30008638,2551,2.0,0,2.0,"",599.0,599.0,1299.0
300211,0,14084903,1,10.0,0,10.0,"",0,0,299.0
300211,0,14084904,1,10.0,0,10.0,"",0,0,299.0
300211,0,14084905,1,10.0,0,10.0,"",0,0,299.0
300218,0,14084903,1,10.0,0,10.0,"",0,250.0,299.0
300219,0,14084903,3,10.0,0,10.0,"",0,0,299.0
300218,0,14084904,1,10.0,0,10.0,"",0,0,299.0
300219,0,14084904,3,10.0,0,10.0,"",0,0,299.0
300218,0,14084905,1,10.0,0,10.0,"",0,0,299.0
300219,0,14084905,3,10.0,0,10.0,"",0,0,299.0
300217,0,30000000,1,10.0,0,10.0,"",250.0,250.0,499.75
300216,0,59881757,3,10.0,0,10.0,"",709.822,709.822,999.75
300224,0,14091094,1,12.0,0,12.0,"",0,0,399.0
300227,0,14091094,1,12.0,0,12.0,"",0,0,399.0
300230,0,14091094,1,12.0,0,12.0,"",0,0,399.0
300233,0,14091094,1,12.0,0,12.0,"",0,0,399.0
300234,0,14091094,1,12.0,0,12.0,"",0,0,399.0
300235,0,14091094,2,6.0,0,6.0,"",0,0,399.0
300223,0,14091094,3,12.0,0,12.0,"",0,0,399.0
300226,0,14091094,3,12.0,0,12.0,"",0,0,399.0
300229,0,14091094,3,12.0,0,12.0,"",0,0,399.0
300232,0,14091094,3,12.0,0,12.0,"",0,0,399.0
300235,0,14091094,5,10.0,0,10.0,"",0,0,399.0
300221,0,14091094,6,12.0,0,12.0,"",0,0,399.0
300224,0,14091094,6,12.0,0,12.0,"",0,0,399.0
300227,0,14091094,6,12.0,0,12.0,"",0,0,399.0
300230,0,14091094,6,12.0,0,12.0,"",0,0,399.0
300233,0,14091094,6,20.0,0,20.0,"",0,0,399.0
300234,0,14091094,6,20.0,0,20.0,"",0,0,399.0
300222,0,14091094,9,12.0,0,12.0,"",0,0,399.0
300225,0,14091094,9,12.0,0,12.0,"",0,0,399.0
300228,0,14091094,9,12.0,0,12.0,"",0,0,399.0
300231,0,14091094,9,12.0,0,12.0,"",0,0,399.0
300235,0,14091094,9,20.0,0,20.0,"",0,0,399.0
300224,0,14091094,15,12.0,0,12.0,"",0,0,399.0
300227,0,14091094,15,12.0,0,12.0,"",0,0,399.0
300230,0,14091094,15,12.0,0,12.0,"",0,0,399.0
300233,0,14091094,15,15.0,0,15.0,"",0,0,399.0
300234,0,14091094,15,15.0,0,15.0,"",0,0,399.0
300235,0,14091094,46,6.0,0,6.0,"",0,0,399.0
300225,0,14091094,228,12.0,0,12.0,"",0,0,399.0
300228,0,14091094,228,12.0,0,12.0,"",0,0,399.0
300231,0,14091094,228,12.0,0,12.0,"",0,0,399.0
300235,0,14091094,228,10.0,0,10.0,"",0,0,399.0
300226,0,14091094,245,12.0,0,12.0,"",0,0,399.0
300229,0,14091094,245,12.0,0,12.0,"",0,0,399.0
300232,0,14091094,245,12.0,0,12.0,"",0,0,399.0
300235,0,14091094,276,10.0,0,10.0,"",0,0,399.0
300233,0,14091094,277,10.0,0,10.0,"",0,0,399.0
300234,0,14091094,277,10.0,0,10.0,"",0,0,399.0
300233,0,14091094,448,6.0,0,6.0,"",0,0,399.0
300234,0,14091094,448,6.0,0,6.0,"",0,0,399.0
300233,0,14091094,855,6.0,0,6.0,"",0,0,399.0
300234,0,14091094,855,6.0,0,6.0,"",0,0,399.0
300233,0,14091094,1268,9.0,0,9.0,"",0,0,399.0
300234,0,14091094,1268,9.0,0,9.0,"",0,0,399.0
300235,0,14091094,1875,9.0,0,9.0,"",0,0,399.0
300233,0,14091094,1896,6.0,0,6.0,"",0,0,399.0
300234,0,14091094,1896,6.0,0,6.0,"",0,0,399.0
300235,0,14091094,3574,15.0,0,15.0,"",0,0,399.0
300224,0,14091095,1,12.0,0,12.0,"",0,0,399.0
300227,0,14091095,1,12.0,0,12.0,"",0,0,399.0
300230,0,14091095,1,12.0,0,12.0,"",0,0,399.0
300233,0,14091095,1,12.0,0,12.0,"",0,0,399.0
300234,0,14091095,1,12.0,0,12.0,"",0,0,399.0
300235,0,14091095,2,6.0,0,6.0,"",0,0,399.0
300223,0,14091095,3,12.0,0,12.0,"",0,0,399.0
300226,0,14091095,3,12.0,0,12.0,"",0,0,399.0
300229,0,14091095,3,12.0,0,12.0,"",0,0,399.0
300232,0,14091095,3,12.0,0,12.0,"",0,0,399.0
300235,0,14091095,5,10.0,0,10.0,"",0,0,399.0
300221,0,14091095,6,12.0,0,12.0,"",0,0,399.0
300224,0,14091095,6,12.0,0,12.0,"",0,0,399.0
300227,0,14091095,6,12.0,0,12.0,"",0,0,399.0
300230,0,14091095,6,12.0,0,12.0,"",0,0,399.0
300233,0,14091095,6,20.0,0,20.0,"",0,0,399.0
300234,0,14091095,6,20.0,0,20.0,"",0,0,399.0
300222,0,14091095,9,12.0,0,12.0,"",0,0,399.0
300225,0,14091095,9,12.0,0,12.0,"",0,0,399.0
300228,0,14091095,9,12.0,0,12.0,"",0,0,399.0
300231,0,14091095,9,12.0,0,12.0,"",0,0,399.0
300235,0,14091095,9,20.0,0,20.0,"",0,0,399.0
300224,0,14091095,15,12.0,0,12.0,"",0,0,399.0
300227,0,14091095,15,12.0,0,12.0,"",0,0,399.0
300230,0,14091095,15,12.0,0,12.0,"",0,0,399.0
300233,0,14091095,15,15.0,0,15.0,"",0,0,399.0
300234,0,14091095,15,15.0,0,15.0,"",0,0,399.0
300235,0,14091095,46,6.0,0,6.0,"",0,0,399.0
300225,0,14091095,228,12.0,0,12.0,"",0,0,399.0
300228,0,14091095,228,12.0,0,12.0,"",0,0,399.0
300231,0,14091095,228,12.0,0,12.0,"",0,0,399.0
300235,0,14091095,228,10.0,0,10.0,"",0,0,399.0
300226,0,14091095,245,12.0,0,12.0,"",0,0,399.0
300229,0,14091095,245,12.0,0,12.0,"",0,0,399.0
300232,0,14091095,245,12.0,0,12.0,"",0,0,399.0
300235,0,14091095,276,10.0,0,10.0,"",0,0,399.0
300233,0,14091095,277,10.0,0,10.0,"",0,0,399.0
300234,0,14091095,277,10.0,0,10.0,"",0,0,399.0
300233,0,14091095,448,6.0,0,6.0,"",0,0,399.0
300234,0,14091095,448,6.0,0,6.0,"",0,0,399.0
300233,0,14091095,855,6.0,0,6.0,"",0,0,399.0
300234,0,14091095,855,6.0,0,6.0,"",0,0,399.0
300233,0,14091095,1268,9.0,0,9.0,"",0,0,399.0
300234,0,14091095,1268,9.0,0,9.0,"",0,0,399.0
300235,0,14091095,1875,9.0,0,9.0,"",0,0,399.0
300233,0,14091095,1896,6.0,0,6.0,"",0,0,399.0
300234,0,14091095,1896,6.0,0,6.0,"",0,0,399.0
300235,0,14091095,3574,15.0,0,15.0,"",0,0,399.0
300224,0,14091096,1,12.0,0,12.0,"",0,0,399.0
300227,0,14091096,1,12.0,0,12.0,"",0,0,399.0
300230,0,14091096,1,12.0,0,12.0,"",0,0,399.0
300233,0,14091096,1,12.0,0,12.0,"",0,0,399.0
300234,0,14091096,1,12.0,0,12.0,"",0,0,399.0
300235,0,14091096,2,6.0,0,6.0,"",0,0,399.0
300223,0,14091096,3,12.0,0,12.0,"",0,0,399.0
300226,0,14091096,3,12.0,0,12.0,"",0,0,399.0
300229,0,14091096,3,12.0,0,12.0,"",0,0,399.0
300232,0,14091096,3,12.0,0,12.0,"",0,0,399.0
300235,0,14091096,5,10.0,0,10.0,"",0,0,399.0
300221,0,14091096,6,12.0,0,12.0,"",0,0,399.0
300224,0,14091096,6,12.0,0,12.0,"",0,0,399.0
300227,0,14091096,6,12.0,0,12.0,"",0,0,399.0
300230,0,14091096,6,12.0,0,12.0,"",0,0,399.0
300233,0,14091096,6,20.0,0,20.0,"",0,0,399.0
300234,0,14091096,6,20.0,0,20.0,"",0,0,399.0
300222,0,14091096,9,12.0,0,12.0,"",0,0,399.0
300225,0,14091096,9,12.0,0,12.0,"",0,0,399.0
300228,0,14091096,9,12.0,0,12.0,"",0,0,399.0
300231,0,14091096,9,12.0,0,12.0,"",0,0,399.0
300235,0,14091096,9,20.0,0,20.0,"",0,0,399.0
300224,0,14091096,15,12.0,0,12.0,"",0,0,399.0
300227,0,14091096,15,12.0,0,12.0,"",0,0,399.0
300230,0,14091096,15,12.0,0,12.0,"",0,0,399.0
300233,0,14091096,15,15.0,0,15.0,"",0,0,399.0
300234,0,14091096,15,15.0,0,15.0,"",0,0,399.0
300235,0,14091096,46,6.0,0,6.0,"",0,0,399.0
300225,0,14091096,228,12.0,0,12.0,"",0,0,399.0
300228,0,14091096,228,12.0,0,12.0,"",0,0,399.0
300231,0,14091096,228,12.0,0,12.0,"",0,0,399.0
300235,0,14091096,228,10.0,0,10.0,"",0,0,399.0
300226,0,14091096,245,12.0,0,12.0,"",0,0,399.0
300229,0,14091096,245,12.0,0,12.0,"",0,0,399.0
300232,0,14091096,245,12.0,0,12.0,"",0,0,399.0
300235,0,14091096,276,10.0,0,10.0,"",0,0,399.0
300233,0,14091096,277,10.0,0,10.0,"",0,0,399.0
300234,0,14091096,277,10.0,0,10.0,"",0,0,399.0
300233,0,14091096,448,6.0,0,6.0,"",0,0,399.0
300234,0,14091096,448,6.0,0,6.0,"",0,0,399.0
300233,0,14091096,855,6.0,0,6.0,"",0,0,399.0
300234,0,14091096,855,6.0,0,6.0,"",0,0,399.0
300233,0,14091096,1268,9.0,0,9.0,"",0,0,399.0
300234,0,14091096,1268,9.0,0,9.0,"",0,0,399.0
300235,0,14091096,1875,9.0,0,9.0,"",0,0,399.0
300233,0,14091096,1896,6.0,0,6.0,"",0,0,399.0
300234,0,14091096,1896,6.0,0,6.0,"",0,0,399.0
300235,0,14091096,3574,15.0,0,15.0,"",0,0,399.0
300236,0,30002020,1,12.0,0,12.0,"",220.0,220.0,399.0
300284,0,30002020,1,12.0,0,12.0,"",220.0,220.0,399.0
300260,0,30002020,2,6.0,0,6.0,"",220.0,220.0,399.0
300263,0,30002020,5,10.0,0,10.0,"",220.0,220.0,399.0
300239,0,30002020,6,20.0,0,20.0,"",220.0,220.0,399.0
300287,0,30002020,6,20.0,0,20.0,"",220.0,220.0,399.0
300266,0,30002020,9,20.0,0,20.0,"",220.0,220.0,399.0
300290,0,30002020,9,20.0,0,20.0,"",220.0,220.0,399.0
300242,0,30002020,15,15.0,0,15.0,"",220.0,220.0,399.0
300269,0,30002020,46,6.0,0,6.0,"",220.0,220.0,399.0
300272,0,30002020,228,10.0,0,10.0,"",220.0,220.0,399.0
300293,0,30002020,228,10.0,0,10.0,"",220.0,220.0,399.0
300275,0,30002020,276,10.0,0,10.0,"",220.0,220.0,399.0
300245,0,30002020,277,10.0,0,10.0,"",220.0,220.0,399.0
300248,0,30002020,448,6.0,0,6.0,"",220.0,220.0,399.0
300251,0,30002020,855,6.0,0,6.0,"",220.0,220.0,399.0
300254,0,30002020,1268,9.0,0,9.0,"",220.0,220.0,399.0
300278,0,30002020,1875,9.0,0,9.0,"",220.0,220.0,399.0
300257,0,30002020,1896,6.0,0,6.0,"",220.0,220.0,399.0
300281,0,30002020,3574,15.0,0,15.0,"",220.0,220.0,399.0
300237,0,30002021,1,12.0,0,12.0,"",220.0,220.0,399.0
300285,0,30002021,1,12.0,0,12.0,"",220.0,220.0,399.0
300261,0,30002021,2,6.0,0,6.0,"",220.0,220.0,399.0
300264,0,30002021,5,10.0,0,10.0,"",220.0,220.0,399.0
300240,0,30002021,6,20.0,0,20.0,"",220.0,220.0,399.0
300288,0,30002021,6,20.0,0,20.0,"",220.0,220.0,399.0
300267,0,30002021,9,20.0,0,20.0,"",220.0,220.0,399.0
300291,0,30002021,9,20.0,0,20.0,"",220.0,220.0,399.0
300243,0,30002021,15,15.0,0,15.0,"",220.0,220.0,399.0
300270,0,30002021,46,6.0,0,6.0,"",220.0,220.0,399.0
300273,0,30002021,228,10.0,0,10.0,"",220.0,220.0,399.0
300294,0,30002021,228,10.0,0,10.0,"",220.0,220.0,399.0
300276,0,30002021,276,10.0,0,10.0,"",220.0,220.0,399.0
300246,0,30002021,277,10.0,0,10.0,"",220.0,220.0,399.0
300249,0,30002021,448,6.0,0,6.0,"",220.0,220.0,399.0
300252,0,30002021,855,6.0,0,6.0,"",220.0,220.0,399.0
300255,0,30002021,1268,9.0,0,9.0,"",220.0,220.0,399.0
300279,0,30002021,1875,9.0,0,9.0,"",220.0,220.0,399.0
300258,0,30002021,1896,6.0,0,6.0,"",220.0,220.0,399.0
300282,0,30002021,3574,15.0,0,15.0,"",220.0,220.0,399.0
300238,0,30002022,1,12.0,0,12.0,"",220.0,220.0,399.0
300286,0,30002022,1,12.0,0,12.0,"",220.0,220.0,399.0
300262,0,30002022,2,6.0,0,6.0,"",220.0,220.0,399.0
300265,0,30002022,5,10.0,0,10.0,"",220.0,220.0,399.0
300241,0,30002022,6,20.0,0,20.0,"",220.0,220.0,399.0
300289,0,30002022,6,20.0,0,20.0,"",220.0,220.0,399.0
300268,0,30002022,9,20.0,0,20.0,"",220.0,220.0,399.0
300292,0,30002022,9,20.0,0,20.0,"",220.0,220.0,399.0
300244,0,30002022,15,15.0,0,15.0,"",220.0,220.0,399.0
300271,0,30002022,46,6.0,0,6.0,"",220.0,220.0,399.0
300274,0,30002022,228,10.0,0,10.0,"",220.0,220.0,399.0
300295,0,30002022,228,10.0,0,10.0,"",220.0,220.0,399.0
300277,0,30002022,276,10.0,0,10.0,"",220.0,220.0,399.0
300247,0,30002022,277,10.0,0,10.0,"",220.0,220.0,399.0
300250,0,30002022,448,6.0,0,6.0,"",220.0,220.0,399.0
300253,0,30002022,855,6.0,0,6.0,"",220.0,220.0,399.0
300256,0,30002022,1268,9.0,0,9.0,"",220.0,220.0,399.0
300280,0,30002022,1875,9.0,0,9.0,"",220.0,220.0,399.0
300259,0,30002022,1896,6.0,0,6.0,"",220.0,220.0,399.0
300283,0,30002022,3574,15.0,0,15.0,"",220.0,220.0,399.0
300322,0,30002177,3,5.0,0,5.0,"",200.0,200.0,399.0
300334,0,30002177,3,5.0,0,5.0,"",200.0,200.0,399.0
300340,0,30002177,3,5.0,0,5.0,"",200.0,200.0,399.0
300343,0,30002177,3,5.0,0,5.0,"",200.0,200.0,399.0
300348,0,30002177,3,5.0,0,5.0,"",200.0,200.0,399.0
300318,0,30002177,6,20.0,0,20.0,"",200.0,200.0,399.0
300330,0,30002177,6,20.0,0,20.0,"",200.0,200.0,399.0
300339,0,30002177,6,20.0,0,20.0,"",200.0,200.0,399.0
300342,0,30002177,6,20.0,0,20.0,"",200.0,200.0,399.0
300347,0,30002177,6,20.0,0,20.0,"",200.0,200.0,399.0
300323,0,30002178,3,5.0,0,5.0,"",200.0,200.0,399.0
300335,0,30002178,3,5.0,0,5.0,"",200.0,200.0,399.0
300340,0,30002178,3,5.0,0,5.0,"",200.0,200.0,399.0
300343,0,30002178,3,5.0,0,5.0,"",200.0,200.0,399.0
300348,0,30002178,3,5.0,0,5.0,"",200.0,200.0,399.0
300319,0,30002178,6,20.0,0,20.0,"",200.0,200.0,399.0
300331,0,30002178,6,20.0,0,20.0,"",200.0,200.0,399.0
300339,0,30002178,6,20.0,0,20.0,"",200.0,200.0,399.0
300342,0,30002178,6,20.0,0,20.0,"",200.0,200.0,399.0
300347,0,30002178,6,20.0,0,20.0,"",200.0,200.0,399.0
300324,0,30002179,3,5.0,0,5.0,"",200.0,200.0,399.0
300336,0,30002179,3,5.0,0,5.0,"",200.0,200.0,399.0
300340,0,30002179,3,5.0,0,5.0,"",200.0,200.0,399.0
300343,0,30002179,3,5.0,0,5.0,"",200.0,200.0,399.0
300348,0,30002179,3,5.0,0,5.0,"",200.0,200.0,399.0
300320,0,30002179,6,20.0,0,20.0,"",200.0,200.0,399.0
300332,0,30002179,6,20.0,0,20.0,"",200.0,200.0,399.0
300339,0,30002179,6,20.0,0,20.0,"",200.0,200.0,399.0
300342,0,30002179,6,20.0,0,20.0,"",200.0,200.0,399.0
300347,0,30002179,6,20.0,0,20.0,"",200.0,200.0,399.0
300325,0,30002180,3,5.0,0,5.0,"",200.0,200.0,399.0
300337,0,30002180,3,5.0,0,5.0,"",200.0,200.0,399.0
300340,0,30002180,3,5.0,0,5.0,"",200.0,200.0,399.0
300343,0,30002180,3,5.0,0,5.0,"",200.0,200.0,399.0
300348,0,30002180,3,5.0,0,5.0,"",200.0,200.0,399.0
300321,0,30002180,6,20.0,0,20.0,"",200.0,200.0,399.0
300333,0,30002180,6,20.0,0,20.0,"",200.0,200.0,399.0
300339,0,30002180,6,20.0,0,20.0,"",200.0,200.0,399.0
300342,0,30002180,6,20.0,0,20.0,"",200.0,200.0,399.0
300347,0,30002180,6,20.0,0,20.0,"",200.0,200.0,399.0
300308,0,30002229,3,8.0,0,8.0,"",110.0,110.0,199.0
300302,0,30002229,6,10.0,0,10.0,"",110.0,110.0,199.0
300309,0,30002230,3,8.0,0,8.0,"",110.0,110.0,199.0
300303,0,30002230,6,10.0,0,10.0,"",110.0,110.0,199.0
300310,0,30002231,3,8.0,0,8.0,"",110.0,110.0,199.0
300304,0,30002231,6,10.0,0,10.0,"",110.0,110.0,199.0
300311,0,30002232,3,8.0,0,8.0,"",110.0,110.0,199.0
300305,0,30002232,6,10.0,0,10.0,"",110.0,110.0,199.0
300312,0,30002233,3,8.0,0,8.0,"",110.0,110.0,199.0
300306,0,30002233,6,10.0,0,10.0,"",110.0,110.0,199.0
300313,0,30002234,3,8.0,0,8.0,"",110.0,110.0,199.0
300307,0,30002234,6,10.0,0,10.0,"",110.0,110.0,199.0
300357,0,30000094,1,5.0,0,5.0,"",110.0,110.0,189.87
300359,0,30000094,2,6.0,0,6.0,"",110.0,110.0,189.87
300359,0,30000094,5,12.0,0,12.0,"",110.0,110.0,189.87
300357,0,30000094,6,10.0,0,10.0,"",110.0,110.0,189.87
300359,0,30000094,9,18.0,0,18.0,"",110.0,110.0,189.87
300357,0,30000094,15,20.0,0,20.0,"",110.0,110.0,189.87
300363,0,30001073,1,5.0,0,5.0,"",225.0,225.0,399.0
300364,0,30001073,2,5.0,0,5.0,"",225.0,225.0,399.0
300364,0,30001073,5,10.0,0,10.0,"",225.0,225.0,399.0
300363,0,30001073,6,10.0,0,10.0,"",225.0,225.0,399.0
300363,0,30001074,1,5.0,0,5.0,"",225.0,225.0,399.0
300364,0,30001074,2,5.0,0,5.0,"",225.0,225.0,399.0
300364,0,30001074,5,10.0,0,10.0,"",225.0,225.0,399.0
300363,0,30001074,6,10.0,0,10.0,"",225.0,225.0,399.0
300363,0,30001075,1,5.0,0,5.0,"",225.0,225.0,399.0
300364,0,30001075,2,5.0,0,5.0,"",225.0,225.0,399.0
300364,0,30001075,5,10.0,0,10.0,"",225.0,225.0,399.0
300363,0,30001075,6,10.0,0,10.0,"",225.0,225.0,399.0
300361,0,30001750,1,5.0,0,5.0,"",175.0,175.0,299.75
300362,0,30001750,2,5.0,0,5.0,"",175.0,175.0,299.75
300362,0,30001750,5,10.0,0,10.0,"",175.0,175.0,299.75
300361,0,30001750,6,10.0,0,10.0,"",175.0,175.0,299.75
300361,0,30001751,1,5.0,0,5.0,"",175.0,175.0,299.75
300362,0,30001751,2,5.0,0,5.0,"",175.0,175.0,299.75
300362,0,30001751,5,10.0,0,10.0,"",175.0,175.0,299.75
300361,0,30001751,6,10.0,0,10.0,"",175.0,175.0,299.75
300361,0,30001752,1,5.0,0,5.0,"",175.0,175.0,299.75
300362,0,30001752,2,5.0,0,5.0,"",175.0,175.0,299.75
300362,0,30001752,5,10.0,0,10.0,"",175.0,175.0,299.75
300361,0,30001752,6,10.0,0,10.0,"",175.0,175.0,299.75
300365,0,30001759,1,5.0,0,5.0,"",175.0,175.0,299.75
300366,0,30001759,2,5.0,0,5.0,"",175.0,175.0,299.75
300366,0,30001759,5,10.0,0,10.0,"",175.0,175.0,299.75
300365,0,30001759,6,10.0,0,10.0,"",175.0,175.0,299.75
300365,0,30001760,1,5.0,0,5.0,"",175.0,175.0,299.75
300366,0,30001760,2,5.0,0,5.0,"",175.0,175.0,299.75
300366,0,30001760,5,10.0,0,10.0,"",175.0,175.0,299.75
300365,0,30001760,6,10.0,0,10.0,"",175.0,175.0,299.75
300365,0,30001761,1,5.0,0,5.0,"",175.0,175.0,299.75
300366,0,30001761,2,5.0,0,5.0,"",175.0,175.0,299.75
300366,0,30001761,5,10.0,0,10.0,"",175.0,175.0,299.75
300365,0,30001761,6,10.0,0,10.0,"",175.0,175.0,299.75
300349,0,30002177,1,5.0,0,5.0,"",200.0,200.0,399.0
300350,0,30002177,2,6.0,0,6.0,"",200.0,200.0,399.0
300350,0,30002177,5,12.0,0,12.0,"",200.0,200.0,399.0
300349,0,30002177,6,10.0,0,10.0,"",200.0,200.0,399.0
300350,0,30002177,9,18.0,0,18.0,"",200.0,200.0,399.0
300349,0,30002177,15,20.0,0,20.0,"",200.0,200.0,399.0
300356,0,30002177,15,20.0,0,20.0,"",200.0,200.0,399.0
300356,0,30002177,855,20.0,0,20.0,"",200.0,200.0,399.0
300349,0,30002178,1,5.0,0,5.0,"",200.0,200.0,399.0
300350,0,30002178,2,6.0,0,6.0,"",200.0,200.0,399.0
300350,0,30002178,5,12.0,0,12.0,"",200.0,200.0,399.0
300349,0,30002178,6,10.0,0,10.0,"",200.0,200.0,399.0
300350,0,30002178,9,18.0,0,18.0,"",200.0,200.0,399.0
300349,0,30002178,15,20.0,0,20.0,"",200.0,200.0,399.0
300356,0,30002178,15,20.0,0,20.0,"",200.0,200.0,399.0
300356,0,30002178,855,20.0,0,20.0,"",200.0,200.0,399.0
300349,0,30002179,1,5.0,0,5.0,"",200.0,200.0,399.0
300350,0,30002179,2,6.0,0,6.0,"",200.0,200.0,399.0
300350,0,30002179,5,12.0,0,12.0,"",200.0,200.0,399.0
300349,0,30002179,6,10.0,0,10.0,"",200.0,200.0,399.0
300350,0,30002179,9,18.0,0,18.0,"",200.0,200.0,399.0
300349,0,30002179,15,20.0,0,20.0,"",200.0,200.0,399.0
300356,0,30002179,15,20.0,0,20.0,"",200.0,200.0,399.0
300356,0,30002179,855,20.0,0,20.0,"",200.0,200.0,399.0
300349,0,30002180,1,5.0,0,5.0,"",200.0,200.0,399.0
300350,0,30002180,2,6.0,0,6.0,"",200.0,200.0,399.0
300350,0,30002180,5,12.0,0,12.0,"",200.0,200.0,399.0
300349,0,30002180,6,10.0,0,10.0,"",200.0,200.0,399.0
300350,0,30002180,9,18.0,0,18.0,"",200.0,200.0,399.0
300349,0,30002180,15,20.0,0,20.0,"",200.0,200.0,399.0
300356,0,30002180,15,20.0,0,20.0,"",200.0,200.0,399.0
300356,0,30002180,855,20.0,0,20.0,"",200.0,200.0,399.0
300358,0,30003708,1,5.0,0,5.0,"",210.0,210.0,349.75
300360,0,30003708,2,6.0,0,6.0,"",210.0,210.0,349.75
300360,0,30003708,5,12.0,0,12.0,"",210.0,210.0,349.75
300358,0,30003708,6,10.0,0,10.0,"",210.0,210.0,349.75
300360,0,30003708,9,18.0,0,18.0,"",210.0,210.0,349.75
300358,0,30003708,15,20.0,0,20.0,"",210.0,210.0,349.75
300358,0,30003709,1,5.0,0,5.0,"",210.0,210.0,349.75
300360,0,30003709,2,6.0,0,6.0,"",210.0,210.0,349.75
300360,0,30003709,5,12.0,0,12.0,"",210.0,210.0,349.75
300358,0,30003709,6,10.0,0,10.0,"",210.0,210.0,349.75
300360,0,30003709,9,18.0,0,18.0,"",210.0,210.0,349.75
300358,0,30003709,15,20.0,0,20.0,"",210.0,210.0,349.75
300358,0,30003710,1,5.0,0,5.0,"",210.0,210.0,349.75
300360,0,30003710,2,6.0,0,6.0,"",210.0,210.0,349.75
300360,0,30003710,5,12.0,0,12.0,"",210.0,210.0,349.75
300358,0,30003710,6,10.0,0,10.0,"",210.0,210.0,349.75
300360,0,30003710,9,18.0,0,18.0,"",210.0,210.0,349.75
300358,0,30003710,15,20.0,0,20.0,"",210.0,210.0,349.75
300358,0,30003711,1,5.0,0,5.0,"",210.0,210.0,349.75
300360,0,30003711,2,6.0,0,6.0,"",210.0,210.0,349.75
300360,0,30003711,5,12.0,0,12.0,"",210.0,210.0,349.75
300358,0,30003711,6,10.0,0,10.0,"",210.0,210.0,349.75
300360,0,30003711,9,18.0,0,18.0,"",210.0,210.0,349.75
300358,0,30003711,15,20.0,0,20.0,"",210.0,210.0,349.75
300367,0,30003398,6,5.0,0,5.0,"",351.0,351.0,699.0
300369,0,30003398,9,10.0,0,10.0,"",351.0,351.0,699.0
300367,0,30003399,6,5.0,0,5.0,"",351.0,351.0,699.0
300369,0,30003399,9,10.0,0,10.0,"",351.0,351.0,699.0
300367,0,30003400,6,5.0,0,5.0,"",351.0,351.0,699.0
300369,0,30003400,9,10.0,0,10.0,"",351.0,351.0,699.0
300367,0,30003401,6,5.0,0,5.0,"",351.0,351.0,699.0
300369,0,30003401,9,10.0,0,10.0,"",351.0,351.0,699.0
300367,0,30003402,6,5.0,0,5.0,"",351.0,351.0,699.0
300369,0,30003402,9,10.0,0,10.0,"",351.0,351.0,699.0
300368,0,30003420,6,5.0,0,5.0,"",279.0,279.0,499.0
300370,0,30003420,9,10.0,0,10.0,"",279.0,279.0,499.0
300368,0,30003421,6,5.0,0,5.0,"",279.0,279.0,499.0
300370,0,30003421,9,10.0,0,10.0,"",279.0,279.0,499.0
300368,0,30003422,6,5.0,0,5.0,"",279.0,279.0,499.0
300370,0,30003422,9,10.0,0,10.0,"",279.0,279.0,499.0
300380,0,30000000,9,50.0,0,50.0,"Y",250.0,250.0,499.75
300379,0,30000000,65,50.0,0,50.0,"Y",250.0,250.0,499.75
300375,0,30000002,32,5.0,0,5.0,"",560.0,560.0,1199.0
300371,0,30000002,46,5.0,0,5.0,"",560.0,560.0,1199.0
300377,0,30000002,95,5.0,0,5.0,"",560.0,560.0,1199.0
300373,0,30000002,156,5.0,0,5.0,"",560.0,560.0,1199.0
300375,0,30000003,32,4.0,0,4.0,"",560.0,560.0,1199.0
300371,0,30000003,46,4.0,0,4.0,"",560.0,560.0,1199.0
300377,0,30000003,95,4.0,0,4.0,"",560.0,560.0,1199.0
300373,0,30000003,156,4.0,0,4.0,"",560.0,560.0,1199.0
300375,0,30000004,32,6.0,0,6.0,"",560.0,560.0,1199.0
300371,0,30000004,46,6.0,0,6.0,"",560.0,560.0,1199.0
300377,0,30000004,95,6.0,0,6.0,"",560.0,560.0,1199.0
300373,0,30000004,156,6.0,0,6.0,"",560.0,560.0,1199.0
300375,0,30000005,32,6.0,0,6.0,"",560.0,560.0,1199.0
300371,0,30000005,46,6.0,0,6.0,"",560.0,560.0,1199.0
300377,0,30000005,95,6.0,0,6.0,"",560.0,560.0,1199.0
300373,0,30000005,156,6.0,0,6.0,"",560.0,560.0,1199.0
300375,0,30000006,32,4.0,0,4.0,"",560.0,560.0,1199.0
300371,0,30000006,46,4.0,0,4.0,"",560.0,560.0,1199.0
300377,0,30000006,95,4.0,0,4.0,"",560.0,560.0,1199.0
300373,0,30000006,156,4.0,0,4.0,"",560.0,560.0,1199.0
300375,0,30000007,32,5.0,0,5.0,"",560.0,560.0,1199.0
300371,0,30000007,46,5.0,0,5.0,"",560.0,560.0,1199.0
300377,0,30000007,95,5.0,0,5.0,"",560.0,560.0,1199.0
300373,0,30000007,156,5.0,0,5.0,"",560.0,560.0,1199.0
300375,0,30000008,32,4.0,0,4.0,"",560.0,560.0,1199.0
300371,0,30000008,46,4.0,0,4.0,"",560.0,560.0,1199.0
300377,0,30000008,95,4.0,0,4.0,"",560.0,560.0,1199.0
300373,0,30000008,156,4.0,0,4.0,"",560.0,560.0,1199.0
300375,0,30000009,32,6.0,0,6.0,"",560.0,560.0,1199.0
300371,0,30000009,46,6.0,0,6.0,"",560.0,560.0,1199.0
300377,0,30000009,95,6.0,0,6.0,"",560.0,560.0,1199.0
300373,0,30000009,156,6.0,0,6.0,"",560.0,560.0,1199.0
300375,0,30000010,32,6.0,0,6.0,"",560.0,560.0,1199.0
300371,0,30000010,46,6.0,0,6.0,"",560.0,560.0,1199.0
300377,0,30000010,95,6.0,0,6.0,"",560.0,560.0,1199.0
300373,0,30000010,156,6.0,0,6.0,"",560.0,560.0,1199.0
300375,0,30000011,32,4.0,0,4.0,"",560.0,560.0,1199.0
300371,0,30000011,46,4.0,0,4.0,"",560.0,560.0,1199.0
300377,0,30000011,95,4.0,0,4.0,"",560.0,560.0,1199.0
300373,0,30000011,156,4.0,0,4.0,"",560.0,560.0,1199.0
300372,0,30000046,1,13.0,0,13.0,"",230.0,230.0,399.0
300374,0,30000046,15,13.0,0,13.0,"",230.0,230.0,399.0
300376,0,30000046,142,13.0,0,13.0,"",230.0,230.0,399.0
300378,0,30000046,1090,13.0,0,13.0,"",230.0,230.0,399.0
300372,0,30000047,1,13.0,0,13.0,"",230.0,230.0,399.0
300374,0,30000047,15,13.0,0,13.0,"",230.0,230.0,399.0
300376,0,30000047,142,13.0,0,13.0,"",230.0,230.0,399.0
300378,0,30000047,1090,13.0,0,13.0,"",230.0,230.0,399.0
300372,0,30000048,1,13.0,0,13.0,"",230.0,230.0,399.0
300374,0,30000048,15,13.0,0,13.0,"",230.0,230.0,399.0
300376,0,30000048,142,13.0,0,13.0,"",230.0,230.0,399.0
300378,0,30000048,1090,13.0,0,13.0,"",230.0,230.0,399.0
300372,0,30000049,1,13.0,0,13.0,"",230.0,230.0,399.0
300374,0,30000049,15,13.0,0,13.0,"",230.0,230.0,399.0
300376,0,30000049,142,13.0,0,13.0,"",230.0,230.0,399.0
300378,0,30000049,1090,13.0,0,13.0,"",230.0,230.0,399.0
300394,0,14091740,9,500.0,0,500.0,"",170.0,170.0,399.0
300394,0,14091741,9,500.0,0,500.0,"",170.0,170.0,399.0
300394,0,14091742,9,500.0,0,500.0,"",170.0,170.0,399.0
300395,0,14091753,9,700.0,0,700.0,"",170.0,170.0,399.0
300395,0,14091754,9,700.0,0,700.0,"",170.0,170.0,399.0
300395,0,14091755,9,700.0,0,700.0,"",170.0,170.0,399.0
300381,0,30001073,1,16.0,0,16.0,"",225.0,225.0,399.0
300382,0,30001073,2,4.0,0,4.0,"",225.0,225.0,399.0
300383,0,30001073,3,20.0,0,20.0,"",225.0,225.0,399.0
300382,0,30001073,5,8.0,0,8.0,"",225.0,225.0,399.0
300381,0,30001073,6,30.0,0,30.0,"",225.0,225.0,399.0
300382,0,30001073,9,30.0,0,30.0,"",225.0,225.0,399.0
300390,0,30001073,9,300.0,0,300.0,"",225.0,225.0,399.0
300386,0,30001073,14,12.0,0,12.0,"",225.0,225.0,399.0
300381,0,30001073,15,12.0,0,12.0,"",225.0,225.0,399.0
300388,0,30001073,32,20.0,0,20.0,"",225.0,225.0,399.0
300382,0,30001073,46,8.0,0,8.0,"",225.0,225.0,399.0
300388,0,30001073,50,12.0,0,12.0,"",225.0,225.0,399.0
300383,0,30001073,65,6.0,0,6.0,"",225.0,225.0,399.0
300383,0,30001073,73,10.0,0,10.0,"",225.0,225.0,399.0
300385,0,30001073,94,20.0,0,20.0,"",225.0,225.0,399.0
300389,0,30001073,95,20.0,0,20.0,"",225.0,225.0,399.0
300389,0,30001073,120,6.0,0,6.0,"",225.0,225.0,399.0
300387,0,30001073,130,8.0,0,8.0,"",225.0,225.0,399.0
300385,0,30001073,134,8.0,0,8.0,"",225.0,225.0,399.0
300384,0,30001073,138,12.0,0,12.0,"",225.0,225.0,399.0
300388,0,30001073,142,12.0,0,12.0,"",225.0,225.0,399.0
300386,0,30001073,145,12.0,0,12.0,"",225.0,225.0,399.0
300387,0,30001073,148,8.0,0,8.0,"",225.0,225.0,399.0
300388,0,30001073,149,4.0,0,4.0,"",225.0,225.0,399.0
300383,0,30001073,156,8.0,0,8.0,"",225.0,225.0,399.0
300382,0,30001073,228,10.0,0,10.0,"",225.0,225.0,399.0
300385,0,30001073,238,20.0,0,20.0,"",225.0,225.0,399.0
300386,0,30001073,241,16.0,0,16.0,"",225.0,225.0,399.0
300383,0,30001073,245,20.0,0,20.0,"",225.0,225.0,399.0
300387,0,30001073,270,20.0,0,20.0,"",225.0,225.0,399.0
300384,0,30001073,274,10.0,0,10.0,"",225.0,225.0,399.0
300386,0,30001073,275,10.0,0,10.0,"",225.0,225.0,399.0
300382,0,30001073,276,8.0,0,8.0,"",225.0,225.0,399.0
300381,0,30001073,277,8.0,0,8.0,"",225.0,225.0,399.0
300385,0,30001073,351,4.0,0,4.0,"",225.0,225.0,399.0
300388,0,30001073,352,6.0,0,6.0,"",225.0,225.0,399.0
300385,0,30001073,353,4.0,0,4.0,"",225.0,225.0,399.0
300386,0,30001073,432,4.0,0,4.0,"",225.0,225.0,399.0
300386,0,30001073,440,8.0,0,8.0,"",225.0,225.0,399.0
300385,0,30001073,445,10.0,0,10.0,"",225.0,225.0,399.0
300381,0,30001073,448,4.0,0,4.0,"",225.0,225.0,399.0
300387,0,30001073,452,10.0,0,10.0,"",225.0,225.0,399.0
300384,0,30001073,457,6.0,0,6.0,"",225.0,225.0,399.0
300381,0,30001073,855,8.0,0,8.0,"",225.0,225.0,399.0
300389,0,30001073,1063,16.0,0,16.0,"",225.0,225.0,399.0
300389,0,30001073,1090,8.0,0,8.0,"",225.0,225.0,399.0
300383,0,30001073,1132,6.0,0,6.0,"",225.0,225.0,399.0
300383,0,30001073,1204,6.0,0,6.0,"",225.0,225.0,399.0
300384,0,30001073,1267,10.0,0,10.0,"",225.0,225.0,399.0
300381,0,30001073,1268,6.0,0,6.0,"",225.0,225.0,399.0
300384,0,30001073,1296,16.0,0,16.0,"",225.0,225.0,399.0
300384,0,30001073,1425,4.0,0,4.0,"",225.0,225.0,399.0
300388,0,30001073,1663,8.0,0,8.0,"",225.0,225.0,399.0
300381,0,30001073,1800,4.0,0,4.0,"",225.0,225.0,399.0
300382,0,30001073,1875,8.0,0,8.0,"",225.0,225.0,399.0
300386,0,30001073,1887,8.0,0,8.0,"",225.0,225.0,399.0
300386,0,30001073,1888,8.0,0,8.0,"",225.0,225.0,399.0
300381,0,30001073,1896,4.0,0,4.0,"",225.0,225.0,399.0
300389,0,30001073,2203,12.0,0,12.0,"",225.0,225.0,399.0
300388,0,30001073,2267,4.0,0,4.0,"",225.0,225.0,399.0
300384,0,30001073,2268,8.0,0,8.0,"",225.0,225.0,399.0
300385,0,30001073,2551,6.0,0,6.0,"",225.0,225.0,399.0
300387,0,30001073,2552,10.0,0,10.0,"",225.0,225.0,399.0
300385,0,30001073,2553,8.0,0,8.0,"",225.0,225.0,399.0
300388,0,30001073,2554,6.0,0,6.0,"",225.0,225.0,399.0
300389,0,30001073,2592,8.0,0,8.0,"",225.0,225.0,399.0
300382,0,30001073,3065,4.0,0,4.0,"",225.0,225.0,399.0
300385,0,30001073,3066,10.0,0,10.0,"",225.0,225.0,399.0
300389,0,30001073,3067,10.0,0,10.0,"",225.0,225.0,399.0
300387,0,30001073,3068,4.0,0,4.0,"",225.0,225.0,399.0
300382,0,30001073,3574,12.0,0,12.0,"",225.0,225.0,399.0
300381,0,30001074,1,16.0,0,16.0,"",225.0,225.0,399.0
300382,0,30001074,2,4.0,0,4.0,"",225.0,225.0,399.0
300383,0,30001074,3,20.0,0,20.0,"",225.0,225.0,399.0
300382,0,30001074,5,8.0,0,8.0,"",225.0,225.0,399.0
300381,0,30001074,6,30.0,0,30.0,"",225.0,225.0,399.0
300382,0,30001074,9,30.0,0,30.0,"",225.0,225.0,399.0
300390,0,30001074,9,300.0,0,300.0,"",225.0,225.0,399.0
300386,0,30001074,14,12.0,0,12.0,"",225.0,225.0,399.0
300381,0,30001074,15,12.0,0,12.0,"",225.0,225.0,399.0
300388,0,30001074,32,20.0,0,20.0,"",225.0,225.0,399.0
300382,0,30001074,46,8.0,0,8.0,"",225.0,225.0,399.0
300388,0,30001074,50,12.0,0,12.0,"",225.0,225.0,399.0
300383,0,30001074,65,6.0,0,6.0,"",225.0,225.0,399.0
300383,0,30001074,73,10.0,0,10.0,"",225.0,225.0,399.0
300385,0,30001074,94,20.0,0,20.0,"",225.0,225.0,399.0
300389,0,30001074,95,20.0,0,20.0,"",225.0,225.0,399.0
300389,0,30001074,120,6.0,0,6.0,"",225.0,225.0,399.0
300387,0,30001074,130,8.0,0,8.0,"",225.0,225.0,399.0
300385,0,30001074,134,8.0,0,8.0,"",225.0,225.0,399.0
300384,0,30001074,138,12.0,0,12.0,"",225.0,225.0,399.0
300388,0,30001074,142,12.0,0,12.0,"",225.0,225.0,399.0
300386,0,30001074,145,12.0,0,12.0,"",225.0,225.0,399.0
300387,0,30001074,148,8.0,0,8.0,"",225.0,225.0,399.0
300388,0,30001074,149,4.0,0,4.0,"",225.0,225.0,399.0
300383,0,30001074,156,8.0,0,8.0,"",225.0,225.0,399.0
300382,0,30001074,228,10.0,0,10.0,"",225.0,225.0,399.0
300385,0,30001074,238,20.0,0,20.0,"",225.0,225.0,399.0
300386,0,30001074,241,16.0,0,16.0,"",225.0,225.0,399.0
300383,0,30001074,245,20.0,0,20.0,"",225.0,225.0,399.0
300387,0,30001074,270,20.0,0,20.0,"",225.0,225.0,399.0
300384,0,30001074,274,10.0,0,10.0,"",225.0,225.0,399.0
300386,0,30001074,275,10.0,0,10.0,"",225.0,225.0,399.0
300382,0,30001074,276,8.0,0,8.0,"",225.0,225.0,399.0
300381,0,30001074,277,8.0,0,8.0,"",225.0,225.0,399.0
300385,0,30001074,351,4.0,0,4.0,"",225.0,225.0,399.0
300388,0,30001074,352,6.0,0,6.0,"",225.0,225.0,399.0
300385,0,30001074,353,4.0,0,4.0,"",225.0,225.0,399.0
300386,0,30001074,432,4.0,0,4.0,"",225.0,225.0,399.0
300386,0,30001074,440,8.0,0,8.0,"",225.0,225.0,399.0
300385,0,30001074,445,10.0,0,10.0,"",225.0,225.0,399.0
300381,0,30001074,448,4.0,0,4.0,"",225.0,225.0,399.0
300387,0,30001074,452,10.0,0,10.0,"",225.0,225.0,399.0
300384,0,30001074,457,6.0,0,6.0,"",225.0,225.0,399.0
300381,0,30001074,855,8.0,0,8.0,"",225.0,225.0,399.0
300389,0,30001074,1063,16.0,0,16.0,"",225.0,225.0,399.0
300389,0,30001074,1090,8.0,0,8.0,"",225.0,225.0,399.0
300383,0,30001074,1132,6.0,0,6.0,"",225.0,225.0,399.0
300383,0,30001074,1204,6.0,0,6.0,"",225.0,225.0,399.0
300384,0,30001074,1267,10.0,0,10.0,"",225.0,225.0,399.0
300381,0,30001074,1268,6.0,0,6.0,"",225.0,225.0,399.0
300384,0,30001074,1296,16.0,0,16.0,"",225.0,225.0,399.0
300384,0,30001074,1425,4.0,0,4.0,"",225.0,225.0,399.0
300388,0,30001074,1663,8.0,0,8.0,"",225.0,225.0,399.0
300381,0,30001074,1800,4.0,0,4.0,"",225.0,225.0,399.0
300382,0,30001074,1875,8.0,0,8.0,"",225.0,225.0,399.0
300386,0,30001074,1887,8.0,0,8.0,"",225.0,225.0,399.0
300386,0,30001074,1888,8.0,0,8.0,"",225.0,225.0,399.0
300381,0,30001074,1896,4.0,0,4.0,"",225.0,225.0,399.0
300389,0,30001074,2203,12.0,0,12.0,"",225.0,225.0,399.0
300388,0,30001074,2267,4.0,0,4.0,"",225.0,225.0,399.0
300384,0,30001074,2268,8.0,0,8.0,"",225.0,225.0,399.0
300385,0,30001074,2551,6.0,0,6.0,"",225.0,225.0,399.0
300387,0,30001074,2552,10.0,0,10.0,"",225.0,225.0,399.0
300385,0,30001074,2553,8.0,0,8.0,"",225.0,225.0,399.0
300388,0,30001074,2554,6.0,0,6.0,"",225.0,225.0,399.0
300389,0,30001074,2592,8.0,0,8.0,"",225.0,225.0,399.0
300382,0,30001074,3065,4.0,0,4.0,"",225.0,225.0,399.0
300385,0,30001074,3066,10.0,0,10.0,"",225.0,225.0,399.0
300389,0,30001074,3067,10.0,0,10.0,"",225.0,225.0,399.0
300387,0,30001074,3068,4.0,0,4.0,"",225.0,225.0,399.0
300382,0,30001074,3574,12.0,0,12.0,"",225.0,225.0,399.0
300381,0,30001075,1,16.0,0,16.0,"",225.0,225.0,399.0
300382,0,30001075,2,4.0,0,4.0,"",225.0,225.0,399.0
300383,0,30001075,3,20.0,0,20.0,"",225.0,225.0,399.0
300382,0,30001075,5,8.0,0,8.0,"",225.0,225.0,399.0
300381,0,30001075,6,30.0,0,30.0,"",225.0,225.0,399.0
300382,0,30001075,9,30.0,0,30.0,"",225.0,225.0,399.0
300390,0,30001075,9,300.0,0,300.0,"",225.0,225.0,399.0
300386,0,30001075,14,12.0,0,12.0,"",225.0,225.0,399.0
300381,0,30001075,15,12.0,0,12.0,"",225.0,225.0,399.0
300388,0,30001075,32,20.0,0,20.0,"",225.0,225.0,399.0
300382,0,30001075,46,8.0,0,8.0,"",225.0,225.0,399.0
300388,0,30001075,50,12.0,0,12.0,"",225.0,225.0,399.0
300383,0,30001075,65,6.0,0,6.0,"",225.0,225.0,399.0
300383,0,30001075,73,10.0,0,10.0,"",225.0,225.0,399.0
300385,0,30001075,94,20.0,0,20.0,"",225.0,225.0,399.0
300389,0,30001075,95,20.0,0,20.0,"",225.0,225.0,399.0
300389,0,30001075,120,6.0,0,6.0,"",225.0,225.0,399.0
300387,0,30001075,130,8.0,0,8.0,"",225.0,225.0,399.0
300385,0,30001075,134,8.0,0,8.0,"",225.0,225.0,399.0
300384,0,30001075,138,12.0,0,12.0,"",225.0,225.0,399.0
300388,0,30001075,142,12.0,0,12.0,"",225.0,225.0,399.0
300386,0,30001075,145,12.0,0,12.0,"",225.0,225.0,399.0
300387,0,30001075,148,8.0,0,8.0,"",225.0,225.0,399.0
300388,0,30001075,149,4.0,0,4.0,"",225.0,225.0,399.0
300383,0,30001075,156,8.0,0,8.0,"",225.0,225.0,399.0
300382,0,30001075,228,10.0,0,10.0,"",225.0,225.0,399.0
300385,0,30001075,238,20.0,0,20.0,"",225.0,225.0,399.0
300386,0,30001075,241,16.0,0,16.0,"",225.0,225.0,399.0
300383,0,30001075,245,20.0,0,20.0,"",225.0,225.0,399.0
300387,0,30001075,270,20.0,0,20.0,"",225.0,225.0,399.0
300384,0,30001075,274,10.0,0,10.0,"",225.0,225.0,399.0
300386,0,30001075,275,10.0,0,10.0,"",225.0,225.0,399.0
300382,0,30001075,276,8.0,0,8.0,"",225.0,225.0,399.0
300381,0,30001075,277,8.0,0,8.0,"",225.0,225.0,399.0
300385,0,30001075,351,4.0,0,4.0,"",225.0,225.0,399.0
300388,0,30001075,352,6.0,0,6.0,"",225.0,225.0,399.0
300385,0,30001075,353,4.0,0,4.0,"",225.0,225.0,399.0
300386,0,30001075,432,4.0,0,4.0,"",225.0,225.0,399.0
300386,0,30001075,440,8.0,0,8.0,"",225.0,225.0,399.0
300385,0,30001075,445,10.0,0,10.0,"",225.0,225.0,399.0
300381,0,30001075,448,4.0,0,4.0,"",225.0,225.0,399.0
300387,0,30001075,452,10.0,0,10.0,"",225.0,225.0,399.0
300384,0,30001075,457,6.0,0,6.0,"",225.0,225.0,399.0
300381,0,30001075,855,8.0,0,8.0,"",225.0,225.0,399.0
300389,0,30001075,1063,16.0,0,16.0,"",225.0,225.0,399.0
300389,0,30001075,1090,8.0,0,8.0,"",225.0,225.0,399.0
300383,0,30001075,1132,6.0,0,6.0,"",225.0,225.0,399.0
300383,0,30001075,1204,6.0,0,6.0,"",225.0,225.0,399.0
300384,0,30001075,1267,10.0,0,10.0,"",225.0,225.0,399.0
300381,0,30001075,1268,6.0,0,6.0,"",225.0,225.0,399.0
300384,0,30001075,1296,16.0,0,16.0,"",225.0,225.0,399.0
300384,0,30001075,1425,4.0,0,4.0,"",225.0,225.0,399.0
300388,0,30001075,1663,8.0,0,8.0,"",225.0,225.0,399.0
300381,0,30001075,1800,4.0,0,4.0,"",225.0,225.0,399.0
300382,0,30001075,1875,8.0,0,8.0,"",225.0,225.0,399.0
300386,0,30001075,1887,8.0,0,8.0,"",225.0,225.0,399.0
300386,0,30001075,1888,8.0,0,8.0,"",225.0,225.0,399.0
300381,0,30001075,1896,4.0,0,4.0,"",225.0,225.0,399.0
300389,0,30001075,2203,12.0,0,12.0,"",225.0,225.0,399.0
300388,0,30001075,2267,4.0,0,4.0,"",225.0,225.0,399.0
300384,0,30001075,2268,8.0,0,8.0,"",225.0,225.0,399.0
300385,0,30001075,2551,6.0,0,6.0,"",225.0,225.0,399.0
300387,0,30001075,2552,10.0,0,10.0,"",225.0,225.0,399.0
300385,0,30001075,2553,8.0,0,8.0,"",225.0,225.0,399.0
300388,0,30001075,2554,6.0,0,6.0,"",225.0,225.0,399.0
300389,0,30001075,2592,8.0,0,8.0,"",225.0,225.0,399.0
300382,0,30001075,3065,4.0,0,4.0,"",225.0,225.0,399.0
300385,0,30001075,3066,10.0,0,10.0,"",225.0,225.0,399.0
300389,0,30001075,3067,10.0,0,10.0,"",225.0,225.0,399.0
300387,0,30001075,3068,4.0,0,4.0,"",225.0,225.0,399.0
300382,0,30001075,3574,12.0,0,12.0,"",225.0,225.0,399.0
300391,0,30001079,9,400.0,0,400.0,"",225.0,225.0,399.0
300391,0,30001080,9,400.0,0,400.0,"",225.0,225.0,399.0
300391,0,30001081,9,400.0,0,400.0,"",225.0,225.0,399.0
300392,0,30001198,9,500.0,0,500.0,"",225.0,225.0,399.0
300392,0,30001199,9,500.0,0,500.0,"",225.0,225.0,399.0
300392,0,30001200,9,500.0,0,500.0,"",225.0,225.0,399.0
300396,0,30001249,9,300.0,0,300.0,"",170.0,170.0,399.0
300396,0,30001250,9,300.0,0,300.0,"",170.0,170.0,399.0
300396,0,30001251,9,300.0,0,300.0,"",170.0,170.0,399.0
300397,0,30001255,9,400.0,0,400.0,"",170.0,170.0,399.0
300397,0,30001256,9,400.0,0,400.0,"",170.0,170.0,399.0
300397,0,30001257,9,400.0,0,400.0,"",170.0,170.0,399.0
300393,0,30001261,9,600.0,0,600.0,"",225.0,225.0,399.0
300393,0,30001262,9,600.0,0,600.0,"",225.0,225.0,399.0
300393,0,30001263,9,600.0,0,600.0,"",225.0,225.0,399.0
300402,0,14091740,9,500.0,0,500.0,"",170.0,170.0,399.0
300410,0,14091740,9,500.0,0,500.0,"",170.0,170.0,399.0
300418,0,14091740,9,500.0,0,500.0,"",170.0,170.0,399.0
300431,0,14091740,9,500.0,0,500.0,"",170.0,170.0,399.0
300439,0,14091740,9,500.0,0,500.0,"",170.0,170.0,399.0
300402,0,14091741,9,500.0,0,500.0,"",170.0,170.0,399.0
300410,0,14091741,9,500.0,0,500.0,"",170.0,170.0,399.0
300418,0,14091741,9,500.0,0,500.0,"",170.0,170.0,399.0
300431,0,14091741,9,500.0,0,500.0,"",170.0,170.0,399.0
300439,0,14091741,9,500.0,0,500.0,"",170.0,170.0,399.0
300402,0,14091742,9,500.0,0,500.0,"",170.0,170.0,399.0
300410,0,14091742,9,500.0,0,500.0,"",170.0,170.0,399.0
300418,0,14091742,9,500.0,0,500.0,"",170.0,170.0,399.0
300431,0,14091742,9,500.0,0,500.0,"",170.0,170.0,399.0
300439,0,14091742,9,500.0,0,500.0,"",170.0,170.0,399.0
300403,0,14091753,9,700.0,0,700.0,"",170.0,170.0,399.0
300411,0,14091753,9,700.0,0,700.0,"",170.0,170.0,399.0
300419,0,14091753,9,700.0,0,700.0,"",170.0,170.0,399.0
300432,0,14091753,9,700.0,0,700.0,"",170.0,170.0,399.0
300440,0,14091753,9,700.0,0,700.0,"",170.0,170.0,399.0
300403,0,14091754,9,700.0,0,700.0,"",170.0,170.0,399.0
300411,0,14091754,9,700.0,0,700.0,"",170.0,170.0,399.0
300419,0,14091754,9,700.0,0,700.0,"",170.0,170.0,399.0
300432,0,14091754,9,700.0,0,700.0,"",170.0,170.0,399.0
300440,0,14091754,9,700.0,0,700.0,"",170.0,170.0,399.0
300403,0,14091755,9,700.0,0,700.0,"",170.0,170.0,399.0
300411,0,14091755,9,700.0,0,700.0,"",170.0,170.0,399.0
300419,0,14091755,9,700.0,0,700.0,"",170.0,170.0,399.0
300432,0,14091755,9,700.0,0,700.0,"",170.0,170.0,399.0
300440,0,14091755,9,700.0,0,700.0,"",170.0,170.0,399.0
300398,0,30001073,9,300.0,0,300.0,"",225.0,225.0,399.0
300406,0,30001073,9,300.0,0,300.0,"",225.0,225.0,399.0
300414,0,30001073,9,300.0,0,300.0,"",225.0,225.0,399.0
300422,0,30001073,9,300.0,0,300.0,"",225.0,225.0,399.0
300426,0,30001073,9,300.0,0,300.0,"",225.0,225.0,399.0
300427,0,30001073,9,300.0,0,300.0,"",225.0,225.0,399.0
300435,0,30001073,9,300.0,0,300.0,"",225.0,225.0,399.0
300398,0,30001074,9,300.0,0,300.0,"",225.0,225.0,399.0
300406,0,30001074,9,300.0,0,300.0,"",225.0,225.0,399.0
300414,0,30001074,9,300.0,0,300.0,"",225.0,225.0,399.0
300422,0,30001074,9,300.0,0,300.0,"",225.0,225.0,399.0
300426,0,30001074,9,300.0,0,300.0,"",225.0,225.0,399.0
300427,0,30001074,9,300.0,0,300.0,"",225.0,225.0,399.0
300435,0,30001074,9,300.0,0,300.0,"",225.0,225.0,399.0
300398,0,30001075,9,300.0,0,300.0,"",225.0,225.0,399.0
300406,0,30001075,9,300.0,0,300.0,"",225.0,225.0,399.0
300414,0,30001075,9,300.0,0,300.0,"",225.0,225.0,399.0
300422,0,30001075,9,300.0,0,300.0,"",225.0,225.0,399.0
300426,0,30001075,9,300.0,0,300.0,"",225.0,225.0,399.0
300427,0,30001075,9,300.0,0,300.0,"",225.0,225.0,399.0
300435,0,30001075,9,300.0,0,300.0,"",225.0,225.0,399.0
300399,0,30001079,9,400.0,0,400.0,"",225.0,225.0,399.0
300407,0,30001079,9,400.0,0,400.0,"",225.0,225.0,399.0
300415,0,30001079,9,400.0,0,400.0,"",225.0,225.0,399.0
300423,0,30001079,9,400.0,0,400.0,"",225.0,225.0,399.0
300428,0,30001079,9,400.0,0,400.0,"",225.0,225.0,399.0
300436,0,30001079,9,400.0,0,400.0,"",225.0,225.0,399.0
300399,0,30001080,9,400.0,0,400.0,"",225.0,225.0,399.0
300407,0,30001080,9,400.0,0,400.0,"",225.0,225.0,399.0
300415,0,30001080,9,400.0,0,400.0,"",225.0,225.0,399.0
300423,0,30001080,9,400.0,0,400.0,"",225.0,225.0,399.0
300428,0,30001080,9,400.0,0,400.0,"",225.0,225.0,399.0
300436,0,30001080,9,400.0,0,400.0,"",225.0,225.0,399.0
300399,0,30001081,9,400.0,0,400.0,"",225.0,225.0,399.0
300407,0,30001081,9,400.0,0,400.0,"",225.0,225.0,399.0
300415,0,30001081,9,400.0,0,400.0,"",225.0,225.0,399.0
300423,0,30001081,9,400.0,0,400.0,"",225.0,225.0,399.0
300428,0,30001081,9,400.0,0,400.0,"",225.0,225.0,399.0
300436,0,30001081,9,400.0,0,400.0,"",225.0,225.0,399.0
300400,0,30001198,9,500.0,0,500.0,"",225.0,225.0,399.0
300408,0,30001198,9,500.0,0,500.0,"",225.0,225.0,399.0
300416,0,30001198,9,500.0,0,500.0,"",225.0,225.0,399.0
300424,0,30001198,9,500.0,0,500.0,"",225.0,225.0,399.0
300429,0,30001198,9,500.0,0,500.0,"",225.0,225.0,399.0
300437,0,30001198,9,500.0,0,500.0,"",225.0,225.0,399.0
300400,0,30001199,9,500.0,0,500.0,"",225.0,225.0,399.0
300408,0,30001199,9,500.0,0,500.0,"",225.0,225.0,399.0
300416,0,30001199,9,500.0,0,500.0,"",225.0,225.0,399.0
300424,0,30001199,9,500.0,0,500.0,"",225.0,225.0,399.0
300429,0,30001199,9,500.0,0,500.0,"",225.0,225.0,399.0
300437,0,30001199,9,500.0,0,500.0,"",225.0,225.0,399.0
300400,0,30001200,9,500.0,0,500.0,"",225.0,225.0,399.0
300408,0,30001200,9,500.0,0,500.0,"",225.0,225.0,399.0
300416,0,30001200,9,500.0,0,500.0,"",225.0,225.0,399.0
300424,0,30001200,9,500.0,0,500.0,"",225.0,225.0,399.0
300429,0,30001200,9,500.0,0,500.0,"",225.0,225.0,399.0
300437,0,30001200,9,500.0,0,500.0,"",225.0,225.0,399.0
300404,0,30001249,9,300.0,0,300.0,"",170.0,170.0,399.0
300412,0,30001249,9,300.0,0,300.0,"",170.0,170.0,399.0
300420,0,30001249,9,300.0,0,300.0,"",170.0,170.0,399.0
300433,0,30001249,9,300.0,0,300.0,"",170.0,170.0,399.0
300441,0,30001249,9,300.0,0,300.0,"",170.0,170.0,399.0
300404,0,30001250,9,300.0,0,300.0,"",170.0,170.0,399.0
300412,0,30001250,9,300.0,0,300.0,"",170.0,170.0,399.0
300420,0,30001250,9,300.0,0,300.0,"",170.0,170.0,399.0
300433,0,30001250,9,300.0,0,300.0,"",170.0,170.0,399.0
300441,0,30001250,9,300.0,0,300.0,"",170.0,170.0,399.0
300404,0,30001251,9,300.0,0,300.0,"",170.0,170.0,399.0
300412,0,30001251,9,300.0,0,300.0,"",170.0,170.0,399.0
300420,0,30001251,9,300.0,0,300.0,"",170.0,170.0,399.0
300433,0,30001251,9,300.0,0,300.0,"",170.0,170.0,399.0
300441,0,30001251,9,300.0,0,300.0,"",170.0,170.0,399.0
300405,0,30001255,9,400.0,0,400.0,"",170.0,170.0,399.0
300413,0,30001255,9,400.0,0,400.0,"",170.0,170.0,399.0
300421,0,30001255,9,400.0,0,400.0,"",170.0,170.0,399.0
300434,0,30001255,9,400.0,0,400.0,"",170.0,170.0,399.0
300442,0,30001255,9,400.0,0,400.0,"",170.0,170.0,399.0
300405,0,30001256,9,400.0,0,400.0,"",170.0,170.0,399.0
300413,0,30001256,9,400.0,0,400.0,"",170.0,170.0,399.0
300421,0,30001256,9,400.0,0,400.0,"",170.0,170.0,399.0
300434,0,30001256,9,400.0,0,400.0,"",170.0,170.0,399.0
300442,0,30001256,9,400.0,0,400.0,"",170.0,170.0,399.0
300405,0,30001257,9,400.0,0,400.0,"",170.0,170.0,399.0
300413,0,30001257,9,400.0,0,400.0,"",170.0,170.0,399.0
300421,0,30001257,9,400.0,0,400.0,"",170.0,170.0,399.0
300434,0,30001257,9,400.0,0,400.0,"",170.0,170.0,399.0
300442,0,30001257,9,400.0,0,400.0,"",170.0,170.0,399.0
300401,0,30001261,9,600.0,0,600.0,"",225.0,225.0,399.0
300409,0,30001261,9,600.0,0,600.0,"",225.0,225.0,399.0
300417,0,30001261,9,600.0,0,600.0,"",225.0,225.0,399.0
300425,0,30001261,9,600.0,0,600.0,"",225.0,225.0,399.0
300430,0,30001261,9,600.0,0,600.0,"",225.0,225.0,399.0
300438,0,30001261,9,600.0,0,600.0,"",225.0,225.0,399.0
300401,0,30001262,9,600.0,0,600.0,"",225.0,225.0,399.0
300409,0,30001262,9,600.0,0,600.0,"",225.0,225.0,399.0
300417,0,30001262,9,600.0,0,600.0,"",225.0,225.0,399.0
300425,0,30001262,9,600.0,0,600.0,"",225.0,225.0,399.0
300430,0,30001262,9,600.0,0,600.0,"",225.0,225.0,399.0
300438,0,30001262,9,600.0,0,600.0,"",225.0,225.0,399.0
300401,0,30001263,9,600.0,0,600.0,"",225.0,225.0,399.0
300409,0,30001263,9,600.0,0,600.0,"",225.0,225.0,399.0
300417,0,30001263,9,600.0,0,600.0,"",225.0,225.0,399.0
300425,0,30001263,9,600.0,0,600.0,"",225.0,225.0,399.0
300430,0,30001263,9,600.0,0,600.0,"",225.0,225.0,399.0
300438,0,30001263,9,600.0,0,600.0,"",225.0,225.0,399.0
300462,0,14136866,3,100.0,0,100.0,"",0,225.0,399.0
300443,0,30001073,1,16.0,0,16.0,"",225.0,225.0,399.0
300444,0,30001073,2,4.0,0,4.0,"",225.0,225.0,399.0
300445,0,30001073,3,20.0,0,20.0,"",225.0,225.0,399.0
300444,0,30001073,5,8.0,0,8.0,"",225.0,225.0,399.0
300443,0,30001073,6,30.0,0,30.0,"",225.0,225.0,399.0
300444,0,30001073,9,30.0,0,30.0,"",225.0,225.0,399.0
300454,0,30001073,9,300.0,0,300.0,"",225.0,225.0,399.0
300457,0,30001073,9,300.0,0,300.0,"",225.0,225.0,399.0
300461,0,30001073,9,300.0,0,300.0,"",225.0,225.0,399.0
300448,0,30001073,14,12.0,0,12.0,"",225.0,225.0,399.0
300443,0,30001073,15,12.0,0,12.0,"",225.0,225.0,399.0
300450,0,30001073,32,20.0,0,20.0,"",225.0,225.0,399.0
300444,0,30001073,46,8.0,0,8.0,"",225.0,225.0,399.0
300450,0,30001073,50,12.0,0,12.0,"",225.0,225.0,399.0
300445,0,30001073,65,6.0,0,6.0,"",225.0,225.0,399.0
300445,0,30001073,73,10.0,0,10.0,"",225.0,225.0,399.0
300447,0,30001073,94,20.0,0,20.0,"",225.0,225.0,399.0
300451,0,30001073,95,20.0,0,20.0,"",225.0,225.0,399.0
300451,0,30001073,120,6.0,0,6.0,"",225.0,225.0,399.0
300449,0,30001073,130,8.0,0,8.0,"",225.0,225.0,399.0
300447,0,30001073,134,8.0,0,8.0,"",225.0,225.0,399.0
300446,0,30001073,138,12.0,0,12.0,"",225.0,225.0,399.0
300450,0,30001073,142,12.0,0,12.0,"",225.0,225.0,399.0
300448,0,30001073,145,12.0,0,12.0,"",225.0,225.0,399.0
300449,0,30001073,148,8.0,0,8.0,"",225.0,225.0,399.0
300450,0,30001073,149,4.0,0,4.0,"",225.0,225.0,399.0
300445,0,30001073,156,8.0,0,8.0,"",225.0,225.0,399.0
300444,0,30001073,228,10.0,0,10.0,"",225.0,225.0,399.0
300447,0,30001073,238,20.0,0,20.0,"",225.0,225.0,399.0
300448,0,30001073,241,16.0,0,16.0,"",225.0,225.0,399.0
300445,0,30001073,245,20.0,0,20.0,"",225.0,225.0,399.0
300449,0,30001073,270,20.0,0,20.0,"",225.0,225.0,399.0
300446,0,30001073,274,10.0,0,10.0,"",225.0,225.0,399.0
300448,0,30001073,275,10.0,0,10.0,"",225.0,225.0,399.0
300444,0,30001073,276,8.0,0,8.0,"",225.0,225.0,399.0
300443,0,30001073,277,8.0,0,8.0,"",225.0,225.0,399.0
300447,0,30001073,351,4.0,0,4.0,"",225.0,225.0,399.0
300450,0,30001073,352,6.0,0,6.0,"",225.0,225.0,399.0
300447,0,30001073,353,4.0,0,4.0,"",225.0,225.0,399.0
300448,0,30001073,432,4.0,0,4.0,"",225.0,225.0,399.0
300448,0,30001073,440,8.0,0,8.0,"",225.0,225.0,399.0
300447,0,30001073,445,10.0,0,10.0,"",225.0,225.0,399.0
300443,0,30001073,448,4.0,0,4.0,"",225.0,225.0,399.0
300449,0,30001073,452,10.0,0,10.0,"",225.0,225.0,399.0
300446,0,30001073,457,6.0,0,6.0,"",225.0,225.0,399.0
300443,0,30001073,855,8.0,0,8.0,"",225.0,225.0,399.0
300451,0,30001073,1063,16.0,0,16.0,"",225.0,225.0,399.0
300451,0,30001073,1090,8.0,0,8.0,"",225.0,225.0,399.0
300445,0,30001073,1132,6.0,0,6.0,"",225.0,225.0,399.0
300445,0,30001073,1204,6.0,0,6.0,"",225.0,225.0,399.0
300446,0,30001073,1267,10.0,0,10.0,"",225.0,225.0,399.0
300443,0,30001073,1268,6.0,0,6.0,"",225.0,225.0,399.0
300446,0,30001073,1296,16.0,0,16.0,"",225.0,225.0,399.0
300446,0,30001073,1425,4.0,0,4.0,"",225.0,225.0,399.0
300450,0,30001073,1663,8.0,0,8.0,"",225.0,225.0,399.0
300443,0,30001073,1800,4.0,0,4.0,"",225.0,225.0,399.0
300444,0,30001073,1875,8.0,0,8.0,"",225.0,225.0,399.0
300448,0,30001073,1887,8.0,0,8.0,"",225.0,225.0,399.0
300448,0,30001073,1888,8.0,0,8.0,"",225.0,225.0,399.0
300443,0,30001073,1896,4.0,0,4.0,"",225.0,225.0,399.0
300451,0,30001073,2203,12.0,0,12.0,"",225.0,225.0,399.0
300450,0,30001073,2267,4.0,0,4.0,"",225.0,225.0,399.0
300446,0,30001073,2268,8.0,0,8.0,"",225.0,225.0,399.0
300447,0,30001073,2551,6.0,0,6.0,"",225.0,225.0,399.0
300449,0,30001073,2552,10.0,0,10.0,"",225.0,225.0,399.0
300447,0,30001073,2553,8.0,0,8.0,"",225.0,225.0,399.0
300450,0,30001073,2554,6.0,0,6.0,"",225.0,225.0,399.0
300451,0,30001073,2592,8.0,0,8.0,"",225.0,225.0,399.0
300444,0,30001073,3065,4.0,0,4.0,"",225.0,225.0,399.0
300447,0,30001073,3066,10.0,0,10.0,"",225.0,225.0,399.0
300451,0,30001073,3067,10.0,0,10.0,"",225.0,225.0,399.0
300449,0,30001073,3068,4.0,0,4.0,"",225.0,225.0,399.0
300444,0,30001073,3574,12.0,0,12.0,"",225.0,225.0,399.0
300443,0,30001074,1,16.0,0,16.0,"",225.0,225.0,399.0
300444,0,30001074,2,4.0,0,4.0,"",225.0,225.0,399.0
300445,0,30001074,3,20.0,0,20.0,"",225.0,225.0,399.0
300444,0,30001074,5,8.0,0,8.0,"",225.0,225.0,399.0
300443,0,30001074,6,30.0,0,30.0,"",225.0,225.0,399.0
300444,0,30001074,9,30.0,0,30.0,"",225.0,225.0,399.0
300454,0,30001074,9,300.0,0,300.0,"",225.0,225.0,399.0
300457,0,30001074,9,300.0,0,300.0,"",225.0,225.0,399.0
300461,0,30001074,9,300.0,0,300.0,"",225.0,225.0,399.0
300448,0,30001074,14,12.0,0,12.0,"",225.0,225.0,399.0
300443,0,30001074,15,12.0,0,12.0,"",225.0,225.0,399.0
300450,0,30001074,32,20.0,0,20.0,"",225.0,225.0,399.0
300444,0,30001074,46,8.0,0,8.0,"",225.0,225.0,399.0
300450,0,30001074,50,12.0,0,12.0,"",225.0,225.0,399.0
300445,0,30001074,65,6.0,0,6.0,"",225.0,225.0,399.0
300445,0,30001074,73,10.0,0,10.0,"",225.0,225.0,399.0
300447,0,30001074,94,20.0,0,20.0,"",225.0,225.0,399.0
300451,0,30001074,95,20.0,0,20.0,"",225.0,225.0,399.0
300451,0,30001074,120,6.0,0,6.0,"",225.0,225.0,399.0
300449,0,30001074,130,8.0,0,8.0,"",225.0,225.0,399.0
300447,0,30001074,134,8.0,0,8.0,"",225.0,225.0,399.0
300446,0,30001074,138,12.0,0,12.0,"",225.0,225.0,399.0
300450,0,30001074,142,12.0,0,12.0,"",225.0,225.0,399.0
300448,0,30001074,145,12.0,0,12.0,"",225.0,225.0,399.0
300449,0,30001074,148,8.0,0,8.0,"",225.0,225.0,399.0
300450,0,30001074,149,4.0,0,4.0,"",225.0,225.0,399.0
300445,0,30001074,156,8.0,0,8.0,"",225.0,225.0,399.0
300444,0,30001074,228,10.0,0,10.0,"",225.0,225.0,399.0
300447,0,30001074,238,20.0,0,20.0,"",225.0,225.0,399.0
300448,0,30001074,241,16.0,0,16.0,"",225.0,225.0,399.0
300445,0,30001074,245,20.0,0,20.0,"",225.0,225.0,399.0
300449,0,30001074,270,20.0,0,20.0,"",225.0,225.0,399.0
300446,0,30001074,274,10.0,0,10.0,"",225.0,225.0,399.0
300448,0,30001074,275,10.0,0,10.0,"",225.0,225.0,399.0
300444,0,30001074,276,8.0,0,8.0,"",225.0,225.0,399.0
300443,0,30001074,277,8.0,0,8.0,"",225.0,225.0,399.0
300447,0,30001074,351,4.0,0,4.0,"",225.0,225.0,399.0
300450,0,30001074,352,6.0,0,6.0,"",225.0,225.0,399.0
300447,0,30001074,353,4.0,0,4.0,"",225.0,225.0,399.0
300448,0,30001074,432,4.0,0,4.0,"",225.0,225.0,399.0
300448,0,30001074,440,8.0,0,8.0,"",225.0,225.0,399.0
300447,0,30001074,445,10.0,0,10.0,"",225.0,225.0,399.0
300443,0,30001074,448,4.0,0,4.0,"",225.0,225.0,399.0
300449,0,30001074,452,10.0,0,10.0,"",225.0,225.0,399.0
300446,0,30001074,457,6.0,0,6.0,"",225.0,225.0,399.0
300443,0,30001074,855,8.0,0,8.0,"",225.0,225.0,399.0
300451,0,30001074,1063,16.0,0,16.0,"",225.0,225.0,399.0
300451,0,30001074,1090,8.0,0,8.0,"",225.0,225.0,399.0
300445,0,30001074,1132,6.0,0,6.0,"",225.0,225.0,399.0
300445,0,30001074,1204,6.0,0,6.0,"",225.0,225.0,399.0
300446,0,30001074,1267,10.0,0,10.0,"",225.0,225.0,399.0
300443,0,30001074,1268,6.0,0,6.0,"",225.0,225.0,399.0
300446,0,30001074,1296,16.0,0,16.0,"",225.0,225.0,399.0
300446,0,30001074,1425,4.0,0,4.0,"",225.0,225.0,399.0
300450,0,30001074,1663,8.0,0,8.0,"",225.0,225.0,399.0
300443,0,30001074,1800,4.0,0,4.0,"",225.0,225.0,399.0
300444,0,30001074,1875,8.0,0,8.0,"",225.0,225.0,399.0
300448,0,30001074,1887,8.0,0,8.0,"",225.0,225.0,399.0
300448,0,30001074,1888,8.0,0,8.0,"",225.0,225.0,399.0
300443,0,30001074,1896,4.0,0,4.0,"",225.0,225.0,399.0
300451,0,30001074,2203,12.0,0,12.0,"",225.0,225.0,399.0
300450,0,30001074,2267,4.0,0,4.0,"",225.0,225.0,399.0
300446,0,30001074,2268,8.0,0,8.0,"",225.0,225.0,399.0
300447,0,30001074,2551,6.0,0,6.0,"",225.0,225.0,399.0
300449,0,30001074,2552,10.0,0,10.0,"",225.0,225.0,399.0
300447,0,30001074,2553,8.0,0,8.0,"",225.0,225.0,399.0
300450,0,30001074,2554,6.0,0,6.0,"",225.0,225.0,399.0
300451,0,30001074,2592,8.0,0,8.0,"",225.0,225.0,399.0
300444,0,30001074,3065,4.0,0,4.0,"",225.0,225.0,399.0
300447,0,30001074,3066,10.0,0,10.0,"",225.0,225.0,399.0
300451,0,30001074,3067,10.0,0,10.0,"",225.0,225.0,399.0
300449,0,30001074,3068,4.0,0,4.0,"",225.0,225.0,399.0
300444,0,30001074,3574,12.0,0,12.0,"",225.0,225.0,399.0
300443,0,30001075,1,16.0,0,16.0,"",225.0,225.0,399.0
300444,0,30001075,2,4.0,0,4.0,"",225.0,225.0,399.0
300445,0,30001075,3,20.0,0,20.0,"",225.0,225.0,399.0
300444,0,30001075,5,8.0,0,8.0,"",225.0,225.0,399.0
300443,0,30001075,6,30.0,0,30.0,"",225.0,225.0,399.0
300444,0,30001075,9,30.0,0,30.0,"",225.0,225.0,399.0
300454,0,30001075,9,300.0,0,300.0,"",225.0,225.0,399.0
300457,0,30001075,9,300.0,0,300.0,"",225.0,225.0,399.0
300461,0,30001075,9,300.0,0,300.0,"",225.0,225.0,399.0
300448,0,30001075,14,12.0,0,12.0,"",225.0,225.0,399.0
300443,0,30001075,15,12.0,0,12.0,"",225.0,225.0,399.0
300450,0,30001075,32,20.0,0,20.0,"",225.0,225.0,399.0
300444,0,30001075,46,8.0,0,8.0,"",225.0,225.0,399.0
300450,0,30001075,50,12.0,0,12.0,"",225.0,225.0,399.0
300445,0,30001075,65,6.0,0,6.0,"",225.0,225.0,399.0
300445,0,30001075,73,10.0,0,10.0,"",225.0,225.0,399.0
300447,0,30001075,94,20.0,0,20.0,"",225.0,225.0,399.0
300451,0,30001075,95,20.0,0,20.0,"",225.0,225.0,399.0
300451,0,30001075,120,6.0,0,6.0,"",225.0,225.0,399.0
300449,0,30001075,130,8.0,0,8.0,"",225.0,225.0,399.0
300447,0,30001075,134,8.0,0,8.0,"",225.0,225.0,399.0
300446,0,30001075,138,12.0,0,12.0,"",225.0,225.0,399.0
300450,0,30001075,142,12.0,0,12.0,"",225.0,225.0,399.0
300448,0,30001075,145,12.0,0,12.0,"",225.0,225.0,399.0
300449,0,30001075,148,8.0,0,8.0,"",225.0,225.0,399.0
300450,0,30001075,149,4.0,0,4.0,"",225.0,225.0,399.0
300445,0,30001075,156,8.0,0,8.0,"",225.0,225.0,399.0
300444,0,30001075,228,10.0,0,10.0,"",225.0,225.0,399.0
300447,0,30001075,238,20.0,0,20.0,"",225.0,225.0,399.0
300448,0,30001075,241,16.0,0,16.0,"",225.0,225.0,399.0
300445,0,30001075,245,20.0,0,20.0,"",225.0,225.0,399.0
300449,0,30001075,270,20.0,0,20.0,"",225.0,225.0,399.0
300446,0,30001075,274,10.0,0,10.0,"",225.0,225.0,399.0
300448,0,30001075,275,10.0,0,10.0,"",225.0,225.0,399.0
300444,0,30001075,276,8.0,0,8.0,"",225.0,225.0,399.0
300443,0,30001075,277,8.0,0,8.0,"",225.0,225.0,399.0
300447,0,30001075,351,4.0,0,4.0,"",225.0,225.0,399.0
300450,0,30001075,352,6.0,0,6.0,"",225.0,225.0,399.0
300447,0,30001075,353,4.0,0,4.0,"",225.0,225.0,399.0
300448,0,30001075,432,4.0,0,4.0,"",225.0,225.0,399.0
300448,0,30001075,440,8.0,0,8.0,"",225.0,225.0,399.0
300447,0,30001075,445,10.0,0,10.0,"",225.0,225.0,399.0
300443,0,30001075,448,4.0,0,4.0,"",225.0,225.0,399.0
300449,0,30001075,452,10.0,0,10.0,"",225.0,225.0,399.0
300446,0,30001075,457,6.0,0,6.0,"",225.0,225.0,399.0
300443,0,30001075,855,8.0,0,8.0,"",225.0,225.0,399.0
300451,0,30001075,1063,16.0,0,16.0,"",225.0,225.0,399.0
300451,0,30001075,1090,8.0,0,8.0,"",225.0,225.0,399.0
300445,0,30001075,1132,6.0,0,6.0,"",225.0,225.0,399.0
300445,0,30001075,1204,6.0,0,6.0,"",225.0,225.0,399.0
300446,0,30001075,1267,10.0,0,10.0,"",225.0,225.0,399.0
300443,0,30001075,1268,6.0,0,6.0,"",225.0,225.0,399.0
300446,0,30001075,1296,16.0,0,16.0,"",225.0,225.0,399.0
300446,0,30001075,1425,4.0,0,4.0,"",225.0,225.0,399.0
300450,0,30001075,1663,8.0,0,8.0,"",225.0,225.0,399.0
300443,0,30001075,1800,4.0,0,4.0,"",225.0,225.0,399.0
300444,0,30001075,1875,8.0,0,8.0,"",225.0,225.0,399.0
300448,0,30001075,1887,8.0,0,8.0,"",225.0,225.0,399.0
300448,0,30001075,1888,8.0,0,8.0,"",225.0,225.0,399.0
300443,0,30001075,1896,4.0,0,4.0,"",225.0,225.0,399.0
300451,0,30001075,2203,12.0,0,12.0,"",225.0,225.0,399.0
300450,0,30001075,2267,4.0,0,4.0,"",225.0,225.0,399.0
300446,0,30001075,2268,8.0,0,8.0,"",225.0,225.0,399.0
300447,0,30001075,2551,6.0,0,6.0,"",225.0,225.0,399.0
300449,0,30001075,2552,10.0,0,10.0,"",225.0,225.0,399.0
300447,0,30001075,2553,8.0,0,8.0,"",225.0,225.0,399.0
300450,0,30001075,2554,6.0,0,6.0,"",225.0,225.0,399.0
300451,0,30001075,2592,8.0,0,8.0,"",225.0,225.0,399.0
300444,0,30001075,3065,4.0,0,4.0,"",225.0,225.0,399.0
300447,0,30001075,3066,10.0,0,10.0,"",225.0,225.0,399.0
300451,0,30001075,3067,10.0,0,10.0,"",225.0,225.0,399.0
300449,0,30001075,3068,4.0,0,4.0,"",225.0,225.0,399.0
300444,0,30001075,3574,12.0,0,12.0,"",225.0,225.0,399.0
300455,0,30001249,9,300.0,0,300.0,"",170.0,170.0,399.0
300463,0,30001249,9,300.0,0,300.0,"",170.0,170.0,399.0
300455,0,30001250,9,300.0,0,300.0,"",170.0,170.0,399.0
300463,0,30001250,9,300.0,0,300.0,"",170.0,170.0,399.0
300455,0,30001251,9,300.0,0,300.0,"",170.0,170.0,399.0
300463,0,30001251,9,300.0,0,300.0,"",170.0,170.0,399.0
300465,0,30001073,9,300.0,0,300.0,"",225.0,225.0,399.0
300465,0,30001074,9,300.0,0,300.0,"",225.0,225.0,399.0
300465,0,30001075,9,300.0,0,300.0,"",225.0,225.0,399.0
300468,0,30005653,245,10.0,0,10.0,"",490.0,490.0,899.75
300468,0,30005654,245,10.0,0,10.0,"",490.0,490.0,899.75
300468,0,30005655,245,10.0,0,10.0,"",490.0,490.0,899.75
300468,0,30005656,245,10.0,0,10.0,"",490.0,490.0,899.75
300468,0,30005657,245,10.0,0,10.0,"",490.0,490.0,899.75
300468,0,30005658,245,10.0,0,10.0,"",490.0,490.0,899.75
300468,0,30005659,245,10.0,0,10.0,"",490.0,490.0,899.75
300467,0,30005660,1,10.0,0,10.0,"",490.0,490.0,899.75
300467,0,30005661,1,10.0,0,10.0,"",490.0,490.0,899.75
300467,0,30005662,1,10.0,0,10.0,"",490.0,490.0,899.75
300468,0,30005663,3,10.0,0,10.0,"",490.0,490.0,899.75
300468,0,30005664,3,10.0,0,10.0,"",490.0,490.0,899.75
300468,0,30005665,3,10.0,0,10.0,"",490.0,490.0,899.75
300468,0,30005666,3,10.0,0,10.0,"",490.0,490.0,899.75
300468,0,30005667,3,10.0,0,10.0,"",490.0,490.0,899.75
300469,0,14133539,6,100.0,0,100.0,"",125.0,125.0,199.0
300470,0,14133539,9,100.0,0,100.0,"",125.0,125.0,199.0
300469,0,14133540,6,100.0,0,100.0,"",125.0,125.0,199.0
300470,0,14133540,9,100.0,0,100.0,"",125.0,125.0,199.0
300469,0,14133541,6,200.0,0,200.0,"",125.0,125.0,199.0
300470,0,14133541,9,200.0,0,200.0,"",125.0,125.0,199.0
300469,0,14133542,6,200.0,0,200.0,"",125.0,125.0,199.0
300470,0,14133542,9,200.0,0,200.0,"",125.0,125.0,199.0
300474,0,30000066,1,200.0,0,200.0,"",180.0,180.0,399.0
300478,0,30000066,1,200.0,0,200.0,"",180.0,180.0,399.0
300487,0,30000066,1,200.0,0,200.0,"",180.0,180.0,399.0
300475,0,30000066,5,500.0,0,500.0,"",180.0,180.0,399.0
300476,0,30000066,5,200.0,0,200.0,"",180.0,180.0,399.0
300479,0,30000066,5,500.0,0,500.0,"",180.0,180.0,399.0
300480,0,30000066,5,200.0,0,200.0,"",180.0,180.0,399.0
300488,0,30000066,5,500.0,0,500.0,"Y",180.0,180.0,399.0
300489,0,30000066,5,200.0,0,200.0,"",180.0,180.0,399.0
300474,0,30000066,6,200.0,0,200.0,"",180.0,180.0,399.0
300478,0,30000066,6,200.0,0,200.0,"",180.0,180.0,399.0
300487,0,30000066,6,200.0,0,200.0,"",180.0,180.0,399.0
300476,0,30000066,9,200.0,0,200.0,"",180.0,180.0,399.0
300480,0,30000066,9,200.0,0,200.0,"",180.0,180.0,399.0
300489,0,30000066,9,200.0,0,200.0,"",180.0,180.0,399.0
300474,0,30000067,1,200.0,0,200.0,"",180.0,180.0,399.0
300478,0,30000067,1,200.0,0,200.0,"",180.0,180.0,399.0
300487,0,30000067,1,200.0,0,200.0,"",180.0,180.0,399.0
300476,0,30000067,5,200.0,0,200.0,"",180.0,180.0,399.0
300480,0,30000067,5,200.0,0,200.0,"",180.0,180.0,399.0
300489,0,30000067,5,200.0,0,200.0,"",180.0,180.0,399.0
300474,0,30000067,6,200.0,0,200.0,"",180.0,180.0,399.0
300478,0,30000067,6,200.0,0,200.0,"",180.0,180.0,399.0
300487,0,30000067,6,200.0,0,200.0,"",180.0,180.0,399.0
300476,0,30000067,9,200.0,0,200.0,"",180.0,180.0,399.0
300480,0,30000067,9,200.0,0,200.0,"",180.0,180.0,399.0
300489,0,30000067,9,200.0,0,200.0,"",180.0,180.0,399.0
300474,0,30000068,1,300.0,0,300.0,"",180.0,180.0,399.0
300478,0,30000068,1,300.0,0,300.0,"",180.0,180.0,399.0
300487,0,30000068,1,300.0,0,300.0,"",180.0,180.0,399.0
300476,0,30000068,5,300.0,0,300.0,"",180.0,180.0,399.0
300480,0,30000068,5,300.0,0,300.0,"",180.0,180.0,399.0
300489,0,30000068,5,300.0,0,300.0,"",180.0,180.0,399.0
300474,0,30000068,6,300.0,0,300.0,"",180.0,180.0,399.0
300478,0,30000068,6,300.0,0,300.0,"",180.0,180.0,399.0
300487,0,30000068,6,300.0,0,300.0,"",180.0,180.0,399.0
300476,0,30000068,9,300.0,0,300.0,"",180.0,180.0,399.0
300480,0,30000068,9,300.0,0,300.0,"",180.0,180.0,399.0
300489,0,30000068,9,300.0,0,300.0,"",180.0,180.0,399.0
300474,0,30000069,1,300.0,0,300.0,"",180.0,180.0,399.0
300478,0,30000069,1,300.0,0,300.0,"",180.0,180.0,399.0
300487,0,30000069,1,300.0,0,300.0,"",180.0,180.0,399.0
300476,0,30000069,5,300.0,0,300.0,"",180.0,180.0,399.0
300480,0,30000069,5,300.0,0,300.0,"",180.0,180.0,399.0
300489,0,30000069,5,300.0,0,300.0,"",180.0,180.0,399.0
300474,0,30000069,6,300.0,0,300.0,"",180.0,180.0,399.0
300478,0,30000069,6,300.0,0,300.0,"",180.0,180.0,399.0
300487,0,30000069,6,300.0,0,300.0,"",180.0,180.0,399.0
300476,0,30000069,9,300.0,0,300.0,"",180.0,180.0,399.0
300480,0,30000069,9,300.0,0,300.0,"",180.0,180.0,399.0
300489,0,30000069,9,300.0,0,300.0,"",180.0,180.0,399.0
300494,0,30001073,9,300.0,0,300.0,"",225.0,225.0,399.0
300494,0,30001074,9,300.0,0,300.0,"",225.0,225.0,399.0
300494,0,30001075,9,300.0,0,300.0,"",225.0,225.0,399.0
300495,0,30001249,9,300.0,0,300.0,"",170.0,170.0,399.0
300495,0,30001250,9,300.0,0,300.0,"",170.0,170.0,399.0
300495,0,30001251,9,300.0,0,300.0,"",170.0,170.0,399.0
300472,0,30005653,245,10.0,0,10.0,"",490.0,490.0,899.75
300472,0,30005654,245,10.0,0,10.0,"",490.0,490.0,899.75
300472,0,30005655,245,10.0,0,10.0,"",490.0,490.0,899.75
300472,0,30005656,245,10.0,0,10.0,"",490.0,490.0,899.75
300472,0,30005657,245,10.0,0,10.0,"",490.0,490.0,899.75
300472,0,30005658,245,10.0,0,10.0,"",490.0,490.0,899.75
300472,0,30005659,245,10.0,0,10.0,"",490.0,490.0,899.75
300471,0,30005660,1,10.0,0,10.0,"",490.0,490.0,899.75
300471,0,30005661,1,10.0,0,10.0,"",490.0,490.0,899.75
300471,0,30005662,1,10.0,0,10.0,"",490.0,490.0,899.75
300472,0,30005663,3,10.0,0,10.0,"",490.0,490.0,899.75
300472,0,30005664,3,10.0,0,10.0,"",490.0,490.0,899.75
300472,0,30005665,3,10.0,0,10.0,"",490.0,490.0,899.75
300473,0,30005666,3,10.0,0,10.0,"",490.0,490.0,899.75
300473,0,30005667,3,10.0,0,10.0,"",490.0,490.0,899.75
300482,0,30008641,1,200.0,0,200.0,"",200.0,200.0,399.0
300491,0,30008641,1,200.0,0,200.0,"",200.0,200.0,399.0
300482,0,30008641,6,400.0,0,400.0,"",200.0,200.0,399.0
300491,0,30008641,6,400.0,0,400.0,"",200.0,200.0,399.0
300482,0,30008642,1,200.0,0,200.0,"",200.0,200.0,399.0
300491,0,30008642,1,200.0,0,200.0,"",200.0,200.0,399.0
300482,0,30008642,6,400.0,0,400.0,"",200.0,200.0,399.0
300491,0,30008642,6,400.0,0,400.0,"",200.0,200.0,399.0
300482,0,30008643,1,300.0,0,300.0,"",200.0,200.0,399.0
300491,0,30008643,1,300.0,0,300.0,"",200.0,200.0,399.0
300481,0,30008643,6,100.0,0,100.0,"",200.0,200.0,399.0
300482,0,30008643,6,600.0,0,600.0,"",200.0,200.0,399.0
300490,0,30008643,6,100.0,0,100.0,"",200.0,200.0,399.0
300491,0,30008643,6,600.0,0,600.0,"",200.0,200.0,399.0
300482,0,30008644,1,300.0,0,300.0,"",200.0,200.0,399.0
300491,0,30008644,1,300.0,0,300.0,"",200.0,200.0,399.0
300482,0,30008644,6,600.0,0,600.0,"",200.0,200.0,399.0
300491,0,30008644,6,600.0,0,600.0,"",200.0,200.0,399.0
300486,0,30008646,9,200.0,0,200.0,"",350.0,350.0,699.0
300486,0,30008647,9,200.0,0,200.0,"",350.0,350.0,699.0
300485,0,30008648,9,300.0,0,300.0,"Y",350.0,350.0,699.0
300486,0,30008648,9,300.0,0,300.0,"",350.0,350.0,699.0
300486,0,30008649,9,300.0,0,300.0,"",350.0,350.0,699.0
300486,0,30008650,9,200.0,0,200.0,"",350.0,350.0,699.0
300486,0,30008651,9,200.0,0,200.0,"",350.0,350.0,699.0
300486,0,30008652,9,300.0,0,300.0,"",350.0,350.0,699.0
300486,0,30008653,9,300.0,0,300.0,"",350.0,350.0,699.0
300500,0,30000066,1,200.0,0,200.0,"",180.0,180.0,399.0
300528,0,30000066,5,500.0,0,500.0,"",180.0,180.0,399.0
300500,0,30000066,6,200.0,0,200.0,"",180.0,180.0,399.0
300500,0,30000067,1,200.0,0,200.0,"",180.0,180.0,399.0
300500,0,30000067,6,200.0,0,200.0,"",180.0,180.0,399.0
300500,0,30000068,6,300.0,0,300.0,"",180.0,180.0,399.0
300500,0,30000069,6,300.0,0,300.0,"",180.0,180.0,399.0
300502,0,30001073,9,300.0,0,300.0,"",225.0,225.0,399.0
300504,0,30001073,9,300.0,0,300.0,"",225.0,225.0,399.0
300505,0,30001073,9,300.0,0,300.0,"",225.0,225.0,399.0
300502,0,30001074,9,300.0,0,300.0,"",225.0,225.0,399.0
300504,0,30001074,9,300.0,0,300.0,"",225.0,225.0,399.0
300502,0,30001075,9,300.0,0,300.0,"",225.0,225.0,399.0
300504,0,30001075,9,300.0,0,300.0,"",225.0,225.0,399.0
300499,0,59881745,1,10.0,0,10.0,"",709.822,709.822,999.75
300508,0,59881745,1,10.0,0,10.0,"",800.0,800.0,999.75
300512,0,59881745,1,10.0,0,10.0,"",800.0,800.0,999.75
300517,0,59881745,1,10.0,0,10.0,"",800.0,800.0,999.75
300521,0,59881745,1,10.0,0,10.0,"",800.0,800.0,999.75
300526,0,59881745,1,10.0,0,10.0,"",709.822,709.822,999.75
300498,0,59881745,3,10.0,0,10.0,"",800.0,800.0,999.75
300509,0,59881745,3,10.0,0,10.0,"",800.0,800.0,999.75
300513,0,59881745,3,10.0,0,10.0,"",800.0,800.0,999.75
300518,0,59881745,3,10.0,0,10.0,"",800.0,800.0,999.75
300522,0,59881745,3,10.0,0,10.0,"",800.0,800.0,999.75
300525,0,59881745,3,10.0,0,10.0,"",800.0,800.0,999.75
300532,0,30008643,6,100.0,0,100.0,"Y",200.0,200.0,399.0
300533,0,30008643,9,100.0,0,100.0,"",200.0,200.0,399.0
300535,0,30000066,5,500.0,0,500.0,"",180.0,180.0,399.0
300542,0,14084903,1,10.0,0,10.0,"",0,250.0,299.0
300547,0,14084903,1,10.0,0,10.0,"",0,0,299.0
300543,0,14084903,3,10.0,0,10.0,"",0,0,299.0
300548,0,14084903,3,10.0,0,10.0,"",0,0,299.0
300542,0,14084904,1,10.0,0,10.0,"",0,0,299.0
300547,0,14084904,1,10.0,0,10.0,"",0,0,299.0
300543,0,14084904,3,10.0,0,10.0,"",0,0,299.0
300548,0,14084904,3,10.0,0,10.0,"",0,0,299.0
300542,0,14084905,1,10.0,0,10.0,"",0,0,299.0
300547,0,14084905,1,10.0,0,10.0,"",0,0,299.0
300543,0,14084905,3,10.0,0,10.0,"",0,0,299.0
300541,0,30000000,1,10.0,0,10.0,"",250.0,250.0,499.75
300551,0,30000066,1,500.0,0,500.0,"",180.0,180.0,399.0
300552,0,30000066,1,200.0,0,200.0,"",180.0,180.0,399.0
300549,0,30000066,6,500.0,0,500.0,"",180.0,180.0,399.0
300550,0,30000066,6,500.0,0,500.0,"",180.0,180.0,399.0
300551,0,30000066,6,500.0,0,500.0,"",180.0,180.0,399.0
300552,0,30000066,6,200.0,0,200.0,"",180.0,180.0,399.0
300552,0,30000067,1,200.0,0,200.0,"",180.0,180.0,399.0
300549,0,30000067,6,500.0,0,500.0,"",180.0,180.0,399.0
300552,0,30000067,6,200.0,0,200.0,"",180.0,180.0,399.0
300550,0,30000068,6,500.0,0,500.0,"",180.0,180.0,399.0
300552,0,30000068,6,300.0,0,300.0,"",180.0,180.0,399.0
300553,0,30000068,6,500.0,0,500.0,"",180.0,180.0,399.0
300551,0,30000069,1,500.0,0,500.0,"",180.0,180.0,399.0
300550,0,30000069,6,500.0,0,500.0,"",180.0,180.0,399.0
300551,0,30000069,6,500.0,0,500.0,"",180.0,180.0,399.0
300552,0,30000069,6,300.0,0,300.0,"",180.0,180.0,399.0
300553,0,30000069,6,500.0,0,500.0,"",180.0,180.0,399.0
300540,0,59881757,3,10.0,0,10.0,"",709.822,709.822,999.75
300555,0,30000066,1,500.0,0,500.0,"",180.0,180.0,399.0
300556,0,30000067,3,500.0,0,500.0,"",180.0,180.0,399.0
300556,0,30000068,3,500.0,0,500.0,"",180.0,180.0,399.0
300555,0,30000068,6,500.0,0,500.0,"",180.0,180.0,399.0
300555,0,30000069,1,500.0,0,500.0,"",180.0,180.0,399.0
300555,0,30000069,6,500.0,0,500.0,"",180.0,180.0,399.0
300558,0,30000068,6,500.0,0,500.0,"",180.0,180.0,399.0
300559,0,30000068,6,500.0,0,500.0,"",180.0,180.0,399.0
300558,0,30000069,6,500.0,0,500.0,"",180.0,180.0,399.0
300559,0,30000069,6,500.0,0,500.0,"",180.0,180.0,399.0
300560,0,30001249,9,300.0,0,300.0,"",170.0,170.0,399.0
300561,0,30001251,9,300.0,0,300.0,"",170.0,170.0,399.0
300564,0,30008646,3,2.0,0,2.0,"",350.0,350.0,699.0
300562,0,30008646,6,6.0,0,6.0,"",350.0,350.0,699.0
300563,0,30008646,9,4.0,0,4.0,"",350.0,350.0,699.0
300567,0,30008646,14,2.0,0,2.0,"",350.0,350.0,699.0
300562,0,30008646,15,2.0,0,2.0,"",350.0,350.0,699.0
300569,0,30008646,32,4.0,0,4.0,"",350.0,350.0,699.0
300563,0,30008646,46,2.0,0,2.0,"",350.0,350.0,699.0
300569,0,30008646,50,6.0,0,6.0,"",350.0,350.0,699.0
300564,0,30008646,65,2.0,0,2.0,"",350.0,350.0,699.0
300564,0,30008646,73,2.0,0,2.0,"",350.0,350.0,699.0
300566,0,30008646,94,2.0,0,2.0,"",350.0,350.0,699.0
300570,0,30008646,95,2.0,0,2.0,"",350.0,350.0,699.0
300570,0,30008646,120,2.0,0,2.0,"",350.0,350.0,699.0
300568,0,30008646,130,2.0,0,2.0,"",350.0,350.0,699.0
300566,0,30008646,134,2.0,0,2.0,"",350.0,350.0,699.0
300565,0,30008646,138,2.0,0,2.0,"",350.0,350.0,699.0
300569,0,30008646,142,2.0,0,2.0,"",350.0,350.0,699.0
300567,0,30008646,145,2.0,0,2.0,"",350.0,350.0,699.0
300568,0,30008646,148,2.0,0,2.0,"",350.0,350.0,699.0
300569,0,30008646,149,2.0,0,2.0,"",350.0,350.0,699.0
300566,0,30008646,238,4.0,0,4.0,"",350.0,350.0,699.0
300567,0,30008646,241,2.0,0,2.0,"",350.0,350.0,699.0
300564,0,30008646,245,2.0,0,2.0,"",350.0,350.0,699.0
300568,0,30008646,270,2.0,0,2.0,"",350.0,350.0,699.0
300565,0,30008646,274,2.0,0,2.0,"",350.0,350.0,699.0
300562,0,30008646,277,2.0,0,2.0,"",350.0,350.0,699.0
300567,0,30008646,440,2.0,0,2.0,"",350.0,350.0,699.0
300570,0,30008646,1090,2.0,0,2.0,"",350.0,350.0,699.0
300564,0,30008646,1132,2.0,0,2.0,"",350.0,350.0,699.0
300565,0,30008646,1296,2.0,0,2.0,"",350.0,350.0,699.0
300569,0,30008646,1663,2.0,0,2.0,"",350.0,350.0,699.0
300570,0,30008646,2203,2.0,0,2.0,"",350.0,350.0,699.0
300568,0,30008646,2552,2.0,0,2.0,"",350.0,350.0,699.0
300570,0,30008646,2592,4.0,0,4.0,"",350.0,350.0,699.0
300564,0,30008647,3,2.0,0,2.0,"",350.0,350.0,699.0
300562,0,30008647,6,6.0,0,6.0,"",350.0,350.0,699.0
300563,0,30008647,9,4.0,0,4.0,"",350.0,350.0,699.0
300567,0,30008647,14,2.0,0,2.0,"",350.0,350.0,699.0
300562,0,30008647,15,2.0,0,2.0,"",350.0,350.0,699.0
300569,0,30008647,32,4.0,0,4.0,"",350.0,350.0,699.0
300563,0,30008647,46,2.0,0,2.0,"",350.0,350.0,699.0
300569,0,30008647,50,6.0,0,6.0,"",350.0,350.0,699.0
300564,0,30008647,65,2.0,0,2.0,"",350.0,350.0,699.0
300564,0,30008647,73,2.0,0,2.0,"",350.0,350.0,699.0
300566,0,30008647,94,2.0,0,2.0,"",350.0,350.0,699.0
300570,0,30008647,95,2.0,0,2.0,"",350.0,350.0,699.0
300570,0,30008647,120,2.0,0,2.0,"",350.0,350.0,699.0
300568,0,30008647,130,2.0,0,2.0,"",350.0,350.0,699.0
300566,0,30008647,134,2.0,0,2.0,"",350.0,350.0,699.0
300565,0,30008647,138,2.0,0,2.0,"",350.0,350.0,699.0
300569,0,30008647,142,2.0,0,2.0,"",350.0,350.0,699.0
300567,0,30008647,145,2.0,0,2.0,"",350.0,350.0,699.0
300568,0,30008647,148,2.0,0,2.0,"",350.0,350.0,699.0
300569,0,30008647,149,2.0,0,2.0,"",350.0,350.0,699.0
300566,0,30008647,238,4.0,0,4.0,"",350.0,350.0,699.0
300567,0,30008647,241,2.0,0,2.0,"",350.0,350.0,699.0
300564,0,30008647,245,2.0,0,2.0,"",350.0,350.0,699.0
300568,0,30008647,270,2.0,0,2.0,"",350.0,350.0,699.0
300565,0,30008647,274,2.0,0,2.0,"",350.0,350.0,699.0
300562,0,30008647,277,2.0,0,2.0,"",350.0,350.0,699.0
300567,0,30008647,440,2.0,0,2.0,"",350.0,350.0,699.0
300570,0,30008647,1090,2.0,0,2.0,"",350.0,350.0,699.0
300564,0,30008647,1132,2.0,0,2.0,"",350.0,350.0,699.0
300565,0,30008647,1296,2.0,0,2.0,"",350.0,350.0,699.0
300569,0,30008647,1663,2.0,0,2.0,"",350.0,350.0,699.0
300570,0,30008647,2203,2.0,0,2.0,"",350.0,350.0,699.0
300568,0,30008647,2552,2.0,0,2.0,"",350.0,350.0,699.0
300570,0,30008647,2592,4.0,0,4.0,"",350.0,350.0,699.0
300564,0,30008648,3,4.0,0,4.0,"",350.0,350.0,699.0
300562,0,30008648,6,12.0,0,12.0,"",350.0,350.0,699.0
300563,0,30008648,9,8.0,0,8.0,"",350.0,350.0,699.0
300567,0,30008648,14,4.0,0,4.0,"",350.0,350.0,699.0
300562,0,30008648,15,4.0,0,4.0,"",350.0,350.0,699.0
300569,0,30008648,32,8.0,0,8.0,"",350.0,350.0,699.0
300563,0,30008648,46,4.0,0,4.0,"",350.0,350.0,699.0
300569,0,30008648,50,12.0,0,12.0,"",350.0,350.0,699.0
300564,0,30008648,65,4.0,0,4.0,"",350.0,350.0,699.0
300564,0,30008648,73,4.0,0,4.0,"",350.0,350.0,699.0
300566,0,30008648,94,4.0,0,4.0,"",350.0,350.0,699.0
300570,0,30008648,95,4.0,0,4.0,"",350.0,350.0,699.0
300570,0,30008648,120,4.0,0,4.0,"",350.0,350.0,699.0
300568,0,30008648,130,4.0,0,4.0,"",350.0,350.0,699.0
300566,0,30008648,134,4.0,0,4.0,"",350.0,350.0,699.0
300565,0,30008648,138,4.0,0,4.0,"",350.0,350.0,699.0
300569,0,30008648,142,4.0,0,4.0,"",350.0,350.0,699.0
300567,0,30008648,145,4.0,0,4.0,"",350.0,350.0,699.0
300568,0,30008648,148,4.0,0,4.0,"",350.0,350.0,699.0
300569,0,30008648,149,4.0,0,4.0,"",350.0,350.0,699.0
300566,0,30008648,238,8.0,0,8.0,"",350.0,350.0,699.0
300567,0,30008648,241,4.0,0,4.0,"",350.0,350.0,699.0
300564,0,30008648,245,4.0,0,4.0,"",350.0,350.0,699.0
300568,0,30008648,270,4.0,0,4.0,"",350.0,350.0,699.0
300565,0,30008648,274,4.0,0,4.0,"",350.0,350.0,699.0
300562,0,30008648,277,4.0,0,4.0,"",350.0,350.0,699.0
300567,0,30008648,440,4.0,0,4.0,"",350.0,350.0,699.0
300570,0,30008648,1090,4.0,0,4.0,"",350.0,350.0,699.0
300564,0,30008648,1132,4.0,0,4.0,"",350.0,350.0,699.0
300565,0,30008648,1296,4.0,0,4.0,"",350.0,350.0,699.0
300569,0,30008648,1663,4.0,0,4.0,"",350.0,350.0,699.0
300570,0,30008648,2203,4.0,0,4.0,"",350.0,350.0,699.0
300568,0,30008648,2552,4.0,0,4.0,"",350.0,350.0,699.0
300570,0,30008648,2592,8.0,0,8.0,"",350.0,350.0,699.0
300564,0,30008649,3,4.0,0,4.0,"",350.0,350.0,699.0
300562,0,30008649,6,12.0,0,12.0,"",350.0,350.0,699.0
300563,0,30008649,9,8.0,0,8.0,"",350.0,350.0,699.0
300567,0,30008649,14,4.0,0,4.0,"",350.0,350.0,699.0
300562,0,30008649,15,4.0,0,4.0,"",350.0,350.0,699.0
300569,0,30008649,32,8.0,0,8.0,"",350.0,350.0,699.0
300563,0,30008649,46,4.0,0,4.0,"",350.0,350.0,699.0
300569,0,30008649,50,12.0,0,12.0,"",350.0,350.0,699.0
300564,0,30008649,65,4.0,0,4.0,"",350.0,350.0,699.0
300564,0,30008649,73,4.0,0,4.0,"",350.0,350.0,699.0
300566,0,30008649,94,4.0,0,4.0,"",350.0,350.0,699.0
300570,0,30008649,95,4.0,0,4.0,"",350.0,350.0,699.0
300570,0,30008649,120,4.0,0,4.0,"",350.0,350.0,699.0
300568,0,30008649,130,4.0,0,4.0,"",350.0,350.0,699.0
300566,0,30008649,134,4.0,0,4.0,"",350.0,350.0,699.0
300565,0,30008649,138,4.0,0,4.0,"",350.0,350.0,699.0
300569,0,30008649,142,4.0,0,4.0,"",350.0,350.0,699.0
300567,0,30008649,145,4.0,0,4.0,"",350.0,350.0,699.0
300568,0,30008649,148,4.0,0,4.0,"",350.0,350.0,699.0
300569,0,30008649,149,4.0,0,4.0,"",350.0,350.0,699.0
300566,0,30008649,238,8.0,0,8.0,"",350.0,350.0,699.0
300567,0,30008649,241,4.0,0,4.0,"",350.0,350.0,699.0
300564,0,30008649,245,4.0,0,4.0,"",350.0,350.0,699.0
300568,0,30008649,270,4.0,0,4.0,"",350.0,350.0,699.0
300565,0,30008649,274,4.0,0,4.0,"",350.0,350.0,699.0
300562,0,30008649,277,4.0,0,4.0,"",350.0,350.0,699.0
300567,0,30008649,440,4.0,0,4.0,"",350.0,350.0,699.0
300570,0,30008649,1090,4.0,0,4.0,"",350.0,350.0,699.0
300564,0,30008649,1132,4.0,0,4.0,"",350.0,350.0,699.0
300565,0,30008649,1296,4.0,0,4.0,"",350.0,350.0,699.0
300569,0,30008649,1663,4.0,0,4.0,"",350.0,350.0,699.0
300570,0,30008649,2203,4.0,0,4.0,"",350.0,350.0,699.0
300568,0,30008649,2552,4.0,0,4.0,"",350.0,350.0,699.0
300570,0,30008649,2592,8.0,0,8.0,"",350.0,350.0,699.0
300564,0,30008650,3,2.0,0,2.0,"",350.0,350.0,699.0
300562,0,30008650,6,6.0,0,6.0,"",350.0,350.0,699.0
300563,0,30008650,9,4.0,0,4.0,"",350.0,350.0,699.0
300567,0,30008650,14,2.0,0,2.0,"",350.0,350.0,699.0
300562,0,30008650,15,2.0,0,2.0,"",350.0,350.0,699.0
300569,0,30008650,32,4.0,0,4.0,"",350.0,350.0,699.0
300563,0,30008650,46,2.0,0,2.0,"",350.0,350.0,699.0
300569,0,30008650,50,6.0,0,6.0,"",350.0,350.0,699.0
300564,0,30008650,65,2.0,0,2.0,"",350.0,350.0,699.0
300564,0,30008650,73,2.0,0,2.0,"",350.0,350.0,699.0
300566,0,30008650,94,2.0,0,2.0,"",350.0,350.0,699.0
300570,0,30008650,95,2.0,0,2.0,"",350.0,350.0,699.0
300570,0,30008650,120,2.0,0,2.0,"",350.0,350.0,699.0
300568,0,30008650,130,2.0,0,2.0,"",350.0,350.0,699.0
300566,0,30008650,134,2.0,0,2.0,"",350.0,350.0,699.0
300565,0,30008650,138,2.0,0,2.0,"",350.0,350.0,699.0
300569,0,30008650,142,2.0,0,2.0,"",350.0,350.0,699.0
300567,0,30008650,145,2.0,0,2.0,"",350.0,350.0,699.0
300568,0,30008650,148,2.0,0,2.0,"",350.0,350.0,699.0
300569,0,30008650,149,2.0,0,2.0,"",350.0,350.0,699.0
300566,0,30008650,238,4.0,0,4.0,"",350.0,350.0,699.0
300567,0,30008650,241,2.0,0,2.0,"",350.0,350.0,699.0
300564,0,30008650,245,2.0,0,2.0,"",350.0,350.0,699.0
300568,0,30008650,270,2.0,0,2.0,"",350.0,350.0,699.0
300565,0,30008650,274,2.0,0,2.0,"",350.0,350.0,699.0
300562,0,30008650,277,2.0,0,2.0,"",350.0,350.0,699.0
300567,0,30008650,440,2.0,0,2.0,"",350.0,350.0,699.0
300570,0,30008650,1090,2.0,0,2.0,"",350.0,350.0,699.0
300564,0,30008650,1132,2.0,0,2.0,"",350.0,350.0,699.0
300565,0,30008650,1296,2.0,0,2.0,"",350.0,350.0,699.0
300569,0,30008650,1663,2.0,0,2.0,"",350.0,350.0,699.0
300570,0,30008650,2203,2.0,0,2.0,"",350.0,350.0,699.0
300568,0,30008650,2552,2.0,0,2.0,"",350.0,350.0,699.0
300570,0,30008650,2592,4.0,0,4.0,"",350.0,350.0,699.0
300564,0,30008651,3,2.0,0,2.0,"",350.0,350.0,699.0
300562,0,30008651,6,6.0,0,6.0,"",350.0,350.0,699.0
300563,0,30008651,9,4.0,0,4.0,"",350.0,350.0,699.0
300567,0,30008651,14,2.0,0,2.0,"",350.0,350.0,699.0
300562,0,30008651,15,2.0,0,2.0,"",350.0,350.0,699.0
300569,0,30008651,32,4.0,0,4.0,"",350.0,350.0,699.0
300563,0,30008651,46,2.0,0,2.0,"",350.0,350.0,699.0
300569,0,30008651,50,6.0,0,6.0,"",350.0,350.0,699.0
300564,0,30008651,65,2.0,0,2.0,"",350.0,350.0,699.0
300564,0,30008651,73,2.0,0,2.0,"",350.0,350.0,699.0
300566,0,30008651,94,2.0,0,2.0,"",350.0,350.0,699.0
300570,0,30008651,95,2.0,0,2.0,"",350.0,350.0,699.0
300570,0,30008651,120,2.0,0,2.0,"",350.0,350.0,699.0
300568,0,30008651,130,2.0,0,2.0,"",350.0,350.0,699.0
300566,0,30008651,134,2.0,0,2.0,"",350.0,350.0,699.0
300565,0,30008651,138,2.0,0,2.0,"",350.0,350.0,699.0
300569,0,30008651,142,2.0,0,2.0,"",350.0,350.0,699.0
300567,0,30008651,145,2.0,0,2.0,"",350.0,350.0,699.0
300568,0,30008651,148,2.0,0,2.0,"",350.0,350.0,699.0
300569,0,30008651,149,2.0,0,2.0,"",350.0,350.0,699.0
300566,0,30008651,238,4.0,0,4.0,"",350.0,350.0,699.0
300567,0,30008651,241,2.0,0,2.0,"",350.0,350.0,699.0
300564,0,30008651,245,2.0,0,2.0,"",350.0,350.0,699.0
300568,0,30008651,270,2.0,0,2.0,"",350.0,350.0,699.0
300565,0,30008651,274,2.0,0,2.0,"",350.0,350.0,699.0
300562,0,30008651,277,2.0,0,2.0,"",350.0,350.0,699.0
300567,0,30008651,440,2.0,0,2.0,"",350.0,350.0,699.0
300570,0,30008651,1090,2.0,0,2.0,"",350.0,350.0,699.0
300564,0,30008651,1132,2.0,0,2.0,"",350.0,350.0,699.0
300565,0,30008651,1296,2.0,0,2.0,"",350.0,350.0,699.0
300569,0,30008651,1663,2.0,0,2.0,"",350.0,350.0,699.0
300570,0,30008651,2203,2.0,0,2.0,"",350.0,350.0,699.0
300568,0,30008651,2552,2.0,0,2.0,"",350.0,350.0,699.0
300570,0,30008651,2592,4.0,0,4.0,"",350.0,350.0,699.0
300564,0,30008652,3,4.0,0,4.0,"",350.0,350.0,699.0
300562,0,30008652,6,12.0,0,12.0,"",350.0,350.0,699.0
300563,0,30008652,9,8.0,0,8.0,"",350.0,350.0,699.0
300567,0,30008652,14,4.0,0,4.0,"",350.0,350.0,699.0
300562,0,30008652,15,4.0,0,4.0,"",350.0,350.0,699.0
300569,0,30008652,32,8.0,0,8.0,"",350.0,350.0,699.0
300563,0,30008652,46,4.0,0,4.0,"",350.0,350.0,699.0
300569,0,30008652,50,12.0,0,12.0,"",350.0,350.0,699.0
300564,0,30008652,65,4.0,0,4.0,"",350.0,350.0,699.0
300564,0,30008652,73,4.0,0,4.0,"",350.0,350.0,699.0
300566,0,30008652,94,4.0,0,4.0,"",350.0,350.0,699.0
300570,0,30008652,95,4.0,0,4.0,"",350.0,350.0,699.0
300570,0,30008652,120,4.0,0,4.0,"",350.0,350.0,699.0
300568,0,30008652,130,4.0,0,4.0,"",350.0,350.0,699.0
300566,0,30008652,134,4.0,0,4.0,"",350.0,350.0,699.0
300565,0,30008652,138,4.0,0,4.0,"",350.0,350.0,699.0
300569,0,30008652,142,4.0,0,4.0,"",350.0,350.0,699.0
300567,0,30008652,145,4.0,0,4.0,"",350.0,350.0,699.0
300568,0,30008652,148,4.0,0,4.0,"",350.0,350.0,699.0
300569,0,30008652,149,4.0,0,4.0,"",350.0,350.0,699.0
300566,0,30008652,238,8.0,0,8.0,"",350.0,350.0,699.0
300567,0,30008652,241,4.0,0,4.0,"",350.0,350.0,699.0
300564,0,30008652,245,4.0,0,4.0,"",350.0,350.0,699.0
300568,0,30008652,270,4.0,0,4.0,"",350.0,350.0,699.0
300565,0,30008652,274,4.0,0,4.0,"",350.0,350.0,699.0
300562,0,30008652,277,4.0,0,4.0,"",350.0,350.0,699.0
300567,0,30008652,440,4.0,0,4.0,"",350.0,350.0,699.0
300570,0,30008652,1090,4.0,0,4.0,"",350.0,350.0,699.0
300564,0,30008652,1132,4.0,0,4.0,"",350.0,350.0,699.0
300565,0,30008652,1296,4.0,0,4.0,"",350.0,350.0,699.0
300569,0,30008652,1663,4.0,0,4.0,"",350.0,350.0,699.0
300570,0,30008652,2203,4.0,0,4.0,"",350.0,350.0,699.0
300568,0,30008652,2552,4.0,0,4.0,"",350.0,350.0,699.0
300570,0,30008652,2592,8.0,0,8.0,"",350.0,350.0,699.0
300564,0,30008653,3,4.0,0,4.0,"",350.0,350.0,699.0
300562,0,30008653,6,12.0,0,12.0,"",350.0,350.0,699.0
300563,0,30008653,9,8.0,0,8.0,"",350.0,350.0,699.0
300567,0,30008653,14,4.0,0,4.0,"",350.0,350.0,699.0
300562,0,30008653,15,4.0,0,4.0,"",350.0,350.0,699.0
300569,0,30008653,32,8.0,0,8.0,"",350.0,350.0,699.0
300563,0,30008653,46,4.0,0,4.0,"",350.0,350.0,699.0
300569,0,30008653,50,12.0,0,12.0,"",350.0,350.0,699.0
300564,0,30008653,65,4.0,0,4.0,"",350.0,350.0,699.0
300564,0,30008653,73,4.0,0,4.0,"",350.0,350.0,699.0
300566,0,30008653,94,4.0,0,4.0,"",350.0,350.0,699.0
300570,0,30008653,95,4.0,0,4.0,"",350.0,350.0,699.0
300570,0,30008653,120,4.0,0,4.0,"",350.0,350.0,699.0
300568,0,30008653,130,4.0,0,4.0,"",350.0,350.0,699.0
300566,0,30008653,134,4.0,0,4.0,"",350.0,350.0,699.0
300565,0,30008653,138,4.0,0,4.0,"",350.0,350.0,699.0
300569,0,30008653,142,4.0,0,4.0,"",350.0,350.0,699.0
300567,0,30008653,145,4.0,0,4.0,"",350.0,350.0,699.0
300568,0,30008653,148,4.0,0,4.0,"",350.0,350.0,699.0
300569,0,30008653,149,4.0,0,4.0,"",350.0,350.0,699.0
300566,0,30008653,238,8.0,0,8.0,"",350.0,350.0,699.0
300567,0,30008653,241,4.0,0,4.0,"",350.0,350.0,699.0
300564,0,30008653,245,4.0,0,4.0,"",350.0,350.0,699.0
300568,0,30008653,270,4.0,0,4.0,"",350.0,350.0,699.0
300565,0,30008653,274,4.0,0,4.0,"",350.0,350.0,699.0
300562,0,30008653,277,4.0,0,4.0,"",350.0,350.0,699.0
300567,0,30008653,440,4.0,0,4.0,"",350.0,350.0,699.0
300570,0,30008653,1090,4.0,0,4.0,"",350.0,350.0,699.0
300564,0,30008653,1132,4.0,0,4.0,"",350.0,350.0,699.0
300565,0,30008653,1296,4.0,0,4.0,"",350.0,350.0,699.0
300569,0,30008653,1663,4.0,0,4.0,"",350.0,350.0,699.0
300570,0,30008653,2203,4.0,0,4.0,"",350.0,350.0,699.0
300568,0,30008653,2552,4.0,0,4.0,"",350.0,350.0,699.0
300570,0,30008653,2592,8.0,0,8.0,"",350.0,350.0,699.0
300573,0,30008646,3,2.0,0,2.0,"",350.0,350.0,699.0
300571,0,30008646,6,6.0,0,6.0,"",350.0,350.0,699.0
300572,0,30008646,9,4.0,0,4.0,"",350.0,350.0,699.0
300576,0,30008646,14,2.0,0,2.0,"",350.0,350.0,699.0
300571,0,30008646,15,2.0,0,2.0,"",350.0,350.0,699.0
300578,0,30008646,32,4.0,0,4.0,"",350.0,350.0,699.0
300572,0,30008646,46,2.0,0,2.0,"",350.0,350.0,699.0
300578,0,30008646,50,6.0,0,6.0,"",350.0,350.0,699.0
300573,0,30008646,65,2.0,0,2.0,"",350.0,350.0,699.0
300573,0,30008646,73,2.0,0,2.0,"",350.0,350.0,699.0
300575,0,30008646,94,2.0,0,2.0,"",350.0,350.0,699.0
300579,0,30008646,95,2.0,0,2.0,"",350.0,350.0,699.0
300579,0,30008646,120,2.0,0,2.0,"",350.0,350.0,699.0
300577,0,30008646,130,2.0,0,2.0,"",350.0,350.0,699.0
300575,0,30008646,134,2.0,0,2.0,"",350.0,350.0,699.0
300574,0,30008646,138,2.0,0,2.0,"",350.0,350.0,699.0
300578,0,30008646,142,2.0,0,2.0,"",350.0,350.0,699.0
300576,0,30008646,145,2.0,0,2.0,"",350.0,350.0,699.0
300577,0,30008646,148,2.0,0,2.0,"",350.0,350.0,699.0
300578,0,30008646,149,2.0,0,2.0,"",350.0,350.0,699.0
300575,0,30008646,238,4.0,0,4.0,"",350.0,350.0,699.0
300576,0,30008646,241,2.0,0,2.0,"",350.0,350.0,699.0
300573,0,30008646,245,2.0,0,2.0,"",350.0,350.0,699.0
300577,0,30008646,270,2.0,0,2.0,"",350.0,350.0,699.0
300574,0,30008646,274,2.0,0,2.0,"",350.0,350.0,699.0
300571,0,30008646,277,2.0,0,2.0,"",350.0,350.0,699.0
300576,0,30008646,440,2.0,0,2.0,"",350.0,350.0,699.0
300579,0,30008646,1090,2.0,0,2.0,"",350.0,350.0,699.0
300573,0,30008646,1132,2.0,0,2.0,"",350.0,350.0,699.0
300574,0,30008646,1296,2.0,0,2.0,"",350.0,350.0,699.0
300578,0,30008646,1663,2.0,0,2.0,"",350.0,350.0,699.0
300579,0,30008646,2203,2.0,0,2.0,"",350.0,350.0,699.0
300577,0,30008646,2552,2.0,0,2.0,"",350.0,350.0,699.0
300579,0,30008646,2592,4.0,0,4.0,"",350.0,350.0,699.0
300573,0,30008647,3,2.0,0,2.0,"",350.0,350.0,699.0
300571,0,30008647,6,6.0,0,6.0,"",350.0,350.0,699.0
300572,0,30008647,9,4.0,0,4.0,"",350.0,350.0,699.0
300576,0,30008647,14,2.0,0,2.0,"",350.0,350.0,699.0
300571,0,30008647,15,2.0,0,2.0,"",350.0,350.0,699.0
300578,0,30008647,32,4.0,0,4.0,"",350.0,350.0,699.0
300572,0,30008647,46,2.0,0,2.0,"",350.0,350.0,699.0
300578,0,30008647,50,6.0,0,6.0,"",350.0,350.0,699.0
300573,0,30008647,65,2.0,0,2.0,"",350.0,350.0,699.0
300573,0,30008647,73,2.0,0,2.0,"",350.0,350.0,699.0
300575,0,30008647,94,2.0,0,2.0,"",350.0,350.0,699.0
300579,0,30008647,95,2.0,0,2.0,"",350.0,350.0,699.0
300579,0,30008647,120,2.0,0,2.0,"",350.0,350.0,699.0
300577,0,30008647,130,2.0,0,2.0,"",350.0,350.0,699.0
300575,0,30008647,134,2.0,0,2.0,"",350.0,350.0,699.0
300574,0,30008647,138,2.0,0,2.0,"",350.0,350.0,699.0
300578,0,30008647,142,2.0,0,2.0,"",350.0,350.0,699.0
300576,0,30008647,145,2.0,0,2.0,"",350.0,350.0,699.0
300577,0,30008647,148,2.0,0,2.0,"",350.0,350.0,699.0
300578,0,30008647,149,2.0,0,2.0,"",350.0,350.0,699.0
300575,0,30008647,238,4.0,0,4.0,"",350.0,350.0,699.0
300576,0,30008647,241,2.0,0,2.0,"",350.0,350.0,699.0
300573,0,30008647,245,2.0,0,2.0,"",350.0,350.0,699.0
300577,0,30008647,270,2.0,0,2.0,"",350.0,350.0,699.0
300574,0,30008647,274,2.0,0,2.0,"",350.0,350.0,699.0
300571,0,30008647,277,2.0,0,2.0,"",350.0,350.0,699.0
300576,0,30008647,440,2.0,0,2.0,"",350.0,350.0,699.0
300579,0,30008647,1090,2.0,0,2.0,"",350.0,350.0,699.0
300573,0,30008647,1132,2.0,0,2.0,"",350.0,350.0,699.0
300574,0,30008647,1296,2.0,0,2.0,"",350.0,350.0,699.0
300578,0,30008647,1663,2.0,0,2.0,"",350.0,350.0,699.0
300579,0,30008647,2203,2.0,0,2.0,"",350.0,350.0,699.0
300577,0,30008647,2552,2.0,0,2.0,"",350.0,350.0,699.0
300579,0,30008647,2592,4.0,0,4.0,"",350.0,350.0,699.0
300573,0,30008648,3,4.0,0,4.0,"",350.0,350.0,699.0
300571,0,30008648,6,12.0,0,12.0,"",350.0,350.0,699.0
300572,0,30008648,9,8.0,0,8.0,"",350.0,350.0,699.0
300576,0,30008648,14,4.0,0,4.0,"",350.0,350.0,699.0
300571,0,30008648,15,4.0,0,4.0,"",350.0,350.0,699.0
300578,0,30008648,32,8.0,0,8.0,"",350.0,350.0,699.0
300572,0,30008648,46,4.0,0,4.0,"",350.0,350.0,699.0
300578,0,30008648,50,12.0,0,12.0,"",350.0,350.0,699.0
300573,0,30008648,65,4.0,0,4.0,"",350.0,350.0,699.0
300573,0,30008648,73,4.0,0,4.0,"",350.0,350.0,699.0
300575,0,30008648,94,4.0,0,4.0,"",350.0,350.0,699.0
300579,0,30008648,95,4.0,0,4.0,"",350.0,350.0,699.0
300579,0,30008648,120,4.0,0,4.0,"",350.0,350.0,699.0
300577,0,30008648,130,4.0,0,4.0,"",350.0,350.0,699.0
300575,0,30008648,134,4.0,0,4.0,"",350.0,350.0,699.0
300574,0,30008648,138,4.0,0,4.0,"",350.0,350.0,699.0
300578,0,30008648,142,4.0,0,4.0,"",350.0,350.0,699.0
300576,0,30008648,145,4.0,0,4.0,"",350.0,350.0,699.0
300577,0,30008648,148,4.0,0,4.0,"",350.0,350.0,699.0
300578,0,30008648,149,4.0,0,4.0,"",350.0,350.0,699.0
300575,0,30008648,238,8.0,0,8.0,"",350.0,350.0,699.0
300576,0,30008648,241,4.0,0,4.0,"",350.0,350.0,699.0
300573,0,30008648,245,4.0,0,4.0,"",350.0,350.0,699.0
300577,0,30008648,270,4.0,0,4.0,"",350.0,350.0,699.0
300574,0,30008648,274,4.0,0,4.0,"",350.0,350.0,699.0
300571,0,30008648,277,4.0,0,4.0,"",350.0,350.0,699.0
300576,0,30008648,440,4.0,0,4.0,"",350.0,350.0,699.0
300579,0,30008648,1090,4.0,0,4.0,"",350.0,350.0,699.0
300573,0,30008648,1132,4.0,0,4.0,"",350.0,350.0,699.0
300574,0,30008648,1296,4.0,0,4.0,"",350.0,350.0,699.0
300578,0,30008648,1663,4.0,0,4.0,"",350.0,350.0,699.0
300579,0,30008648,2203,4.0,0,4.0,"",350.0,350.0,699.0
300577,0,30008648,2552,4.0,0,4.0,"",350.0,350.0,699.0
300579,0,30008648,2592,8.0,0,8.0,"",350.0,350.0,699.0
300573,0,30008649,3,4.0,0,4.0,"",350.0,350.0,699.0
300571,0,30008649,6,12.0,0,12.0,"",350.0,350.0,699.0
300572,0,30008649,9,8.0,0,8.0,"",350.0,350.0,699.0
300576,0,30008649,14,4.0,0,4.0,"",350.0,350.0,699.0
300571,0,30008649,15,4.0,0,4.0,"",350.0,350.0,699.0
300578,0,30008649,32,8.0,0,8.0,"",350.0,350.0,699.0
300572,0,30008649,46,4.0,0,4.0,"",350.0,350.0,699.0
300578,0,30008649,50,12.0,0,12.0,"",350.0,350.0,699.0
300573,0,30008649,65,4.0,0,4.0,"",350.0,350.0,699.0
300573,0,30008649,73,4.0,0,4.0,"",350.0,350.0,699.0
300575,0,30008649,94,4.0,0,4.0,"",350.0,350.0,699.0
300579,0,30008649,95,4.0,0,4.0,"",350.0,350.0,699.0
300579,0,30008649,120,4.0,0,4.0,"",350.0,350.0,699.0
300577,0,30008649,130,4.0,0,4.0,"",350.0,350.0,699.0
300575,0,30008649,134,4.0,0,4.0,"",350.0,350.0,699.0
300574,0,30008649,138,4.0,0,4.0,"",350.0,350.0,699.0
300578,0,30008649,142,4.0,0,4.0,"",350.0,350.0,699.0
300576,0,30008649,145,4.0,0,4.0,"",350.0,350.0,699.0
300577,0,30008649,148,4.0,0,4.0,"",350.0,350.0,699.0
300578,0,30008649,149,4.0,0,4.0,"",350.0,350.0,699.0
300575,0,30008649,238,8.0,0,8.0,"",350.0,350.0,699.0
300576,0,30008649,241,4.0,0,4.0,"",350.0,350.0,699.0
300573,0,30008649,245,4.0,0,4.0,"",350.0,350.0,699.0
300577,0,30008649,270,4.0,0,4.0,"",350.0,350.0,699.0
300574,0,30008649,274,4.0,0,4.0,"",350.0,350.0,699.0
300571,0,30008649,277,4.0,0,4.0,"",350.0,350.0,699.0
300576,0,30008649,440,4.0,0,4.0,"",350.0,350.0,699.0
300579,0,30008649,1090,4.0,0,4.0,"",350.0,350.0,699.0
300573,0,30008649,1132,4.0,0,4.0,"",350.0,350.0,699.0
300574,0,30008649,1296,4.0,0,4.0,"",350.0,350.0,699.0
300578,0,30008649,1663,4.0,0,4.0,"",350.0,350.0,699.0
300579,0,30008649,2203,4.0,0,4.0,"",350.0,350.0,699.0
300577,0,30008649,2552,4.0,0,4.0,"",350.0,350.0,699.0
300579,0,30008649,2592,8.0,0,8.0,"",350.0,350.0,699.0
300573,0,30008650,3,2.0,0,2.0,"",350.0,350.0,699.0
300571,0,30008650,6,6.0,0,6.0,"",350.0,350.0,699.0
300572,0,30008650,9,4.0,0,4.0,"",350.0,350.0,699.0
300576,0,30008650,14,2.0,0,2.0,"",350.0,350.0,699.0
300571,0,30008650,15,2.0,0,2.0,"",350.0,350.0,699.0
300578,0,30008650,32,4.0,0,4.0,"",350.0,350.0,699.0
300572,0,30008650,46,2.0,0,2.0,"",350.0,350.0,699.0
300578,0,30008650,50,6.0,0,6.0,"",350.0,350.0,699.0
300573,0,30008650,65,2.0,0,2.0,"",350.0,350.0,699.0
300573,0,30008650,73,2.0,0,2.0,"",350.0,350.0,699.0
300575,0,30008650,94,2.0,0,2.0,"",350.0,350.0,699.0
300579,0,30008650,95,2.0,0,2.0,"",350.0,350.0,699.0
300579,0,30008650,120,2.0,0,2.0,"",350.0,350.0,699.0
300577,0,30008650,130,2.0,0,2.0,"",350.0,350.0,699.0
300575,0,30008650,134,2.0,0,2.0,"",350.0,350.0,699.0
300574,0,30008650,138,2.0,0,2.0,"",350.0,350.0,699.0
300578,0,30008650,142,2.0,0,2.0,"",350.0,350.0,699.0
300576,0,30008650,145,2.0,0,2.0,"",350.0,350.0,699.0
300577,0,30008650,148,2.0,0,2.0,"",350.0,350.0,699.0
300578,0,30008650,149,2.0,0,2.0,"",350.0,350.0,699.0
300575,0,30008650,238,4.0,0,4.0,"",350.0,350.0,699.0
300576,0,30008650,241,2.0,0,2.0,"",350.0,350.0,699.0
300573,0,30008650,245,2.0,0,2.0,"",350.0,350.0,699.0
300577,0,30008650,270,2.0,0,2.0,"",350.0,350.0,699.0
300574,0,30008650,274,2.0,0,2.0,"",350.0,350.0,699.0
300571,0,30008650,277,2.0,0,2.0,"",350.0,350.0,699.0
300576,0,30008650,440,2.0,0,2.0,"",350.0,350.0,699.0
300579,0,30008650,1090,2.0,0,2.0,"",350.0,350.0,699.0
300573,0,30008650,1132,2.0,0,2.0,"",350.0,350.0,699.0
300574,0,30008650,1296,2.0,0,2.0,"",350.0,350.0,699.0
300578,0,30008650,1663,2.0,0,2.0,"",350.0,350.0,699.0
300579,0,30008650,2203,2.0,0,2.0,"",350.0,350.0,699.0
300577,0,30008650,2552,2.0,0,2.0,"",350.0,350.0,699.0
300579,0,30008650,2592,4.0,0,4.0,"",350.0,350.0,699.0
300573,0,30008651,3,2.0,0,2.0,"",350.0,350.0,699.0
300571,0,30008651,6,6.0,0,6.0,"",350.0,350.0,699.0
300572,0,30008651,9,4.0,0,4.0,"",350.0,350.0,699.0
300576,0,30008651,14,2.0,0,2.0,"",350.0,350.0,699.0
300571,0,30008651,15,2.0,0,2.0,"",350.0,350.0,699.0
300578,0,30008651,32,4.0,0,4.0,"",350.0,350.0,699.0
300572,0,30008651,46,2.0,0,2.0,"",350.0,350.0,699.0
300578,0,30008651,50,6.0,0,6.0,"",350.0,350.0,699.0
300573,0,30008651,65,2.0,0,2.0,"",350.0,350.0,699.0
300573,0,30008651,73,2.0,0,2.0,"",350.0,350.0,699.0
300575,0,30008651,94,2.0,0,2.0,"",350.0,350.0,699.0
300579,0,30008651,95,2.0,0,2.0,"",350.0,350.0,699.0
300579,0,30008651,120,2.0,0,2.0,"",350.0,350.0,699.0
300577,0,30008651,130,2.0,0,2.0,"",350.0,350.0,699.0
300575,0,30008651,134,2.0,0,2.0,"",350.0,350.0,699.0
300574,0,30008651,138,2.0,0,2.0,"",350.0,350.0,699.0
300578,0,30008651,142,2.0,0,2.0,"",350.0,350.0,699.0
300576,0,30008651,145,2.0,0,2.0,"",350.0,350.0,699.0
300577,0,30008651,148,2.0,0,2.0,"",350.0,350.0,699.0
300578,0,30008651,149,2.0,0,2.0,"",350.0,350.0,699.0
300575,0,30008651,238,4.0,0,4.0,"",350.0,350.0,699.0
300576,0,30008651,241,2.0,0,2.0,"",350.0,350.0,699.0
300573,0,30008651,245,2.0,0,2.0,"",350.0,350.0,699.0
300577,0,30008651,270,2.0,0,2.0,"",350.0,350.0,699.0
300574,0,30008651,274,2.0,0,2.0,"",350.0,350.0,699.0
300571,0,30008651,277,2.0,0,2.0,"",350.0,350.0,699.0
300576,0,30008651,440,2.0,0,2.0,"",350.0,350.0,699.0
300579,0,30008651,1090,2.0,0,2.0,"",350.0,350.0,699.0
300573,0,30008651,1132,2.0,0,2.0,"",350.0,350.0,699.0
300574,0,30008651,1296,2.0,0,2.0,"",350.0,350.0,699.0
300578,0,30008651,1663,2.0,0,2.0,"",350.0,350.0,699.0
300579,0,30008651,2203,2.0,0,2.0,"",350.0,350.0,699.0
300577,0,30008651,2552,2.0,0,2.0,"",350.0,350.0,699.0
300579,0,30008651,2592,4.0,0,4.0,"",350.0,350.0,699.0
300573,0,30008652,3,4.0,0,4.0,"",350.0,350.0,699.0
300571,0,30008652,6,12.0,0,12.0,"",350.0,350.0,699.0
300572,0,30008652,9,8.0,0,8.0,"",350.0,350.0,699.0
300576,0,30008652,14,4.0,0,4.0,"",350.0,350.0,699.0
300571,0,30008652,15,4.0,0,4.0,"",350.0,350.0,699.0
300578,0,30008652,32,8.0,0,8.0,"",350.0,350.0,699.0
300572,0,30008652,46,4.0,0,4.0,"",350.0,350.0,699.0
300578,0,30008652,50,12.0,0,12.0,"",350.0,350.0,699.0
300573,0,30008652,65,4.0,0,4.0,"",350.0,350.0,699.0
300573,0,30008652,73,4.0,0,4.0,"",350.0,350.0,699.0
300575,0,30008652,94,4.0,0,4.0,"",350.0,350.0,699.0
300579,0,30008652,95,4.0,0,4.0,"",350.0,350.0,699.0
300579,0,30008652,120,4.0,0,4.0,"",350.0,350.0,699.0
300577,0,30008652,130,4.0,0,4.0,"",350.0,350.0,699.0
300575,0,30008652,134,4.0,0,4.0,"",350.0,350.0,699.0
300574,0,30008652,138,4.0,0,4.0,"",350.0,350.0,699.0
300578,0,30008652,142,4.0,0,4.0,"",350.0,350.0,699.0
300576,0,30008652,145,4.0,0,4.0,"",350.0,350.0,699.0
300577,0,30008652,148,4.0,0,4.0,"",350.0,350.0,699.0
300578,0,30008652,149,4.0,0,4.0,"",350.0,350.0,699.0
300575,0,30008652,238,8.0,0,8.0,"",350.0,350.0,699.0
300576,0,30008652,241,4.0,0,4.0,"",350.0,350.0,699.0
300573,0,30008652,245,4.0,0,4.0,"",350.0,350.0,699.0
300577,0,30008652,270,4.0,0,4.0,"",350.0,350.0,699.0
300574,0,30008652,274,4.0,0,4.0,"",350.0,350.0,699.0
300571,0,30008652,277,4.0,0,4.0,"",350.0,350.0,699.0
300576,0,30008652,440,4.0,0,4.0,"",350.0,350.0,699.0
300579,0,30008652,1090,4.0,0,4.0,"",350.0,350.0,699.0
300573,0,30008652,1132,4.0,0,4.0,"",350.0,350.0,699.0
300574,0,30008652,1296,4.0,0,4.0,"",350.0,350.0,699.0
300578,0,30008652,1663,4.0,0,4.0,"",350.0,350.0,699.0
300579,0,30008652,2203,4.0,0,4.0,"",350.0,350.0,699.0
300577,0,30008652,2552,4.0,0,4.0,"",350.0,350.0,699.0
300579,0,30008652,2592,8.0,0,8.0,"",350.0,350.0,699.0
300573,0,30008653,3,4.0,0,4.0,"",350.0,350.0,699.0
300571,0,30008653,6,12.0,0,12.0,"",350.0,350.0,699.0
300572,0,30008653,9,8.0,0,8.0,"",350.0,350.0,699.0
300576,0,30008653,14,4.0,0,4.0,"",350.0,350.0,699.0
300571,0,30008653,15,4.0,0,4.0,"",350.0,350.0,699.0
300578,0,30008653,32,8.0,0,8.0,"",350.0,350.0,699.0
300572,0,30008653,46,4.0,0,4.0,"",350.0,350.0,699.0
300578,0,30008653,50,12.0,0,12.0,"",350.0,350.0,699.0
300573,0,30008653,65,4.0,0,4.0,"",350.0,350.0,699.0
300573,0,30008653,73,4.0,0,4.0,"",350.0,350.0,699.0
300575,0,30008653,94,4.0,0,4.0,"",350.0,350.0,699.0
300579,0,30008653,95,4.0,0,4.0,"",350.0,350.0,699.0
300579,0,30008653,120,4.0,0,4.0,"",350.0,350.0,699.0
300577,0,30008653,130,4.0,0,4.0,"",350.0,350.0,699.0
300575,0,30008653,134,4.0,0,4.0,"",350.0,350.0,699.0
300574,0,30008653,138,4.0,0,4.0,"",350.0,350.0,699.0
300578,0,30008653,142,4.0,0,4.0,"",350.0,350.0,699.0
300576,0,30008653,145,4.0,0,4.0,"",350.0,350.0,699.0
300577,0,30008653,148,4.0,0,4.0,"",350.0,350.0,699.0
300578,0,30008653,149,4.0,0,4.0,"",350.0,350.0,699.0
300575,0,30008653,238,8.0,0,8.0,"",350.0,350.0,699.0
300576,0,30008653,241,4.0,0,4.0,"",350.0,350.0,699.0
300573,0,30008653,245,4.0,0,4.0,"",350.0,350.0,699.0
300577,0,30008653,270,4.0,0,4.0,"",350.0,350.0,699.0
300574,0,30008653,274,4.0,0,4.0,"",350.0,350.0,699.0
300571,0,30008653,277,4.0,0,4.0,"",350.0,350.0,699.0
300576,0,30008653,440,4.0,0,4.0,"",350.0,350.0,699.0
300579,0,30008653,1090,4.0,0,4.0,"",350.0,350.0,699.0
300573,0,30008653,1132,4.0,0,4.0,"",350.0,350.0,699.0
300574,0,30008653,1296,4.0,0,4.0,"",350.0,350.0,699.0
300578,0,30008653,1663,4.0,0,4.0,"",350.0,350.0,699.0
300579,0,30008653,2203,4.0,0,4.0,"",350.0,350.0,699.0
300577,0,30008653,2552,4.0,0,4.0,"",350.0,350.0,699.0
300579,0,30008653,2592,8.0,0,8.0,"",350.0,350.0,699.0
300582,0,30000000,1,21.0,0,21.0,"Y",250.0,250.0,499.75
300582,0,30000000,6,30.0,0,30.0,"Y",250.0,250.0,499.75
300582,0,30000000,15,21.0,0,21.0,"Y",250.0,250.0,499.75
300581,0,30000000,32,75.0,0,75.0,"Y",250.0,250.0,499.75
300580,0,30000000,65,50.0,0,50.0,"Y",250.0,250.0,499.75
300581,0,30000000,142,25.0,0,25.0,"Y",250.0,250.0,499.75
300580,0,30000000,156,50.0,0,50.0,"Y",250.0,250.0,499.75
300582,0,30000000,277,14.0,0,14.0,"Y",250.0,250.0,499.75
300582,0,30000000,448,14.0,0,14.0,"Y",250.0,250.0,499.75
300584,0,30008038,46,1000.0,0,1000.0,"Y",370.0,370.0,699.0
300585,0,13882033,245,50.0,0,50.0,"Y",780.0,780.0,1499.75
300586,0,14084903,1,10.0,0,10.0,"",0,0,299.0
300587,0,14084903,2,10.0,0,10.0,"",0,0,299.0
300588,0,14084903,3,10.0,0,10.0,"",0,0,299.0
300587,0,14084903,5,10.0,0,10.0,"",0,0,299.0
300586,0,14084903,6,10.0,0,10.0,"",0,0,299.0
300587,0,14084903,9,10.0,0,10.0,"",0,0,299.0
300591,0,14084903,14,10.0,0,10.0,"",0,0,299.0
300586,0,14084903,15,10.0,0,10.0,"",0,0,299.0
300588,0,14084903,28,10.0,0,10.0,"",0,0,299.0
300593,0,14084903,32,10.0,0,10.0,"",0,0,299.0
300587,0,14084903,46,10.0,0,10.0,"",0,0,299.0
300593,0,14084903,50,10.0,0,10.0,"",0,0,299.0
300588,0,14084903,65,10.0,0,10.0,"",0,0,299.0
300588,0,14084903,73,10.0,0,10.0,"",0,0,299.0
300590,0,14084903,94,10.0,0,10.0,"",0,0,299.0
300594,0,14084903,95,10.0,0,10.0,"",0,0,299.0
300594,0,14084903,120,10.0,0,10.0,"",0,0,299.0
300592,0,14084903,130,10.0,0,10.0,"",0,0,299.0
300590,0,14084903,134,10.0,0,10.0,"",0,0,299.0
300589,0,14084903,138,10.0,0,10.0,"",0,0,299.0
300593,0,14084903,142,10.0,0,10.0,"",0,0,299.0
300591,0,14084903,145,10.0,0,10.0,"",0,0,299.0
300592,0,14084903,148,10.0,0,10.0,"",0,0,299.0
300593,0,14084903,149,10.0,0,10.0,"",0,0,299.0
300588,0,14084903,156,10.0,0,10.0,"",0,0,299.0
300587,0,14084903,228,10.0,0,10.0,"",0,0,299.0
300590,0,14084903,238,10.0,0,10.0,"",0,0,299.0
300591,0,14084903,241,10.0,0,10.0,"",0,0,299.0
300588,0,14084903,245,10.0,0,10.0,"",0,0,299.0
300592,0,14084903,270,10.0,0,10.0,"",0,0,299.0
300589,0,14084903,274,10.0,0,10.0,"",0,0,299.0
300591,0,14084903,275,10.0,0,10.0,"",0,0,299.0
300587,0,14084903,276,10.0,0,10.0,"",0,0,299.0
300586,0,14084903,277,10.0,0,10.0,"",0,0,299.0
300590,0,14084903,351,10.0,0,10.0,"",0,0,299.0
300593,0,14084903,352,10.0,0,10.0,"",0,0,299.0
300590,0,14084903,353,10.0,0,10.0,"",0,0,299.0
300591,0,14084903,432,10.0,0,10.0,"",0,0,299.0
300591,0,14084903,440,10.0,0,10.0,"",0,0,299.0
300590,0,14084903,445,10.0,0,10.0,"",0,0,299.0
300586,0,14084903,448,10.0,0,10.0,"",0,0,299.0
300592,0,14084903,452,10.0,0,10.0,"",0,0,299.0
300589,0,14084903,457,10.0,0,10.0,"",0,0,299.0
300586,0,14084903,855,10.0,0,10.0,"",0,0,299.0
300594,0,14084903,1063,10.0,0,10.0,"",0,0,299.0
300594,0,14084903,1090,10.0,0,10.0,"",0,0,299.0
300588,0,14084903,1132,10.0,0,10.0,"",0,0,299.0
300588,0,14084903,1204,10.0,0,10.0,"",0,0,299.0
300589,0,14084903,1267,10.0,0,10.0,"",0,0,299.0
300586,0,14084903,1268,10.0,0,10.0,"",0,0,299.0
300589,0,14084903,1296,10.0,0,10.0,"",0,0,299.0
300588,0,14084903,1393,10.0,0,10.0,"",0,0,299.0
300593,0,14084903,1394,10.0,0,10.0,"",0,0,299.0
300593,0,14084903,1395,10.0,0,10.0,"",0,0,299.0
300586,0,14084903,1396,10.0,0,10.0,"",0,0,299.0
300591,0,14084903,1397,10.0,0,10.0,"",0,0,299.0
300590,0,14084903,1398,10.0,0,10.0,"",0,0,299.0
300587,0,14084903,1399,10.0,0,10.0,"",0,0,299.0
300589,0,14084903,1425,10.0,0,10.0,"",0,0,299.0
300593,0,14084903,1663,10.0,0,10.0,"",0,0,299.0
300586,0,14084903,1800,10.0,0,10.0,"",0,0,299.0
300587,0,14084903,1875,10.0,0,10.0,"",0,0,299.0
300591,0,14084903,1887,10.0,0,10.0,"",0,0,299.0
300591,0,14084903,1888,10.0,0,10.0,"",0,0,299.0
300586,0,14084903,1896,10.0,0,10.0,"",0,0,299.0
300594,0,14084903,2203,10.0,0,10.0,"",0,0,299.0
300593,0,14084903,2267,10.0,0,10.0,"",0,0,299.0
300589,0,14084903,2268,10.0,0,10.0,"",0,0,299.0
300590,0,14084903,2551,10.0,0,10.0,"",0,0,299.0
300592,0,14084903,2552,10.0,0,10.0,"",0,0,299.0
300590,0,14084903,2553,10.0,0,10.0,"",0,0,299.0
300593,0,14084903,2554,10.0,0,10.0,"",0,0,299.0
300594,0,14084903,2592,10.0,0,10.0,"",0,0,299.0
300587,0,14084903,3065,10.0,0,10.0,"",0,0,299.0
300590,0,14084903,3066,10.0,0,10.0,"",0,0,299.0
300594,0,14084903,3067,10.0,0,10.0,"",0,0,299.0
300592,0,14084903,3068,10.0,0,10.0,"",0,0,299.0
300587,0,14084903,3574,10.0,0,10.0,"",0,0,299.0
300588,0,14084903,4189,10.0,0,10.0,"",0,0,299.0
300586,0,14084903,4268,10.0,0,10.0,"",0,0,299.0
300588,0,14084903,4269,10.0,0,10.0,"",0,0,299.0
300586,0,14084904,1,10.0,0,10.0,"",0,0,299.0
300587,0,14084904,2,10.0,0,10.0,"",0,0,299.0
300588,0,14084904,3,10.0,0,10.0,"",0,0,299.0
300587,0,14084904,5,10.0,0,10.0,"",0,0,299.0
300586,0,14084904,6,10.0,0,10.0,"",0,0,299.0
300587,0,14084904,9,10.0,0,10.0,"",0,0,299.0
300591,0,14084904,14,10.0,0,10.0,"",0,0,299.0
300586,0,14084904,15,10.0,0,10.0,"",0,0,299.0
300588,0,14084904,28,10.0,0,10.0,"",0,0,299.0
300593,0,14084904,32,10.0,0,10.0,"",0,0,299.0
300587,0,14084904,46,10.0,0,10.0,"",0,0,299.0
300593,0,14084904,50,10.0,0,10.0,"",0,0,299.0
300588,0,14084904,65,10.0,0,10.0,"",0,0,299.0
300588,0,14084904,73,10.0,0,10.0,"",0,0,299.0
300590,0,14084904,94,10.0,0,10.0,"",0,0,299.0
300594,0,14084904,95,10.0,0,10.0,"",0,0,299.0
300594,0,14084904,120,10.0,0,10.0,"",0,0,299.0
300592,0,14084904,130,10.0,0,10.0,"",0,0,299.0
300590,0,14084904,134,10.0,0,10.0,"",0,0,299.0
300589,0,14084904,138,10.0,0,10.0,"",0,0,299.0
300593,0,14084904,142,10.0,0,10.0,"",0,0,299.0
300591,0,14084904,145,10.0,0,10.0,"",0,0,299.0
300592,0,14084904,148,10.0,0,10.0,"",0,0,299.0
300593,0,14084904,149,10.0,0,10.0,"",0,0,299.0
300588,0,14084904,156,10.0,0,10.0,"",0,0,299.0
300587,0,14084904,228,10.0,0,10.0,"",0,0,299.0
300590,0,14084904,238,10.0,0,10.0,"",0,0,299.0
300591,0,14084904,241,10.0,0,10.0,"",0,0,299.0
300588,0,14084904,245,10.0,0,10.0,"",0,0,299.0
300592,0,14084904,270,10.0,0,10.0,"",0,0,299.0
300589,0,14084904,274,10.0,0,10.0,"",0,0,299.0
300591,0,14084904,275,10.0,0,10.0,"",0,0,299.0
300587,0,14084904,276,10.0,0,10.0,"",0,0,299.0
300586,0,14084904,277,10.0,0,10.0,"",0,0,299.0
300590,0,14084904,351,10.0,0,10.0,"",0,0,299.0
300593,0,14084904,352,10.0,0,10.0,"",0,0,299.0
300590,0,14084904,353,10.0,0,10.0,"",0,0,299.0
300591,0,14084904,432,10.0,0,10.0,"",0,0,299.0
300591,0,14084904,440,10.0,0,10.0,"",0,0,299.0
300590,0,14084904,445,10.0,0,10.0,"",0,0,299.0
300586,0,14084904,448,10.0,0,10.0,"",0,0,299.0
300592,0,14084904,452,10.0,0,10.0,"",0,0,299.0
300589,0,14084904,457,10.0,0,10.0,"",0,0,299.0
300586,0,14084904,855,10.0,0,10.0,"",0,0,299.0
300594,0,14084904,1063,10.0,0,10.0,"",0,0,299.0
300594,0,14084904,1090,10.0,0,10.0,"",0,0,299.0
300588,0,14084904,1132,10.0,0,10.0,"",0,0,299.0
300588,0,14084904,1204,10.0,0,10.0,"",0,0,299.0
300589,0,14084904,1267,10.0,0,10.0,"",0,0,299.0
300586,0,14084904,1268,10.0,0,10.0,"",0,0,299.0
300589,0,14084904,1296,10.0,0,10.0,"",0,0,299.0
300588,0,14084904,1393,10.0,0,10.0,"",0,0,299.0
300593,0,14084904,1394,10.0,0,10.0,"",0,0,299.0
300593,0,14084904,1395,10.0,0,10.0,"",0,0,299.0
300586,0,14084904,1396,10.0,0,10.0,"",0,0,299.0
300591,0,14084904,1397,10.0,0,10.0,"",0,0,299.0
300590,0,14084904,1398,10.0,0,10.0,"",0,0,299.0
300587,0,14084904,1399,10.0,0,10.0,"",0,0,299.0
300589,0,14084904,1425,10.0,0,10.0,"",0,0,299.0
300593,0,14084904,1663,10.0,0,10.0,"",0,0,299.0
300586,0,14084904,1800,10.0,0,10.0,"",0,0,299.0
300587,0,14084904,1875,10.0,0,10.0,"",0,0,299.0
300591,0,14084904,1887,10.0,0,10.0,"",0,0,299.0
300591,0,14084904,1888,10.0,0,10.0,"",0,0,299.0
300586,0,14084904,1896,10.0,0,10.0,"",0,0,299.0
300594,0,14084904,2203,10.0,0,10.0,"",0,0,299.0
300593,0,14084904,2267,10.0,0,10.0,"",0,0,299.0
300589,0,14084904,2268,10.0,0,10.0,"",0,0,299.0
300590,0,14084904,2551,10.0,0,10.0,"",0,0,299.0
300592,0,14084904,2552,10.0,0,10.0,"",0,0,299.0
300590,0,14084904,2553,10.0,0,10.0,"",0,0,299.0
300593,0,14084904,2554,10.0,0,10.0,"",0,0,299.0
300594,0,14084904,2592,10.0,0,10.0,"",0,0,299.0
300587,0,14084904,3065,10.0,0,10.0,"",0,0,299.0
300590,0,14084904,3066,10.0,0,10.0,"",0,0,299.0
300594,0,14084904,3067,10.0,0,10.0,"",0,0,299.0
300592,0,14084904,3068,10.0,0,10.0,"",0,0,299.0
300587,0,14084904,3574,10.0,0,10.0,"",0,0,299.0
300588,0,14084904,4189,10.0,0,10.0,"",0,0,299.0
300586,0,14084904,4268,10.0,0,10.0,"",0,0,299.0
300588,0,14084904,4269,10.0,0,10.0,"",0,0,299.0
300586,0,14084905,1,10.0,0,10.0,"",0,0,299.0
300587,0,14084905,2,10.0,0,10.0,"",0,0,299.0
300588,0,14084905,3,10.0,0,10.0,"",0,0,299.0
300587,0,14084905,5,10.0,0,10.0,"",0,0,299.0
300586,0,14084905,6,10.0,0,10.0,"",0,0,299.0
300587,0,14084905,9,10.0,0,10.0,"",0,0,299.0
300591,0,14084905,14,10.0,0,10.0,"",0,0,299.0
300586,0,14084905,15,10.0,0,10.0,"",0,0,299.0
300588,0,14084905,28,10.0,0,10.0,"",0,0,299.0
300593,0,14084905,32,10.0,0,10.0,"",0,0,299.0
300587,0,14084905,46,10.0,0,10.0,"",0,0,299.0
300593,0,14084905,50,10.0,0,10.0,"",0,0,299.0
300588,0,14084905,65,10.0,0,10.0,"",0,0,299.0
300588,0,14084905,73,10.0,0,10.0,"",0,0,299.0
300590,0,14084905,94,10.0,0,10.0,"",0,0,299.0
300594,0,14084905,95,10.0,0,10.0,"",0,0,299.0
300594,0,14084905,120,10.0,0,10.0,"",0,0,299.0
300592,0,14084905,130,10.0,0,10.0,"",0,0,299.0
300590,0,14084905,134,10.0,0,10.0,"",0,0,299.0
300589,0,14084905,138,10.0,0,10.0,"",0,0,299.0
300593,0,14084905,142,10.0,0,10.0,"",0,0,299.0
300591,0,14084905,145,10.0,0,10.0,"",0,0,299.0
300592,0,14084905,148,10.0,0,10.0,"",0,0,299.0
300593,0,14084905,149,10.0,0,10.0,"",0,0,299.0
300588,0,14084905,156,10.0,0,10.0,"",0,0,299.0
300587,0,14084905,228,10.0,0,10.0,"",0,0,299.0
300590,0,14084905,238,10.0,0,10.0,"",0,0,299.0
300591,0,14084905,241,10.0,0,10.0,"",0,0,299.0
300588,0,14084905,245,10.0,0,10.0,"",0,0,299.0
300592,0,14084905,270,10.0,0,10.0,"",0,0,299.0
300589,0,14084905,274,10.0,0,10.0,"",0,0,299.0
300591,0,14084905,275,10.0,0,10.0,"",0,0,299.0
300587,0,14084905,276,10.0,0,10.0,"",0,0,299.0
300586,0,14084905,277,10.0,0,10.0,"",0,0,299.0
300590,0,14084905,351,10.0,0,10.0,"",0,0,299.0
300593,0,14084905,352,10.0,0,10.0,"",0,0,299.0
300590,0,14084905,353,10.0,0,10.0,"",0,0,299.0
300591,0,14084905,432,10.0,0,10.0,"",0,0,299.0
300591,0,14084905,440,10.0,0,10.0,"",0,0,299.0
300590,0,14084905,445,10.0,0,10.0,"",0,0,299.0
300586,0,14084905,448,10.0,0,10.0,"",0,0,299.0
300592,0,14084905,452,10.0,0,10.0,"",0,0,299.0
300589,0,14084905,457,10.0,0,10.0,"",0,0,299.0
300586,0,14084905,855,10.0,0,10.0,"",0,0,299.0
300594,0,14084905,1063,10.0,0,10.0,"",0,0,299.0
300594,0,14084905,1090,10.0,0,10.0,"",0,0,299.0
300588,0,14084905,1132,10.0,0,10.0,"",0,0,299.0
300588,0,14084905,1204,10.0,0,10.0,"",0,0,299.0
300589,0,14084905,1267,10.0,0,10.0,"",0,0,299.0
300586,0,14084905,1268,10.0,0,10.0,"",0,0,299.0
300589,0,14084905,1296,10.0,0,10.0,"",0,0,299.0
300588,0,14084905,1393,10.0,0,10.0,"",0,0,299.0
300593,0,14084905,1394,10.0,0,10.0,"",0,0,299.0
300593,0,14084905,1395,10.0,0,10.0,"",0,0,299.0
300586,0,14084905,1396,10.0,0,10.0,"",0,0,299.0
300591,0,14084905,1397,10.0,0,10.0,"",0,0,299.0
300590,0,14084905,1398,10.0,0,10.0,"",0,0,299.0
300587,0,14084905,1399,10.0,0,10.0,"",0,0,299.0
300589,0,14084905,1425,10.0,0,10.0,"",0,0,299.0
300593,0,14084905,1663,10.0,0,10.0,"",0,0,299.0
300586,0,14084905,1800,10.0,0,10.0,"",0,0,299.0
300587,0,14084905,1875,10.0,0,10.0,"",0,0,299.0
300591,0,14084905,1887,10.0,0,10.0,"",0,0,299.0
300591,0,14084905,1888,10.0,0,10.0,"",0,0,299.0
300586,0,14084905,1896,10.0,0,10.0,"",0,0,299.0
300594,0,14084905,2203,10.0,0,10.0,"",0,0,299.0
300593,0,14084905,2267,10.0,0,10.0,"",0,0,299.0
300589,0,14084905,2268,10.0,0,10.0,"",0,0,299.0
300590,0,14084905,2551,10.0,0,10.0,"",0,0,299.0
300592,0,14084905,2552,10.0,0,10.0,"",0,0,299.0
300590,0,14084905,2553,10.0,0,10.0,"",0,0,299.0
300593,0,14084905,2554,10.0,0,10.0,"",0,0,299.0
300594,0,14084905,2592,10.0,0,10.0,"",0,0,299.0
300587,0,14084905,3065,10.0,0,10.0,"",0,0,299.0
300590,0,14084905,3066,10.0,0,10.0,"",0,0,299.0
300594,0,14084905,3067,10.0,0,10.0,"",0,0,299.0
300592,0,14084905,3068,10.0,0,10.0,"",0,0,299.0
300587,0,14084905,3574,10.0,0,10.0,"",0,0,299.0
300588,0,14084905,4189,10.0,0,10.0,"",0,0,299.0
300586,0,14084905,4268,10.0,0,10.0,"",0,0,299.0
300588,0,14084905,4269,10.0,0,10.0,"",0,0,299.0
300595,0,30001073,5,10.0,0,10.0,"",225.0,225.0,399.0
300597,0,30001073,5,10.0,0,10.0,"",225.0,225.0,399.0
300595,0,30001073,9,30.0,0,30.0,"",225.0,225.0,399.0
300597,0,30001073,9,30.0,0,30.0,"",225.0,225.0,399.0
300595,0,30001074,5,10.0,0,10.0,"",225.0,225.0,399.0
300597,0,30001074,5,10.0,0,10.0,"",225.0,225.0,399.0
300595,0,30001074,9,30.0,0,30.0,"",225.0,225.0,399.0
300597,0,30001074,9,30.0,0,30.0,"",225.0,225.0,399.0
300595,0,30001075,5,10.0,0,10.0,"",225.0,225.0,399.0
300597,0,30001075,5,10.0,0,10.0,"",225.0,225.0,399.0
300595,0,30001075,9,30.0,0,30.0,"",225.0,225.0,399.0
300597,0,30001075,9,30.0,0,30.0,"",225.0,225.0,399.0
300596,0,30001079,5,10.0,0,10.0,"",225.0,225.0,399.0
300598,0,30001079,5,10.0,0,10.0,"",225.0,225.0,399.0
300596,0,30001079,9,30.0,0,30.0,"",225.0,225.0,399.0
300598,0,30001079,9,30.0,0,30.0,"",225.0,225.0,399.0
300596,0,30001080,5,10.0,0,10.0,"",225.0,225.0,399.0
300598,0,30001080,5,10.0,0,10.0,"",225.0,225.0,399.0
300596,0,30001080,9,30.0,0,30.0,"",225.0,225.0,399.0
300598,0,30001080,9,30.0,0,30.0,"",225.0,225.0,399.0
300596,0,30001081,5,10.0,0,10.0,"",225.0,225.0,399.0
300598,0,30001081,5,10.0,0,10.0,"",225.0,225.0,399.0
300596,0,30001081,9,30.0,0,30.0,"",225.0,225.0,399.0
300598,0,30001081,9,30.0,0,30.0,"",225.0,225.0,399.0
300603,0,30005594,245,10.0,0,10.0,"",440.0,440.0,799.75
300603,0,30005595,245,10.0,0,10.0,"",440.0,440.0,799.75
300603,0,30005596,245,10.0,0,10.0,"",440.0,440.0,799.75
300603,0,30005597,245,10.0,0,10.0,"",440.0,440.0,799.75
300603,0,30005598,245,10.0,0,10.0,"",440.0,440.0,799.75
300603,0,30005599,245,10.0,0,10.0,"",440.0,440.0,799.75
300603,0,30005600,245,10.0,0,10.0,"",440.0,440.0,799.75
300603,0,30005601,3,20.0,0,20.0,"",440.0,440.0,799.75
300607,0,30005601,3,20.0,0,20.0,"",440.0,440.0,799.75
300603,0,30005602,3,20.0,0,20.0,"",440.0,440.0,799.75
300607,0,30005602,3,20.0,0,20.0,"",440.0,440.0,799.75
300603,0,30005603,3,20.0,0,20.0,"",440.0,440.0,799.75
300607,0,30005603,3,20.0,0,20.0,"",440.0,440.0,799.75
300603,0,30005604,3,20.0,0,20.0,"",440.0,440.0,799.75
300607,0,30005604,3,20.0,0,20.0,"",440.0,440.0,799.75
300603,0,30005605,3,20.0,0,20.0,"",440.0,440.0,799.75
300607,0,30005605,3,20.0,0,20.0,"",440.0,440.0,799.75
300603,0,30005606,3,20.0,0,20.0,"",440.0,440.0,799.75
300607,0,30005606,3,20.0,0,20.0,"",440.0,440.0,799.75
300603,0,30005607,3,20.0,0,20.0,"",440.0,440.0,799.75
300607,0,30005607,3,20.0,0,20.0,"",440.0,440.0,799.75
300602,0,30007929,3,20.0,0,20.0,"",130.0,130.0,249.0
300602,0,30007930,3,20.0,0,20.0,"",130.0,130.0,249.0
300602,0,30007931,3,20.0,0,20.0,"",130.0,130.0,249.0
300602,0,30007932,3,20.0,0,20.0,"",130.0,130.0,249.0
300602,0,30007933,3,20.0,0,20.0,"",130.0,130.0,249.0
300602,0,30007934,3,20.0,0,20.0,"",130.0,130.0,249.0
300602,0,30007935,3,20.0,0,20.0,"",130.0,130.0,249.0
300602,0,30007936,3,20.0,0,20.0,"",130.0,130.0,249.0
300600,0,30008026,6,2.0,0,2.0,"",82.5,82.5,199.0
300601,0,30008026,245,10.0,0,10.0,"",82.5,82.5,199.0
300606,0,30008026,245,10.0,0,10.0,"",82.5,82.5,199.0
300600,0,30008027,6,1.0,0,1.0,"",82.5,82.5,199.0
300601,0,30008027,245,10.0,0,10.0,"",82.5,82.5,199.0
300606,0,30008027,245,10.0,0,10.0,"",82.5,82.5,199.0
300600,0,30008028,6,1.0,0,1.0,"",82.5,82.5,199.0
300601,0,30008028,245,10.0,0,10.0,"",82.5,82.5,199.0
300606,0,30008028,245,10.0,0,10.0,"",82.5,82.5,199.0
300600,0,30008029,6,2.0,0,2.0,"",82.5,82.5,199.0
300601,0,30008029,245,10.0,0,10.0,"",82.5,82.5,199.0
300606,0,30008029,245,10.0,0,10.0,"",82.5,82.5,199.0
300600,0,30008030,6,2.0,0,2.0,"",82.5,82.5,199.0
300601,0,30008030,245,10.0,0,10.0,"",82.5,82.5,199.0
300606,0,30008030,245,10.0,0,10.0,"",82.5,82.5,199.0
300600,0,30008031,6,1.0,0,1.0,"",82.5,82.5,199.0
300601,0,30008031,245,10.0,0,10.0,"",82.5,82.5,199.0
300606,0,30008031,245,10.0,0,10.0,"",82.5,82.5,199.0
300600,0,30008032,6,1.0,0,1.0,"",82.5,82.5,199.0
300601,0,30008032,245,10.0,0,10.0,"",82.5,82.5,199.0
300606,0,30008032,245,10.0,0,10.0,"",82.5,82.5,199.0
300600,0,30008033,6,2.0,0,2.0,"",82.5,82.5,199.0
300601,0,30008033,245,10.0,0,10.0,"",82.5,82.5,199.0
300606,0,30008033,245,10.0,0,10.0,"",82.5,82.5,199.0
300600,0,30008034,6,2.0,0,2.0,"",82.5,82.5,199.0
300601,0,30008034,245,10.0,0,10.0,"",82.5,82.5,199.0
300606,0,30008034,245,10.0,0,10.0,"",82.5,82.5,199.0
300600,0,30008035,6,1.0,0,1.0,"",82.5,82.5,199.0
300601,0,30008035,245,10.0,0,10.0,"",82.5,82.5,199.0
300606,0,30008035,245,10.0,0,10.0,"",82.5,82.5,199.0
300600,0,30008036,6,1.0,0,1.0,"",82.5,82.5,199.0
300601,0,30008036,245,10.0,0,10.0,"",82.5,82.5,199.0
300606,0,30008036,245,10.0,0,10.0,"",82.5,82.5,199.0
300600,0,30008037,6,2.0,0,2.0,"",82.5,82.5,199.0
300601,0,30008037,245,10.0,0,10.0,"",82.5,82.5,199.0
300606,0,30008037,245,10.0,0,10.0,"",82.5,82.5,199.0
300611,0,14125573,9,17.0,0,17.0,"",198.25,198.25,399.0
300611,0,14125574,9,33.0,0,33.0,"",198.25,198.25,399.0
300611,0,14125575,9,33.0,0,33.0,"",198.25,198.25,399.0
300611,0,14125576,9,17.0,0,17.0,"",198.25,198.25,399.0
300609,0,30011800,65,25.0,0,25.0,"Y",.838,.838,1.0
300614,0,30011803,2,1.0,0,1.0,"",120.0,120.0,199.0
300616,0,30011803,3,3.0,0,3.0,"",120.0,120.0,199.0
300614,0,30011803,5,1.0,0,1.0,"",120.0,120.0,199.0
300612,0,30011803,6,4.0,0,4.0,"",120.0,120.0,199.0
300614,0,30011803,9,4.0,0,4.0,"",120.0,120.0,199.0
300622,0,30011803,14,4.0,0,4.0,"",120.0,120.0,199.0
300612,0,30011803,15,2.0,0,2.0,"",120.0,120.0,199.0
300626,0,30011803,32,2.0,0,2.0,"",120.0,120.0,199.0
300614,0,30011803,46,4.0,0,4.0,"",120.0,120.0,199.0
300626,0,30011803,50,4.0,0,4.0,"",120.0,120.0,199.0
300616,0,30011803,65,4.0,0,4.0,"",120.0,120.0,199.0
300616,0,30011803,73,4.0,0,4.0,"",120.0,120.0,199.0
300620,0,30011803,94,4.0,0,4.0,"",120.0,120.0,199.0
300628,0,30011803,95,4.0,0,4.0,"",120.0,120.0,199.0
300628,0,30011803,120,3.0,0,3.0,"",120.0,120.0,199.0
300624,0,30011803,130,4.0,0,4.0,"",120.0,120.0,199.0
300620,0,30011803,134,4.0,0,4.0,"",120.0,120.0,199.0
300626,0,30011803,142,4.0,0,4.0,"",120.0,120.0,199.0
300622,0,30011803,145,4.0,0,4.0,"",120.0,120.0,199.0
300624,0,30011803,148,2.0,0,2.0,"",120.0,120.0,199.0
300626,0,30011803,149,4.0,0,4.0,"",120.0,120.0,199.0
300616,0,30011803,156,3.0,0,3.0,"",120.0,120.0,199.0
300614,0,30011803,228,3.0,0,3.0,"",120.0,120.0,199.0
300620,0,30011803,238,4.0,0,4.0,"",120.0,120.0,199.0
300622,0,30011803,241,4.0,0,4.0,"",120.0,120.0,199.0
300616,0,30011803,245,4.0,0,4.0,"",120.0,120.0,199.0
300624,0,30011803,270,4.0,0,4.0,"",120.0,120.0,199.0
300618,0,30011803,274,4.0,0,4.0,"",120.0,120.0,199.0
300622,0,30011803,275,4.0,0,4.0,"",120.0,120.0,199.0
300614,0,30011803,276,4.0,0,4.0,"",120.0,120.0,199.0
300612,0,30011803,277,4.0,0,4.0,"",120.0,120.0,199.0
300626,0,30011803,352,3.0,0,3.0,"",120.0,120.0,199.0
300622,0,30011803,432,1.0,0,1.0,"",120.0,120.0,199.0
300622,0,30011803,440,1.0,0,1.0,"",120.0,120.0,199.0
300620,0,30011803,445,4.0,0,4.0,"",120.0,120.0,199.0
300612,0,30011803,448,4.0,0,4.0,"",120.0,120.0,199.0
300624,0,30011803,452,3.0,0,3.0,"",120.0,120.0,199.0
300618,0,30011803,457,4.0,0,4.0,"",120.0,120.0,199.0
300612,0,30011803,855,2.0,0,2.0,"",120.0,120.0,199.0
300628,0,30011803,1063,4.0,0,4.0,"",120.0,120.0,199.0
300628,0,30011803,1090,4.0,0,4.0,"",120.0,120.0,199.0
300616,0,30011803,1204,4.0,0,4.0,"",120.0,120.0,199.0
300618,0,30011803,1267,2.0,0,2.0,"",120.0,120.0,199.0
300612,0,30011803,1268,3.0,0,3.0,"",120.0,120.0,199.0
300618,0,30011803,1296,2.0,0,2.0,"",120.0,120.0,199.0
300618,0,30011803,1425,3.0,0,3.0,"",120.0,120.0,199.0
300626,0,30011803,1663,4.0,0,4.0,"",120.0,120.0,199.0
300614,0,30011803,1875,1.0,0,1.0,"",120.0,120.0,199.0
300622,0,30011803,1887,3.0,0,3.0,"",120.0,120.0,199.0
300622,0,30011803,1888,3.0,0,3.0,"",120.0,120.0,199.0
300612,0,30011803,1896,1.0,0,1.0,"",120.0,120.0,199.0
300628,0,30011803,2203,2.0,0,2.0,"",120.0,120.0,199.0
300626,0,30011803,2267,4.0,0,4.0,"",120.0,120.0,199.0
300624,0,30011803,2552,1.0,0,1.0,"",120.0,120.0,199.0
300628,0,30011803,2592,2.0,0,2.0,"",120.0,120.0,199.0
300620,0,30011803,3066,2.0,0,2.0,"",120.0,120.0,199.0
300624,0,30011803,3068,1.0,0,1.0,"",120.0,120.0,199.0
300614,0,30011803,3574,3.0,0,3.0,"",120.0,120.0,199.0
300614,0,30011804,2,2.0,0,2.0,"",120.0,120.0,199.0
300616,0,30011804,3,2.0,0,2.0,"",120.0,120.0,199.0
300612,0,30011804,6,4.0,0,4.0,"",120.0,120.0,199.0
300614,0,30011804,9,3.0,0,3.0,"",120.0,120.0,199.0
300622,0,30011804,14,2.0,0,2.0,"",120.0,120.0,199.0
300612,0,30011804,15,1.0,0,1.0,"",120.0,120.0,199.0
300626,0,30011804,32,4.0,0,4.0,"",120.0,120.0,199.0
300614,0,30011804,46,4.0,0,4.0,"",120.0,120.0,199.0
300626,0,30011804,50,4.0,0,4.0,"",120.0,120.0,199.0
300616,0,30011804,65,4.0,0,4.0,"",120.0,120.0,199.0
300616,0,30011804,73,4.0,0,4.0,"",120.0,120.0,199.0
300620,0,30011804,94,4.0,0,4.0,"",120.0,120.0,199.0
300628,0,30011804,95,4.0,0,4.0,"",120.0,120.0,199.0
300628,0,30011804,120,1.0,0,1.0,"",120.0,120.0,199.0
300624,0,30011804,130,4.0,0,4.0,"",120.0,120.0,199.0
300620,0,30011804,134,4.0,0,4.0,"",120.0,120.0,199.0
300626,0,30011804,142,4.0,0,4.0,"",120.0,120.0,199.0
300622,0,30011804,145,4.0,0,4.0,"",120.0,120.0,199.0
300624,0,30011804,148,2.0,0,2.0,"",120.0,120.0,199.0
300626,0,30011804,149,3.0,0,3.0,"",120.0,120.0,199.0
300616,0,30011804,156,3.0,0,3.0,"",120.0,120.0,199.0
300614,0,30011804,228,3.0,0,3.0,"",120.0,120.0,199.0
300620,0,30011804,238,4.0,0,4.0,"",120.0,120.0,199.0
300622,0,30011804,241,1.0,0,1.0,"",120.0,120.0,199.0
300616,0,30011804,245,5.0,0,5.0,"",120.0,120.0,199.0
300624,0,30011804,270,3.0,0,3.0,"",120.0,120.0,199.0
300618,0,30011804,274,3.0,0,3.0,"",120.0,120.0,199.0
300622,0,30011804,275,4.0,0,4.0,"",120.0,120.0,199.0
300614,0,30011804,276,4.0,0,4.0,"",120.0,120.0,199.0
300612,0,30011804,277,4.0,0,4.0,"",120.0,120.0,199.0
300626,0,30011804,352,3.0,0,3.0,"",120.0,120.0,199.0
300612,0,30011804,448,3.0,0,3.0,"",120.0,120.0,199.0
300624,0,30011804,452,4.0,0,4.0,"",120.0,120.0,199.0
300618,0,30011804,457,3.0,0,3.0,"",120.0,120.0,199.0
300612,0,30011804,855,1.0,0,1.0,"",120.0,120.0,199.0
300628,0,30011804,1063,1.0,0,1.0,"",120.0,120.0,199.0
300628,0,30011804,1090,4.0,0,4.0,"",120.0,120.0,199.0
300612,0,30011804,1268,4.0,0,4.0,"",120.0,120.0,199.0
300618,0,30011804,1296,2.0,0,2.0,"",120.0,120.0,199.0
300618,0,30011804,1425,1.0,0,1.0,"",120.0,120.0,199.0
300626,0,30011804,1663,4.0,0,4.0,"",120.0,120.0,199.0
300622,0,30011804,1887,5.0,0,5.0,"",120.0,120.0,199.0
300622,0,30011804,1888,4.0,0,4.0,"",120.0,120.0,199.0
300628,0,30011804,2203,2.0,0,2.0,"",120.0,120.0,199.0
300626,0,30011804,2267,1.0,0,1.0,"",120.0,120.0,199.0
300624,0,30011804,2552,2.0,0,2.0,"",120.0,120.0,199.0
300628,0,30011804,2592,5.0,0,5.0,"",120.0,120.0,199.0
300620,0,30011804,3066,2.0,0,2.0,"",120.0,120.0,199.0
300612,0,30011805,1,3.0,0,3.0,"",120.0,120.0,199.0
300614,0,30011805,2,4.0,0,4.0,"",120.0,120.0,199.0
300616,0,30011805,3,8.0,0,8.0,"",120.0,120.0,199.0
300614,0,30011805,5,8.0,0,8.0,"",120.0,120.0,199.0
300612,0,30011805,6,8.0,0,8.0,"",120.0,120.0,199.0
300614,0,30011805,9,9.0,0,9.0,"",120.0,120.0,199.0
300622,0,30011805,14,8.0,0,8.0,"",120.0,120.0,199.0
300612,0,30011805,15,3.0,0,3.0,"",120.0,120.0,199.0
300626,0,30011805,32,8.0,0,8.0,"",120.0,120.0,199.0
300614,0,30011805,46,8.0,0,8.0,"",120.0,120.0,199.0
300626,0,30011805,50,8.0,0,8.0,"",120.0,120.0,199.0
300616,0,30011805,65,7.0,0,7.0,"",120.0,120.0,199.0
300616,0,30011805,73,8.0,0,8.0,"",120.0,120.0,199.0
300620,0,30011805,94,8.0,0,8.0,"",120.0,120.0,199.0
300628,0,30011805,95,5.0,0,5.0,"",120.0,120.0,199.0
300628,0,30011805,120,7.0,0,7.0,"",120.0,120.0,199.0
300624,0,30011805,130,8.0,0,8.0,"",120.0,120.0,199.0
300620,0,30011805,134,8.0,0,8.0,"",120.0,120.0,199.0
300626,0,30011805,142,8.0,0,8.0,"",120.0,120.0,199.0
300622,0,30011805,145,8.0,0,8.0,"",120.0,120.0,199.0
300624,0,30011805,148,4.0,0,4.0,"",120.0,120.0,199.0
300626,0,30011805,149,7.0,0,7.0,"",120.0,120.0,199.0
300616,0,30011805,156,5.0,0,5.0,"",120.0,120.0,199.0
300614,0,30011805,228,8.0,0,8.0,"",120.0,120.0,199.0
300620,0,30011805,238,8.0,0,8.0,"",120.0,120.0,199.0
300622,0,30011805,241,6.0,0,6.0,"",120.0,120.0,199.0
300616,0,30011805,245,7.0,0,7.0,"",120.0,120.0,199.0
300624,0,30011805,270,8.0,0,8.0,"",120.0,120.0,199.0
300618,0,30011805,274,8.0,0,8.0,"",120.0,120.0,199.0
300622,0,30011805,275,8.0,0,8.0,"",120.0,120.0,199.0
300614,0,30011805,276,8.0,0,8.0,"",120.0,120.0,199.0
300612,0,30011805,277,7.0,0,7.0,"",120.0,120.0,199.0
300626,0,30011805,352,5.0,0,5.0,"",120.0,120.0,199.0
300622,0,30011805,432,2.0,0,2.0,"",120.0,120.0,199.0
300622,0,30011805,440,5.0,0,5.0,"",120.0,120.0,199.0
300620,0,30011805,445,8.0,0,8.0,"",120.0,120.0,199.0
300612,0,30011805,448,6.0,0,6.0,"",120.0,120.0,199.0
300624,0,30011805,452,8.0,0,8.0,"",120.0,120.0,199.0
300618,0,30011805,457,8.0,0,8.0,"",120.0,120.0,199.0
300612,0,30011805,855,1.0,0,1.0,"",120.0,120.0,199.0
300628,0,30011805,1063,8.0,0,8.0,"",120.0,120.0,199.0
300628,0,30011805,1090,8.0,0,8.0,"",120.0,120.0,199.0
300616,0,30011805,1204,8.0,0,8.0,"",120.0,120.0,199.0
300618,0,30011805,1267,3.0,0,3.0,"",120.0,120.0,199.0
300612,0,30011805,1268,8.0,0,8.0,"",120.0,120.0,199.0
300618,0,30011805,1296,4.0,0,4.0,"",120.0,120.0,199.0
300618,0,30011805,1425,4.0,0,4.0,"",120.0,120.0,199.0
300626,0,30011805,1663,8.0,0,8.0,"",120.0,120.0,199.0
300614,0,30011805,1875,3.0,0,3.0,"",120.0,120.0,199.0
300622,0,30011805,1887,4.0,0,4.0,"",120.0,120.0,199.0
300622,0,30011805,1888,6.0,0,6.0,"",120.0,120.0,199.0
300612,0,30011805,1896,2.0,0,2.0,"",120.0,120.0,199.0
300628,0,30011805,2203,4.0,0,4.0,"",120.0,120.0,199.0
300626,0,30011805,2267,4.0,0,4.0,"",120.0,120.0,199.0
300624,0,30011805,2552,1.0,0,1.0,"",120.0,120.0,199.0
300628,0,30011805,2592,8.0,0,8.0,"",120.0,120.0,199.0
300620,0,30011805,3066,4.0,0,4.0,"",120.0,120.0,199.0
300624,0,30011805,3068,1.0,0,1.0,"",120.0,120.0,199.0
300614,0,30011805,3574,3.0,0,3.0,"",120.0,120.0,199.0
300612,0,30011806,1,5.0,0,5.0,"",120.0,120.0,199.0
300614,0,30011806,2,8.0,0,8.0,"",120.0,120.0,199.0
300616,0,30011806,3,8.0,0,8.0,"",120.0,120.0,199.0
300614,0,30011806,5,5.0,0,5.0,"",120.0,120.0,199.0
300612,0,30011806,6,9.0,0,9.0,"",120.0,120.0,199.0
300614,0,30011806,9,8.0,0,8.0,"",120.0,120.0,199.0
300622,0,30011806,14,8.0,0,8.0,"",120.0,120.0,199.0
300612,0,30011806,15,6.0,0,6.0,"",120.0,120.0,199.0
300626,0,30011806,32,8.0,0,8.0,"",120.0,120.0,199.0
300614,0,30011806,46,8.0,0,8.0,"",120.0,120.0,199.0
300626,0,30011806,50,8.0,0,8.0,"",120.0,120.0,199.0
300616,0,30011806,65,8.0,0,8.0,"",120.0,120.0,199.0
300616,0,30011806,73,8.0,0,8.0,"",120.0,120.0,199.0
300620,0,30011806,94,8.0,0,8.0,"",120.0,120.0,199.0
300628,0,30011806,95,7.0,0,7.0,"",120.0,120.0,199.0
300628,0,30011806,120,8.0,0,8.0,"",120.0,120.0,199.0
300624,0,30011806,130,8.0,0,8.0,"",120.0,120.0,199.0
300620,0,30011806,134,8.0,0,8.0,"",120.0,120.0,199.0
300626,0,30011806,142,8.0,0,8.0,"",120.0,120.0,199.0
300622,0,30011806,145,8.0,0,8.0,"",120.0,120.0,199.0
300624,0,30011806,148,4.0,0,4.0,"",120.0,120.0,199.0
300626,0,30011806,149,8.0,0,8.0,"",120.0,120.0,199.0
300616,0,30011806,156,8.0,0,8.0,"",120.0,120.0,199.0
300614,0,30011806,228,8.0,0,8.0,"",120.0,120.0,199.0
300620,0,30011806,238,8.0,0,8.0,"",120.0,120.0,199.0
300622,0,30011806,241,8.0,0,8.0,"",120.0,120.0,199.0
300616,0,30011806,245,8.0,0,8.0,"",120.0,120.0,199.0
300624,0,30011806,270,8.0,0,8.0,"",120.0,120.0,199.0
300618,0,30011806,274,8.0,0,8.0,"",120.0,120.0,199.0
300622,0,30011806,275,8.0,0,8.0,"",120.0,120.0,199.0
300614,0,30011806,276,8.0,0,8.0,"",120.0,120.0,199.0
300612,0,30011806,277,8.0,0,8.0,"",120.0,120.0,199.0
300626,0,30011806,352,8.0,0,8.0,"",120.0,120.0,199.0
300622,0,30011806,432,7.0,0,7.0,"",120.0,120.0,199.0
300622,0,30011806,440,7.0,0,7.0,"",120.0,120.0,199.0
300620,0,30011806,445,8.0,0,8.0,"",120.0,120.0,199.0
300612,0,30011806,448,8.0,0,8.0,"",120.0,120.0,199.0
300624,0,30011806,452,8.0,0,8.0,"",120.0,120.0,199.0
300618,0,30011806,457,8.0,0,8.0,"",120.0,120.0,199.0
300612,0,30011806,855,6.0,0,6.0,"",120.0,120.0,199.0
300628,0,30011806,1063,8.0,0,8.0,"",120.0,120.0,199.0
300628,0,30011806,1090,8.0,0,8.0,"",120.0,120.0,199.0
300616,0,30011806,1204,7.0,0,7.0,"",120.0,120.0,199.0
300618,0,30011806,1267,8.0,0,8.0,"",120.0,120.0,199.0
300612,0,30011806,1268,7.0,0,7.0,"",120.0,120.0,199.0
300618,0,30011806,1296,4.0,0,4.0,"",120.0,120.0,199.0
300618,0,30011806,1425,8.0,0,8.0,"",120.0,120.0,199.0
300626,0,30011806,1663,8.0,0,8.0,"",120.0,120.0,199.0
300614,0,30011806,1875,7.0,0,7.0,"",120.0,120.0,199.0
300622,0,30011806,1887,8.0,0,8.0,"",120.0,120.0,199.0
300622,0,30011806,1888,8.0,0,8.0,"",120.0,120.0,199.0
300612,0,30011806,1896,7.0,0,7.0,"",120.0,120.0,199.0
300628,0,30011806,2203,4.0,0,4.0,"",120.0,120.0,199.0
300626,0,30011806,2267,6.0,0,6.0,"",120.0,120.0,199.0
300624,0,30011806,2552,3.0,0,3.0,"",120.0,120.0,199.0
300628,0,30011806,2592,4.0,0,4.0,"",120.0,120.0,199.0
300620,0,30011806,3066,4.0,0,4.0,"",120.0,120.0,199.0
300624,0,30011806,3068,3.0,0,3.0,"",120.0,120.0,199.0
300614,0,30011806,3574,12.0,0,12.0,"",120.0,120.0,199.0
300612,0,30011807,1,4.0,0,4.0,"",120.0,120.0,199.0
300614,0,30011807,2,2.0,0,2.0,"",120.0,120.0,199.0
300616,0,30011807,3,8.0,0,8.0,"",120.0,120.0,199.0
300614,0,30011807,5,4.0,0,4.0,"",120.0,120.0,199.0
300612,0,30011807,6,8.0,0,8.0,"",120.0,120.0,199.0
300614,0,30011807,9,8.0,0,8.0,"",120.0,120.0,199.0
300622,0,30011807,14,8.0,0,8.0,"",120.0,120.0,199.0
300612,0,30011807,15,8.0,0,8.0,"",120.0,120.0,199.0
300626,0,30011807,32,8.0,0,8.0,"",120.0,120.0,199.0
300614,0,30011807,46,4.0,0,4.0,"",120.0,120.0,199.0
300626,0,30011807,50,8.0,0,8.0,"",120.0,120.0,199.0
300616,0,30011807,65,4.0,0,4.0,"",120.0,120.0,199.0
300616,0,30011807,73,4.0,0,4.0,"",120.0,120.0,199.0
300620,0,30011807,94,7.0,0,7.0,"",120.0,120.0,199.0
300628,0,30011807,95,9.0,0,9.0,"",120.0,120.0,199.0
300628,0,30011807,120,4.0,0,4.0,"",120.0,120.0,199.0
300624,0,30011807,130,4.0,0,4.0,"",120.0,120.0,199.0
300620,0,30011807,134,8.0,0,8.0,"",120.0,120.0,199.0
300626,0,30011807,142,8.0,0,8.0,"",120.0,120.0,199.0
300622,0,30011807,145,8.0,0,8.0,"",120.0,120.0,199.0
300624,0,30011807,148,4.0,0,4.0,"",120.0,120.0,199.0
300626,0,30011807,149,4.0,0,4.0,"",120.0,120.0,199.0
300616,0,30011807,156,3.0,0,3.0,"",120.0,120.0,199.0
300614,0,30011807,228,4.0,0,4.0,"",120.0,120.0,199.0
300620,0,30011807,238,8.0,0,8.0,"",120.0,120.0,199.0
300622,0,30011807,241,8.0,0,8.0,"",120.0,120.0,199.0
300616,0,30011807,245,8.0,0,8.0,"",120.0,120.0,199.0
300624,0,30011807,270,8.0,0,8.0,"",120.0,120.0,199.0
300618,0,30011807,274,4.0,0,4.0,"",120.0,120.0,199.0
300622,0,30011807,275,4.0,0,4.0,"",120.0,120.0,199.0
300614,0,30011807,276,4.0,0,4.0,"",120.0,120.0,199.0
300612,0,30011807,277,4.0,0,4.0,"",120.0,120.0,199.0
300626,0,30011807,352,3.0,0,3.0,"",120.0,120.0,199.0
300622,0,30011807,432,4.0,0,4.0,"",120.0,120.0,199.0
300622,0,30011807,440,4.0,0,4.0,"",120.0,120.0,199.0
300620,0,30011807,445,4.0,0,4.0,"",120.0,120.0,199.0
300612,0,30011807,448,2.0,0,2.0,"",120.0,120.0,199.0
300618,0,30011807,457,4.0,0,4.0,"",120.0,120.0,199.0
300612,0,30011807,855,4.0,0,4.0,"",120.0,120.0,199.0
300628,0,30011807,1063,4.0,0,4.0,"",120.0,120.0,199.0
300628,0,30011807,1090,4.0,0,4.0,"",120.0,120.0,199.0
300616,0,30011807,1204,4.0,0,4.0,"",120.0,120.0,199.0
300618,0,30011807,1267,4.0,0,4.0,"",120.0,120.0,199.0
300612,0,30011807,1268,8.0,0,8.0,"",120.0,120.0,199.0
300618,0,30011807,1296,4.0,0,4.0,"",120.0,120.0,199.0
300618,0,30011807,1425,4.0,0,4.0,"",120.0,120.0,199.0
300626,0,30011807,1663,8.0,0,8.0,"",120.0,120.0,199.0
300614,0,30011807,1875,4.0,0,4.0,"",120.0,120.0,199.0
300622,0,30011807,1887,8.0,0,8.0,"",120.0,120.0,199.0
300622,0,30011807,1888,4.0,0,4.0,"",120.0,120.0,199.0
300612,0,30011807,1896,3.0,0,3.0,"",120.0,120.0,199.0
300628,0,30011807,2203,4.0,0,4.0,"",120.0,120.0,199.0
300626,0,30011807,2267,4.0,0,4.0,"",120.0,120.0,199.0
300628,0,30011807,2592,2.0,0,2.0,"",120.0,120.0,199.0
300620,0,30011807,3066,4.0,0,4.0,"",120.0,120.0,199.0
300624,0,30011807,3068,1.0,0,1.0,"",120.0,120.0,199.0
300614,0,30011807,3574,8.0,0,8.0,"",120.0,120.0,199.0
300612,0,30011808,1,4.0,0,4.0,"",120.0,120.0,199.0
300614,0,30011808,2,3.0,0,3.0,"",120.0,120.0,199.0
300616,0,30011808,3,8.0,0,8.0,"",120.0,120.0,199.0
300612,0,30011808,6,8.0,0,8.0,"",120.0,120.0,199.0
300614,0,30011808,9,8.0,0,8.0,"",120.0,120.0,199.0
300622,0,30011808,14,8.0,0,8.0,"",120.0,120.0,199.0
300612,0,30011808,15,8.0,0,8.0,"",120.0,120.0,199.0
300614,0,30011808,46,4.0,0,4.0,"",120.0,120.0,199.0
300626,0,30011808,50,8.0,0,8.0,"",120.0,120.0,199.0
300616,0,30011808,65,4.0,0,4.0,"",120.0,120.0,199.0
300616,0,30011808,73,4.0,0,4.0,"",120.0,120.0,199.0
300620,0,30011808,94,8.0,0,8.0,"",120.0,120.0,199.0
300628,0,30011808,95,8.0,0,8.0,"",120.0,120.0,199.0
300628,0,30011808,120,4.0,0,4.0,"",120.0,120.0,199.0
300624,0,30011808,130,4.0,0,4.0,"",120.0,120.0,199.0
300620,0,30011808,134,8.0,0,8.0,"",120.0,120.0,199.0
300626,0,30011808,142,8.0,0,8.0,"",120.0,120.0,199.0
300622,0,30011808,145,8.0,0,8.0,"",120.0,120.0,199.0
300624,0,30011808,148,4.0,0,4.0,"",120.0,120.0,199.0
300626,0,30011808,149,4.0,0,4.0,"",120.0,120.0,199.0
300616,0,30011808,156,3.0,0,3.0,"",120.0,120.0,199.0
300614,0,30011808,228,4.0,0,4.0,"",120.0,120.0,199.0
300620,0,30011808,238,8.0,0,8.0,"",120.0,120.0,199.0
300622,0,30011808,241,8.0,0,8.0,"",120.0,120.0,199.0
300616,0,30011808,245,8.0,0,8.0,"",120.0,120.0,199.0
300624,0,30011808,270,8.0,0,8.0,"",120.0,120.0,199.0
300618,0,30011808,274,4.0,0,4.0,"",120.0,120.0,199.0
300622,0,30011808,275,4.0,0,4.0,"",120.0,120.0,199.0
300614,0,30011808,276,4.0,0,4.0,"",120.0,120.0,199.0
300612,0,30011808,277,4.0,0,4.0,"",120.0,120.0,199.0
300626,0,30011808,352,4.0,0,4.0,"",120.0,120.0,199.0
300622,0,30011808,432,4.0,0,4.0,"",120.0,120.0,199.0
300622,0,30011808,440,4.0,0,4.0,"",120.0,120.0,199.0
300620,0,30011808,445,4.0,0,4.0,"",120.0,120.0,199.0
300612,0,30011808,448,3.0,0,3.0,"",120.0,120.0,199.0
300618,0,30011808,457,4.0,0,4.0,"",120.0,120.0,199.0
300612,0,30011808,855,4.0,0,4.0,"",120.0,120.0,199.0
300628,0,30011808,1063,4.0,0,4.0,"",120.0,120.0,199.0
300628,0,30011808,1090,4.0,0,4.0,"",120.0,120.0,199.0
300616,0,30011808,1204,1.0,0,1.0,"",120.0,120.0,199.0
300618,0,30011808,1267,4.0,0,4.0,"",120.0,120.0,199.0
300612,0,30011808,1268,8.0,0,8.0,"",120.0,120.0,199.0
300618,0,30011808,1296,4.0,0,4.0,"",120.0,120.0,199.0
300618,0,30011808,1425,4.0,0,4.0,"",120.0,120.0,199.0
300626,0,30011808,1663,8.0,0,8.0,"",120.0,120.0,199.0
300614,0,30011808,1875,4.0,0,4.0,"",120.0,120.0,199.0
300622,0,30011808,1887,4.0,0,4.0,"",120.0,120.0,199.0
300622,0,30011808,1888,4.0,0,4.0,"",120.0,120.0,199.0
300612,0,30011808,1896,2.0,0,2.0,"",120.0,120.0,199.0
300628,0,30011808,2203,4.0,0,4.0,"",120.0,120.0,199.0
300626,0,30011808,2267,5.0,0,5.0,"",120.0,120.0,199.0
300628,0,30011808,2592,2.0,0,2.0,"",120.0,120.0,199.0
300620,0,30011808,3066,4.0,0,4.0,"",120.0,120.0,199.0
300624,0,30011808,3068,1.0,0,1.0,"",120.0,120.0,199.0
300612,0,30011809,1,15.0,0,15.0,"",120.0,120.0,199.0
300614,0,30011809,2,8.0,0,8.0,"",120.0,120.0,199.0
300616,0,30011809,3,16.0,0,16.0,"",120.0,120.0,199.0
300614,0,30011809,5,3.0,0,3.0,"",120.0,120.0,199.0
300612,0,30011809,6,16.0,0,16.0,"",120.0,120.0,199.0
300614,0,30011809,9,15.0,0,15.0,"",120.0,120.0,199.0
300622,0,30011809,14,16.0,0,16.0,"",120.0,120.0,199.0
300612,0,30011809,15,16.0,0,16.0,"",120.0,120.0,199.0
300626,0,30011809,32,15.0,0,15.0,"",120.0,120.0,199.0
300614,0,30011809,46,8.0,0,8.0,"",120.0,120.0,199.0
300626,0,30011809,50,16.0,0,16.0,"",120.0,120.0,199.0
300616,0,30011809,65,8.0,0,8.0,"",120.0,120.0,199.0
300616,0,30011809,73,8.0,0,8.0,"",120.0,120.0,199.0
300620,0,30011809,94,16.0,0,16.0,"",120.0,120.0,199.0
300628,0,30011809,95,16.0,0,16.0,"",120.0,120.0,199.0
300628,0,30011809,120,8.0,0,8.0,"",120.0,120.0,199.0
300624,0,30011809,130,8.0,0,8.0,"",120.0,120.0,199.0
300620,0,30011809,134,16.0,0,16.0,"",120.0,120.0,199.0
300626,0,30011809,142,16.0,0,16.0,"",120.0,120.0,199.0
300622,0,30011809,145,16.0,0,16.0,"",120.0,120.0,199.0
300624,0,30011809,148,8.0,0,8.0,"",120.0,120.0,199.0
300626,0,30011809,149,8.0,0,8.0,"",120.0,120.0,199.0
300616,0,30011809,156,8.0,0,8.0,"",120.0,120.0,199.0
300614,0,30011809,228,8.0,0,8.0,"",120.0,120.0,199.0
300620,0,30011809,238,16.0,0,16.0,"",120.0,120.0,199.0
300622,0,30011809,241,16.0,0,16.0,"",120.0,120.0,199.0
300616,0,30011809,245,16.0,0,16.0,"",120.0,120.0,199.0
300624,0,30011809,270,15.0,0,15.0,"",120.0,120.0,199.0
300618,0,30011809,274,8.0,0,8.0,"",120.0,120.0,199.0
300622,0,30011809,275,8.0,0,8.0,"",120.0,120.0,199.0
300614,0,30011809,276,7.0,0,7.0,"",120.0,120.0,199.0
300612,0,30011809,277,8.0,0,8.0,"",120.0,120.0,199.0
300626,0,30011809,352,8.0,0,8.0,"",120.0,120.0,199.0
300622,0,30011809,432,8.0,0,8.0,"",120.0,120.0,199.0
300622,0,30011809,440,8.0,0,8.0,"",120.0,120.0,199.0
300620,0,30011809,445,8.0,0,8.0,"",120.0,120.0,199.0
300612,0,30011809,448,8.0,0,8.0,"",120.0,120.0,199.0
300618,0,30011809,457,8.0,0,8.0,"",120.0,120.0,199.0
300612,0,30011809,855,8.0,0,8.0,"",120.0,120.0,199.0
300628,0,30011809,1063,8.0,0,8.0,"",120.0,120.0,199.0
300628,0,30011809,1090,8.0,0,8.0,"",120.0,120.0,199.0
300616,0,30011809,1204,8.0,0,8.0,"",120.0,120.0,199.0
300618,0,30011809,1267,8.0,0,8.0,"",120.0,120.0,199.0
300612,0,30011809,1268,16.0,0,16.0,"",120.0,120.0,199.0
300618,0,30011809,1296,8.0,0,8.0,"",120.0,120.0,199.0
300618,0,30011809,1425,8.0,0,8.0,"",120.0,120.0,199.0
300626,0,30011809,1663,16.0,0,16.0,"",120.0,120.0,199.0
300614,0,30011809,1875,7.0,0,7.0,"",120.0,120.0,199.0
300622,0,30011809,1887,15.0,0,15.0,"",120.0,120.0,199.0
300622,0,30011809,1888,8.0,0,8.0,"",120.0,120.0,199.0
300612,0,30011809,1896,6.0,0,6.0,"",120.0,120.0,199.0
300628,0,30011809,2203,8.0,0,8.0,"",120.0,120.0,199.0
300626,0,30011809,2267,8.0,0,8.0,"",120.0,120.0,199.0
300628,0,30011809,2592,4.0,0,4.0,"",120.0,120.0,199.0
300620,0,30011809,3066,8.0,0,8.0,"",120.0,120.0,199.0
300624,0,30011809,3068,3.0,0,3.0,"",120.0,120.0,199.0
300614,0,30011809,3574,2.0,0,2.0,"",120.0,120.0,199.0
300612,0,30011810,1,12.0,0,12.0,"",120.0,120.0,199.0
300614,0,30011810,2,8.0,0,8.0,"",120.0,120.0,199.0
300616,0,30011810,3,16.0,0,16.0,"",120.0,120.0,199.0
300614,0,30011810,5,8.0,0,8.0,"",120.0,120.0,199.0
300612,0,30011810,6,15.0,0,15.0,"",120.0,120.0,199.0
300614,0,30011810,9,16.0,0,16.0,"",120.0,120.0,199.0
300622,0,30011810,14,16.0,0,16.0,"",120.0,120.0,199.0
300612,0,30011810,15,16.0,0,16.0,"",120.0,120.0,199.0
300626,0,30011810,32,16.0,0,16.0,"",120.0,120.0,199.0
300614,0,30011810,46,8.0,0,8.0,"",120.0,120.0,199.0
300626,0,30011810,50,16.0,0,16.0,"",120.0,120.0,199.0
300616,0,30011810,65,8.0,0,8.0,"",120.0,120.0,199.0
300616,0,30011810,73,8.0,0,8.0,"",120.0,120.0,199.0
300620,0,30011810,94,14.0,0,14.0,"",120.0,120.0,199.0
300628,0,30011810,95,16.0,0,16.0,"",120.0,120.0,199.0
300628,0,30011810,120,8.0,0,8.0,"",120.0,120.0,199.0
300624,0,30011810,130,8.0,0,8.0,"",120.0,120.0,199.0
300620,0,30011810,134,16.0,0,16.0,"",120.0,120.0,199.0
300626,0,30011810,142,16.0,0,16.0,"",120.0,120.0,199.0
300622,0,30011810,145,16.0,0,16.0,"",120.0,120.0,199.0
300624,0,30011810,148,8.0,0,8.0,"",120.0,120.0,199.0
300626,0,30011810,149,8.0,0,8.0,"",120.0,120.0,199.0
300616,0,30011810,156,8.0,0,8.0,"",120.0,120.0,199.0
300614,0,30011810,228,8.0,0,8.0,"",120.0,120.0,199.0
300620,0,30011810,238,16.0,0,16.0,"",120.0,120.0,199.0
300622,0,30011810,241,16.0,0,16.0,"",120.0,120.0,199.0
300616,0,30011810,245,16.0,0,16.0,"",120.0,120.0,199.0
300624,0,30011810,270,16.0,0,16.0,"",120.0,120.0,199.0
300618,0,30011810,274,8.0,0,8.0,"",120.0,120.0,199.0
300622,0,30011810,275,8.0,0,8.0,"",120.0,120.0,199.0
300614,0,30011810,276,8.0,0,8.0,"",120.0,120.0,199.0
300612,0,30011810,277,8.0,0,8.0,"",120.0,120.0,199.0
300626,0,30011810,352,8.0,0,8.0,"",120.0,120.0,199.0
300622,0,30011810,432,8.0,0,8.0,"",120.0,120.0,199.0
300622,0,30011810,440,8.0,0,8.0,"",120.0,120.0,199.0
300620,0,30011810,445,8.0,0,8.0,"",120.0,120.0,199.0
300612,0,30011810,448,8.0,0,8.0,"",120.0,120.0,199.0
300618,0,30011810,457,8.0,0,8.0,"",120.0,120.0,199.0
300612,0,30011810,855,8.0,0,8.0,"",120.0,120.0,199.0
300628,0,30011810,1063,8.0,0,8.0,"",120.0,120.0,199.0
300628,0,30011810,1090,8.0,0,8.0,"",120.0,120.0,199.0
300616,0,30011810,1204,8.0,0,8.0,"",120.0,120.0,199.0
300618,0,30011810,1267,8.0,0,8.0,"",120.0,120.0,199.0
300612,0,30011810,1268,16.0,0,16.0,"",120.0,120.0,199.0
300618,0,30011810,1296,8.0,0,8.0,"",120.0,120.0,199.0
300618,0,30011810,1425,8.0,0,8.0,"",120.0,120.0,199.0
300626,0,30011810,1663,16.0,0,16.0,"",120.0,120.0,199.0
300614,0,30011810,1875,7.0,0,7.0,"",120.0,120.0,199.0
300622,0,30011810,1887,16.0,0,16.0,"",120.0,120.0,199.0
300622,0,30011810,1888,8.0,0,8.0,"",120.0,120.0,199.0
300612,0,30011810,1896,7.0,0,7.0,"",120.0,120.0,199.0
300628,0,30011810,2203,8.0,0,8.0,"",120.0,120.0,199.0
300626,0,30011810,2267,8.0,0,8.0,"",120.0,120.0,199.0
300628,0,30011810,2592,6.0,0,6.0,"",120.0,120.0,199.0
300620,0,30011810,3066,8.0,0,8.0,"",120.0,120.0,199.0
300624,0,30011810,3068,4.0,0,4.0,"",120.0,120.0,199.0
300614,0,30011810,3574,10.0,0,10.0,"",120.0,120.0,199.0
300615,0,30011811,2,4.0,0,4.0,"",120.0,120.0,199.0
300617,0,30011811,3,4.0,0,4.0,"",120.0,120.0,199.0
300615,0,30011811,5,1.0,0,1.0,"",120.0,120.0,199.0
300613,0,30011811,6,4.0,0,4.0,"",120.0,120.0,199.0
300615,0,30011811,9,3.0,0,3.0,"",120.0,120.0,199.0
300623,0,30011811,14,4.0,0,4.0,"",120.0,120.0,199.0
300613,0,30011811,15,4.0,0,4.0,"",120.0,120.0,199.0
300627,0,30011811,32,4.0,0,4.0,"",120.0,120.0,199.0
300615,0,30011811,46,4.0,0,4.0,"",120.0,120.0,199.0
300627,0,30011811,50,4.0,0,4.0,"",120.0,120.0,199.0
300617,0,30011811,65,4.0,0,4.0,"",120.0,120.0,199.0
300617,0,30011811,73,4.0,0,4.0,"",120.0,120.0,199.0
300621,0,30011811,94,4.0,0,4.0,"",120.0,120.0,199.0
300629,0,30011811,95,4.0,0,4.0,"",120.0,120.0,199.0
300629,0,30011811,120,4.0,0,4.0,"",120.0,120.0,199.0
300625,0,30011811,130,4.0,0,4.0,"",120.0,120.0,199.0
300621,0,30011811,134,4.0,0,4.0,"",120.0,120.0,199.0
300627,0,30011811,142,4.0,0,4.0,"",120.0,120.0,199.0
300623,0,30011811,145,4.0,0,4.0,"",120.0,120.0,199.0
300625,0,30011811,148,2.0,0,2.0,"",120.0,120.0,199.0
300627,0,30011811,149,4.0,0,4.0,"",120.0,120.0,199.0
300617,0,30011811,156,4.0,0,4.0,"",120.0,120.0,199.0
300615,0,30011811,228,4.0,0,4.0,"",120.0,120.0,199.0
300621,0,30011811,238,4.0,0,4.0,"",120.0,120.0,199.0
300623,0,30011811,241,4.0,0,4.0,"",120.0,120.0,199.0
300617,0,30011811,245,4.0,0,4.0,"",120.0,120.0,199.0
300625,0,30011811,270,4.0,0,4.0,"",120.0,120.0,199.0
300619,0,30011811,274,4.0,0,4.0,"",120.0,120.0,199.0
300623,0,30011811,275,4.0,0,4.0,"",120.0,120.0,199.0
300615,0,30011811,276,4.0,0,4.0,"",120.0,120.0,199.0
300613,0,30011811,277,4.0,0,4.0,"",120.0,120.0,199.0
300627,0,30011811,352,4.0,0,4.0,"",120.0,120.0,199.0
300623,0,30011811,432,3.0,0,3.0,"",120.0,120.0,199.0
300623,0,30011811,440,2.0,0,2.0,"",120.0,120.0,199.0
300621,0,30011811,445,4.0,0,4.0,"",120.0,120.0,199.0
300613,0,30011811,448,1.0,0,1.0,"",120.0,120.0,199.0
300625,0,30011811,452,4.0,0,4.0,"",120.0,120.0,199.0
300619,0,30011811,457,4.0,0,4.0,"",120.0,120.0,199.0
300613,0,30011811,855,3.0,0,3.0,"",120.0,120.0,199.0
300629,0,30011811,1063,4.0,0,4.0,"",120.0,120.0,199.0
300629,0,30011811,1090,4.0,0,4.0,"",120.0,120.0,199.0
300617,0,30011811,1204,3.0,0,3.0,"",120.0,120.0,199.0
300619,0,30011811,1267,3.0,0,3.0,"",120.0,120.0,199.0
300613,0,30011811,1268,4.0,0,4.0,"",120.0,120.0,199.0
300619,0,30011811,1296,2.0,0,2.0,"",120.0,120.0,199.0
300619,0,30011811,1425,3.0,0,3.0,"",120.0,120.0,199.0
300627,0,30011811,1663,4.0,0,4.0,"",120.0,120.0,199.0
300615,0,30011811,1875,4.0,0,4.0,"",120.0,120.0,199.0
300623,0,30011811,1887,1.0,0,1.0,"",120.0,120.0,199.0
300623,0,30011811,1888,3.0,0,3.0,"",120.0,120.0,199.0
300613,0,30011811,1896,2.0,0,2.0,"",120.0,120.0,199.0
300629,0,30011811,2203,2.0,0,2.0,"",120.0,120.0,199.0
300627,0,30011811,2267,2.0,0,2.0,"",120.0,120.0,199.0
300625,0,30011811,2552,2.0,0,2.0,"",120.0,120.0,199.0
300629,0,30011811,2592,4.0,0,4.0,"",120.0,120.0,199.0
300621,0,30011811,3066,2.0,0,2.0,"",120.0,120.0,199.0
300625,0,30011811,3068,1.0,0,1.0,"",120.0,120.0,199.0
300615,0,30011811,3574,2.0,0,2.0,"",120.0,120.0,199.0
300617,0,30011812,3,4.0,0,4.0,"",120.0,120.0,199.0
300613,0,30011812,6,4.0,0,4.0,"",120.0,120.0,199.0
300615,0,30011812,9,4.0,0,4.0,"",120.0,120.0,199.0
300623,0,30011812,14,4.0,0,4.0,"",120.0,120.0,199.0
300613,0,30011812,15,4.0,0,4.0,"",120.0,120.0,199.0
300627,0,30011812,32,4.0,0,4.0,"",120.0,120.0,199.0
300615,0,30011812,46,4.0,0,4.0,"",120.0,120.0,199.0
300627,0,30011812,50,5.0,0,5.0,"",120.0,120.0,199.0
300617,0,30011812,65,3.0,0,3.0,"",120.0,120.0,199.0
300617,0,30011812,73,4.0,0,4.0,"",120.0,120.0,199.0
300621,0,30011812,94,4.0,0,4.0,"",120.0,120.0,199.0
300629,0,30011812,95,4.0,0,4.0,"",120.0,120.0,199.0
300629,0,30011812,120,4.0,0,4.0,"",120.0,120.0,199.0
300625,0,30011812,130,4.0,0,4.0,"",120.0,120.0,199.0
300621,0,30011812,134,4.0,0,4.0,"",120.0,120.0,199.0
300627,0,30011812,142,7.0,0,7.0,"",120.0,120.0,199.0
300623,0,30011812,145,4.0,0,4.0,"",120.0,120.0,199.0
300625,0,30011812,148,2.0,0,2.0,"",120.0,120.0,199.0
300627,0,30011812,149,4.0,0,4.0,"",120.0,120.0,199.0
300617,0,30011812,156,4.0,0,4.0,"",120.0,120.0,199.0
300621,0,30011812,238,4.0,0,4.0,"",120.0,120.0,199.0
300623,0,30011812,241,4.0,0,4.0,"",120.0,120.0,199.0
300617,0,30011812,245,4.0,0,4.0,"",120.0,120.0,199.0
300625,0,30011812,270,4.0,0,4.0,"",120.0,120.0,199.0
300619,0,30011812,274,4.0,0,4.0,"",120.0,120.0,199.0
300623,0,30011812,275,4.0,0,4.0,"",120.0,120.0,199.0
300615,0,30011812,276,4.0,0,4.0,"",120.0,120.0,199.0
300613,0,30011812,277,3.0,0,3.0,"",120.0,120.0,199.0
300627,0,30011812,352,3.0,0,3.0,"",120.0,120.0,199.0
300623,0,30011812,440,3.0,0,3.0,"",120.0,120.0,199.0
300621,0,30011812,445,4.0,0,4.0,"",120.0,120.0,199.0
300613,0,30011812,448,3.0,0,3.0,"",120.0,120.0,199.0
300625,0,30011812,452,4.0,0,4.0,"",120.0,120.0,199.0
300619,0,30011812,457,3.0,0,3.0,"",120.0,120.0,199.0
300613,0,30011812,855,1.0,0,1.0,"",120.0,120.0,199.0
300629,0,30011812,1063,4.0,0,4.0,"",120.0,120.0,199.0
300629,0,30011812,1090,4.0,0,4.0,"",120.0,120.0,199.0
300619,0,30011812,1267,4.0,0,4.0,"",120.0,120.0,199.0
300613,0,30011812,1268,4.0,0,4.0,"",120.0,120.0,199.0
300619,0,30011812,1296,2.0,0,2.0,"",120.0,120.0,199.0
300627,0,30011812,1663,4.0,0,4.0,"",120.0,120.0,199.0
300623,0,30011812,1888,3.0,0,3.0,"",120.0,120.0,199.0
300613,0,30011812,1896,3.0,0,3.0,"",120.0,120.0,199.0
300629,0,30011812,2203,2.0,0,2.0,"",120.0,120.0,199.0
300625,0,30011812,2552,2.0,0,2.0,"",120.0,120.0,199.0
300629,0,30011812,2592,2.0,0,2.0,"",120.0,120.0,199.0
300621,0,30011812,3066,2.0,0,2.0,"",120.0,120.0,199.0
300625,0,30011812,3068,1.0,0,1.0,"",120.0,120.0,199.0
300613,0,30011813,1,4.0,0,4.0,"",120.0,120.0,199.0
300615,0,30011813,2,2.0,0,2.0,"",120.0,120.0,199.0
300617,0,30011813,3,10.0,0,10.0,"",120.0,120.0,199.0
300615,0,30011813,5,3.0,0,3.0,"",120.0,120.0,199.0
300613,0,30011813,6,8.0,0,8.0,"",120.0,120.0,199.0
300615,0,30011813,9,7.0,0,7.0,"",120.0,120.0,199.0
300623,0,30011813,14,8.0,0,8.0,"",120.0,120.0,199.0
300613,0,30011813,15,8.0,0,8.0,"",120.0,120.0,199.0
300627,0,30011813,32,8.0,0,8.0,"",120.0,120.0,199.0
300615,0,30011813,46,8.0,0,8.0,"",120.0,120.0,199.0
300627,0,30011813,50,8.0,0,8.0,"",120.0,120.0,199.0
300617,0,30011813,65,7.0,0,7.0,"",120.0,120.0,199.0
300617,0,30011813,73,8.0,0,8.0,"",120.0,120.0,199.0
300621,0,30011813,94,8.0,0,8.0,"",120.0,120.0,199.0
300629,0,30011813,95,7.0,0,7.0,"",120.0,120.0,199.0
300629,0,30011813,120,8.0,0,8.0,"",120.0,120.0,199.0
300625,0,30011813,130,8.0,0,8.0,"",120.0,120.0,199.0
300621,0,30011813,134,8.0,0,8.0,"",120.0,120.0,199.0
300627,0,30011813,142,5.0,0,5.0,"",120.0,120.0,199.0
300623,0,30011813,145,8.0,0,8.0,"",120.0,120.0,199.0
300625,0,30011813,148,4.0,0,4.0,"",120.0,120.0,199.0
300627,0,30011813,149,8.0,0,8.0,"",120.0,120.0,199.0
300617,0,30011813,156,8.0,0,8.0,"",120.0,120.0,199.0
300615,0,30011813,228,6.0,0,6.0,"",120.0,120.0,199.0
300621,0,30011813,238,8.0,0,8.0,"",120.0,120.0,199.0
300623,0,30011813,241,8.0,0,8.0,"",120.0,120.0,199.0
300617,0,30011813,245,10.0,0,10.0,"",120.0,120.0,199.0
300625,0,30011813,270,9.0,0,9.0,"",120.0,120.0,199.0
300619,0,30011813,274,8.0,0,8.0,"",120.0,120.0,199.0
300623,0,30011813,275,8.0,0,8.0,"",120.0,120.0,199.0
300615,0,30011813,276,8.0,0,8.0,"",120.0,120.0,199.0
300613,0,30011813,277,8.0,0,8.0,"",120.0,120.0,199.0
300627,0,30011813,352,4.0,0,4.0,"",120.0,120.0,199.0
300623,0,30011813,432,8.0,0,8.0,"",120.0,120.0,199.0
300623,0,30011813,440,9.0,0,9.0,"",120.0,120.0,199.0
300621,0,30011813,445,8.0,0,8.0,"",120.0,120.0,199.0
300613,0,30011813,448,8.0,0,8.0,"",120.0,120.0,199.0
300625,0,30011813,452,8.0,0,8.0,"",120.0,120.0,199.0
300619,0,30011813,457,8.0,0,8.0,"",120.0,120.0,199.0
300613,0,30011813,855,5.0,0,5.0,"",120.0,120.0,199.0
300629,0,30011813,1063,8.0,0,8.0,"",120.0,120.0,199.0
300629,0,30011813,1090,11.0,0,11.0,"",120.0,120.0,199.0
300617,0,30011813,1204,5.0,0,5.0,"",120.0,120.0,199.0
300619,0,30011813,1267,7.0,0,7.0,"",120.0,120.0,199.0
300613,0,30011813,1268,8.0,0,8.0,"",120.0,120.0,199.0
300619,0,30011813,1296,4.0,0,4.0,"",120.0,120.0,199.0
300619,0,30011813,1425,7.0,0,7.0,"",120.0,120.0,199.0
300627,0,30011813,1663,8.0,0,8.0,"",120.0,120.0,199.0
300615,0,30011813,1875,3.0,0,3.0,"",120.0,120.0,199.0
300623,0,30011813,1887,8.0,0,8.0,"",120.0,120.0,199.0
300623,0,30011813,1888,6.0,0,6.0,"",120.0,120.0,199.0
300613,0,30011813,1896,6.0,0,6.0,"",120.0,120.0,199.0
300629,0,30011813,2203,4.0,0,4.0,"",120.0,120.0,199.0
300627,0,30011813,2267,7.0,0,7.0,"",120.0,120.0,199.0
300625,0,30011813,2552,4.0,0,4.0,"",120.0,120.0,199.0
300629,0,30011813,2592,4.0,0,4.0,"",120.0,120.0,199.0
300621,0,30011813,3066,4.0,0,4.0,"",120.0,120.0,199.0
300625,0,30011813,3068,5.0,0,5.0,"",120.0,120.0,199.0
300615,0,30011813,3574,5.0,0,5.0,"",120.0,120.0,199.0
300613,0,30011814,1,2.0,0,2.0,"",120.0,120.0,199.0
300615,0,30011814,2,8.0,0,8.0,"",120.0,120.0,199.0
300617,0,30011814,3,8.0,0,8.0,"",120.0,120.0,199.0
300615,0,30011814,5,6.0,0,6.0,"",120.0,120.0,199.0
300613,0,30011814,6,8.0,0,8.0,"",120.0,120.0,199.0
300615,0,30011814,9,8.0,0,8.0,"",120.0,120.0,199.0
300623,0,30011814,14,8.0,0,8.0,"",120.0,120.0,199.0
300613,0,30011814,15,8.0,0,8.0,"",120.0,120.0,199.0
300627,0,30011814,32,8.0,0,8.0,"",120.0,120.0,199.0
300615,0,30011814,46,8.0,0,8.0,"",120.0,120.0,199.0
300627,0,30011814,50,8.0,0,8.0,"",120.0,120.0,199.0
300617,0,30011814,65,8.0,0,8.0,"",120.0,120.0,199.0
300617,0,30011814,73,8.0,0,8.0,"",120.0,120.0,199.0
300621,0,30011814,94,8.0,0,8.0,"",120.0,120.0,199.0
300629,0,30011814,95,8.0,0,8.0,"",120.0,120.0,199.0
300629,0,30011814,120,8.0,0,8.0,"",120.0,120.0,199.0
300625,0,30011814,130,8.0,0,8.0,"",120.0,120.0,199.0
300621,0,30011814,134,8.0,0,8.0,"",120.0,120.0,199.0
300627,0,30011814,142,8.0,0,8.0,"",120.0,120.0,199.0
300623,0,30011814,145,8.0,0,8.0,"",120.0,120.0,199.0
300625,0,30011814,148,4.0,0,4.0,"",120.0,120.0,199.0
300627,0,30011814,149,8.0,0,8.0,"",120.0,120.0,199.0
300617,0,30011814,156,8.0,0,8.0,"",120.0,120.0,199.0
300615,0,30011814,228,8.0,0,8.0,"",120.0,120.0,199.0
300621,0,30011814,238,8.0,0,8.0,"",120.0,120.0,199.0
300623,0,30011814,241,8.0,0,8.0,"",120.0,120.0,199.0
300617,0,30011814,245,7.0,0,7.0,"",120.0,120.0,199.0
300625,0,30011814,270,8.0,0,8.0,"",120.0,120.0,199.0
300619,0,30011814,274,8.0,0,8.0,"",120.0,120.0,199.0
300623,0,30011814,275,8.0,0,8.0,"",120.0,120.0,199.0
300615,0,30011814,276,8.0,0,8.0,"",120.0,120.0,199.0
300613,0,30011814,277,8.0,0,8.0,"",120.0,120.0,199.0
300627,0,30011814,352,6.0,0,6.0,"",120.0,120.0,199.0
300623,0,30011814,432,8.0,0,8.0,"",120.0,120.0,199.0
300623,0,30011814,440,8.0,0,8.0,"",120.0,120.0,199.0
300621,0,30011814,445,8.0,0,8.0,"",120.0,120.0,199.0
300613,0,30011814,448,8.0,0,8.0,"",120.0,120.0,199.0
300625,0,30011814,452,8.0,0,8.0,"",120.0,120.0,199.0
300619,0,30011814,457,8.0,0,8.0,"",120.0,120.0,199.0
300613,0,30011814,855,8.0,0,8.0,"",120.0,120.0,199.0
300629,0,30011814,1063,8.0,0,8.0,"",120.0,120.0,199.0
300629,0,30011814,1090,8.0,0,8.0,"",120.0,120.0,199.0
300617,0,30011814,1204,8.0,0,8.0,"",120.0,120.0,199.0
300619,0,30011814,1267,8.0,0,8.0,"",120.0,120.0,199.0
300613,0,30011814,1268,8.0,0,8.0,"",120.0,120.0,199.0
300619,0,30011814,1296,4.0,0,4.0,"",120.0,120.0,199.0
300619,0,30011814,1425,8.0,0,8.0,"",120.0,120.0,199.0
300627,0,30011814,1663,8.0,0,8.0,"",120.0,120.0,199.0
300615,0,30011814,1875,8.0,0,8.0,"",120.0,120.0,199.0
300623,0,30011814,1887,8.0,0,8.0,"",120.0,120.0,199.0
300623,0,30011814,1888,8.0,0,8.0,"",120.0,120.0,199.0
300613,0,30011814,1896,8.0,0,8.0,"",120.0,120.0,199.0
300629,0,30011814,2203,4.0,0,4.0,"",120.0,120.0,199.0
300627,0,30011814,2267,8.0,0,8.0,"",120.0,120.0,199.0
300625,0,30011814,2552,4.0,0,4.0,"",120.0,120.0,199.0
300629,0,30011814,2592,4.0,0,4.0,"",120.0,120.0,199.0
300621,0,30011814,3066,4.0,0,4.0,"",120.0,120.0,199.0
300625,0,30011814,3068,4.0,0,4.0,"",120.0,120.0,199.0
300615,0,30011814,3574,11.0,0,11.0,"",120.0,120.0,199.0
300615,0,30011815,2,1.0,0,1.0,"",120.0,120.0,199.0
300617,0,30011815,3,1.0,0,1.0,"",120.0,120.0,199.0
300615,0,30011815,5,1.0,0,1.0,"",120.0,120.0,199.0
300613,0,30011815,6,4.0,0,4.0,"",120.0,120.0,199.0
300615,0,30011815,9,5.0,0,5.0,"",120.0,120.0,199.0
300623,0,30011815,14,2.0,0,2.0,"",120.0,120.0,199.0
300613,0,30011815,15,4.0,0,4.0,"",120.0,120.0,199.0
300627,0,30011815,32,2.0,0,2.0,"",120.0,120.0,199.0
300615,0,30011815,46,4.0,0,4.0,"",120.0,120.0,199.0
300627,0,30011815,50,4.0,0,4.0,"",120.0,120.0,199.0
300617,0,30011815,65,4.0,0,4.0,"",120.0,120.0,199.0
300617,0,30011815,73,2.0,0,2.0,"",120.0,120.0,199.0
300621,0,30011815,94,4.0,0,4.0,"",120.0,120.0,199.0
300629,0,30011815,95,2.0,0,2.0,"",120.0,120.0,199.0
300629,0,30011815,120,2.0,0,2.0,"",120.0,120.0,199.0
300625,0,30011815,130,2.0,0,2.0,"",120.0,120.0,199.0
300621,0,30011815,134,2.0,0,2.0,"",120.0,120.0,199.0
300627,0,30011815,142,3.0,0,3.0,"",120.0,120.0,199.0
300623,0,30011815,145,4.0,0,4.0,"",120.0,120.0,199.0
300625,0,30011815,148,2.0,0,2.0,"",120.0,120.0,199.0
300627,0,30011815,149,2.0,0,2.0,"",120.0,120.0,199.0
300617,0,30011815,156,2.0,0,2.0,"",120.0,120.0,199.0
300615,0,30011815,228,1.0,0,1.0,"",120.0,120.0,199.0
300621,0,30011815,238,2.0,0,2.0,"",120.0,120.0,199.0
300623,0,30011815,241,2.0,0,2.0,"",120.0,120.0,199.0
300617,0,30011815,245,4.0,0,4.0,"",120.0,120.0,199.0
300625,0,30011815,270,2.0,0,2.0,"",120.0,120.0,199.0
300619,0,30011815,274,2.0,0,2.0,"",120.0,120.0,199.0
300623,0,30011815,275,2.0,0,2.0,"",120.0,120.0,199.0
300615,0,30011815,276,3.0,0,3.0,"",120.0,120.0,199.0
300613,0,30011815,277,4.0,0,4.0,"",120.0,120.0,199.0
300627,0,30011815,352,2.0,0,2.0,"",120.0,120.0,199.0
300623,0,30011815,432,1.0,0,1.0,"",120.0,120.0,199.0
300623,0,30011815,440,1.0,0,1.0,"",120.0,120.0,199.0
300621,0,30011815,445,2.0,0,2.0,"",120.0,120.0,199.0
300613,0,30011815,448,3.0,0,3.0,"",120.0,120.0,199.0
300625,0,30011815,452,2.0,0,2.0,"",120.0,120.0,199.0
300619,0,30011815,457,2.0,0,2.0,"",120.0,120.0,199.0
300613,0,30011815,855,1.0,0,1.0,"",120.0,120.0,199.0
300629,0,30011815,1063,2.0,0,2.0,"",120.0,120.0,199.0
300629,0,30011815,1090,3.0,0,3.0,"",120.0,120.0,199.0
300619,0,30011815,1267,2.0,0,2.0,"",120.0,120.0,199.0
300613,0,30011815,1268,2.0,0,2.0,"",120.0,120.0,199.0
300619,0,30011815,1296,2.0,0,2.0,"",120.0,120.0,199.0
300619,0,30011815,1425,2.0,0,2.0,"",120.0,120.0,199.0
300627,0,30011815,1663,2.0,0,2.0,"",120.0,120.0,199.0
300623,0,30011815,1887,2.0,0,2.0,"",120.0,120.0,199.0
300623,0,30011815,1888,1.0,0,1.0,"",120.0,120.0,199.0
300613,0,30011815,1896,1.0,0,1.0,"",120.0,120.0,199.0
300629,0,30011815,2203,2.0,0,2.0,"",120.0,120.0,199.0
300627,0,30011815,2267,1.0,0,1.0,"",120.0,120.0,199.0
300625,0,30011815,2552,2.0,0,2.0,"",120.0,120.0,199.0
300629,0,30011815,2592,4.0,0,4.0,"",120.0,120.0,199.0
300621,0,30011815,3066,2.0,0,2.0,"",120.0,120.0,199.0
300625,0,30011815,3068,1.0,0,1.0,"",120.0,120.0,199.0
300615,0,30011815,3574,2.0,0,2.0,"",120.0,120.0,199.0
300617,0,30011816,3,4.0,0,4.0,"",120.0,120.0,199.0
300613,0,30011816,6,4.0,0,4.0,"",120.0,120.0,199.0
300615,0,30011816,9,2.0,0,2.0,"",120.0,120.0,199.0
300623,0,30011816,14,2.0,0,2.0,"",120.0,120.0,199.0
300615,0,30011816,46,4.0,0,4.0,"",120.0,120.0,199.0
300627,0,30011816,50,4.0,0,4.0,"",120.0,120.0,199.0
300617,0,30011816,65,4.0,0,4.0,"",120.0,120.0,199.0
300617,0,30011816,73,2.0,0,2.0,"",120.0,120.0,199.0
300621,0,30011816,94,4.0,0,4.0,"",120.0,120.0,199.0
300629,0,30011816,95,2.0,0,2.0,"",120.0,120.0,199.0
300625,0,30011816,130,2.0,0,2.0,"",120.0,120.0,199.0
300623,0,30011816,145,4.0,0,4.0,"",120.0,120.0,199.0
300625,0,30011816,148,2.0,0,2.0,"",120.0,120.0,199.0
300627,0,30011816,149,2.0,0,2.0,"",120.0,120.0,199.0
300615,0,30011816,228,1.0,0,1.0,"",120.0,120.0,199.0
300621,0,30011816,238,2.0,0,2.0,"",120.0,120.0,199.0
300623,0,30011816,241,2.0,0,2.0,"",120.0,120.0,199.0
300617,0,30011816,245,3.0,0,3.0,"",120.0,120.0,199.0
300625,0,30011816,270,2.0,0,2.0,"",120.0,120.0,199.0
300619,0,30011816,274,2.0,0,2.0,"",120.0,120.0,199.0
300623,0,30011816,275,2.0,0,2.0,"",120.0,120.0,199.0
300615,0,30011816,276,1.0,0,1.0,"",120.0,120.0,199.0
300613,0,30011816,277,3.0,0,3.0,"",120.0,120.0,199.0
300627,0,30011816,352,2.0,0,2.0,"",120.0,120.0,199.0
300623,0,30011816,432,1.0,0,1.0,"",120.0,120.0,199.0
300621,0,30011816,445,2.0,0,2.0,"",120.0,120.0,199.0
300625,0,30011816,452,2.0,0,2.0,"",120.0,120.0,199.0
300619,0,30011816,457,1.0,0,1.0,"",120.0,120.0,199.0
300629,0,30011816,1090,4.0,0,4.0,"",120.0,120.0,199.0
300619,0,30011816,1267,4.0,0,4.0,"",120.0,120.0,199.0
300613,0,30011816,1268,2.0,0,2.0,"",120.0,120.0,199.0
300619,0,30011816,1296,2.0,0,2.0,"",120.0,120.0,199.0
300619,0,30011816,1425,2.0,0,2.0,"",120.0,120.0,199.0
300627,0,30011816,1663,2.0,0,2.0,"",120.0,120.0,199.0
300623,0,30011816,1887,1.0,0,1.0,"",120.0,120.0,199.0
300623,0,30011816,1888,2.0,0,2.0,"",120.0,120.0,199.0
300613,0,30011816,1896,1.0,0,1.0,"",120.0,120.0,199.0
300629,0,30011816,2203,2.0,0,2.0,"",120.0,120.0,199.0
300625,0,30011816,2552,1.0,0,1.0,"",120.0,120.0,199.0
300629,0,30011816,2592,2.0,0,2.0,"",120.0,120.0,199.0
300621,0,30011816,3066,2.0,0,2.0,"",120.0,120.0,199.0
300615,0,30011816,3574,3.0,0,3.0,"",120.0,120.0,199.0
300615,0,30011817,2,3.0,0,3.0,"",120.0,120.0,199.0
300617,0,30011817,3,8.0,0,8.0,"",120.0,120.0,199.0
300615,0,30011817,5,3.0,0,3.0,"",120.0,120.0,199.0
300613,0,30011817,6,8.0,0,8.0,"",120.0,120.0,199.0
300615,0,30011817,9,7.0,0,7.0,"",120.0,120.0,199.0
300623,0,30011817,14,4.0,0,4.0,"",120.0,120.0,199.0
300613,0,30011817,15,5.0,0,5.0,"",120.0,120.0,199.0
300627,0,30011817,32,4.0,0,4.0,"",120.0,120.0,199.0
300615,0,30011817,46,8.0,0,8.0,"",120.0,120.0,199.0
300627,0,30011817,50,8.0,0,8.0,"",120.0,120.0,199.0
300617,0,30011817,65,7.0,0,7.0,"",120.0,120.0,199.0
300617,0,30011817,73,4.0,0,4.0,"",120.0,120.0,199.0
300621,0,30011817,94,8.0,0,8.0,"",120.0,120.0,199.0
300629,0,30011817,95,8.0,0,8.0,"",120.0,120.0,199.0
300629,0,30011817,120,4.0,0,4.0,"",120.0,120.0,199.0
300625,0,30011817,130,4.0,0,4.0,"",120.0,120.0,199.0
300621,0,30011817,134,4.0,0,4.0,"",120.0,120.0,199.0
300627,0,30011817,142,7.0,0,7.0,"",120.0,120.0,199.0
300623,0,30011817,145,8.0,0,8.0,"",120.0,120.0,199.0
300625,0,30011817,148,4.0,0,4.0,"",120.0,120.0,199.0
300627,0,30011817,149,4.0,0,4.0,"",120.0,120.0,199.0
300617,0,30011817,156,1.0,0,1.0,"",120.0,120.0,199.0
300615,0,30011817,228,3.0,0,3.0,"",120.0,120.0,199.0
300621,0,30011817,238,4.0,0,4.0,"",120.0,120.0,199.0
300623,0,30011817,241,4.0,0,4.0,"",120.0,120.0,199.0
300617,0,30011817,245,8.0,0,8.0,"",120.0,120.0,199.0
300625,0,30011817,270,4.0,0,4.0,"",120.0,120.0,199.0
300619,0,30011817,274,4.0,0,4.0,"",120.0,120.0,199.0
300623,0,30011817,275,4.0,0,4.0,"",120.0,120.0,199.0
300615,0,30011817,276,7.0,0,7.0,"",120.0,120.0,199.0
300613,0,30011817,277,8.0,0,8.0,"",120.0,120.0,199.0
300627,0,30011817,352,4.0,0,4.0,"",120.0,120.0,199.0
300623,0,30011817,432,3.0,0,3.0,"",120.0,120.0,199.0
300623,0,30011817,440,4.0,0,4.0,"",120.0,120.0,199.0
300621,0,30011817,445,4.0,0,4.0,"",120.0,120.0,199.0
300613,0,30011817,448,6.0,0,6.0,"",120.0,120.0,199.0
300625,0,30011817,452,2.0,0,2.0,"",120.0,120.0,199.0
300619,0,30011817,457,4.0,0,4.0,"",120.0,120.0,199.0
300613,0,30011817,855,2.0,0,2.0,"",120.0,120.0,199.0
300629,0,30011817,1063,4.0,0,4.0,"",120.0,120.0,199.0
300629,0,30011817,1090,8.0,0,8.0,"",120.0,120.0,199.0
300619,0,30011817,1267,7.0,0,7.0,"",120.0,120.0,199.0
300613,0,30011817,1268,4.0,0,4.0,"",120.0,120.0,199.0
300619,0,30011817,1296,4.0,0,4.0,"",120.0,120.0,199.0
300619,0,30011817,1425,4.0,0,4.0,"",120.0,120.0,199.0
300627,0,30011817,1663,4.0,0,4.0,"",120.0,120.0,199.0
300623,0,30011817,1887,4.0,0,4.0,"",120.0,120.0,199.0
300623,0,30011817,1888,1.0,0,1.0,"",120.0,120.0,199.0
300613,0,30011817,1896,1.0,0,1.0,"",120.0,120.0,199.0
300629,0,30011817,2203,4.0,0,4.0,"",120.0,120.0,199.0
300627,0,30011817,2267,4.0,0,4.0,"",120.0,120.0,199.0
300625,0,30011817,2552,4.0,0,4.0,"",120.0,120.0,199.0
300629,0,30011817,2592,8.0,0,8.0,"",120.0,120.0,199.0
300621,0,30011817,3066,4.0,0,4.0,"",120.0,120.0,199.0
300625,0,30011817,3068,2.0,0,2.0,"",120.0,120.0,199.0
300615,0,30011817,3574,3.0,0,3.0,"",120.0,120.0,199.0
300613,0,30011818,1,2.0,0,2.0,"",120.0,120.0,199.0
300615,0,30011818,2,4.0,0,4.0,"",120.0,120.0,199.0
300617,0,30011818,3,8.0,0,8.0,"",120.0,120.0,199.0
300615,0,30011818,5,4.0,0,4.0,"",120.0,120.0,199.0
300613,0,30011818,6,8.0,0,8.0,"",120.0,120.0,199.0
300615,0,30011818,9,8.0,0,8.0,"",120.0,120.0,199.0
300623,0,30011818,14,4.0,0,4.0,"",120.0,120.0,199.0
300613,0,30011818,15,7.0,0,7.0,"",120.0,120.0,199.0
300627,0,30011818,32,5.0,0,5.0,"",120.0,120.0,199.0
300615,0,30011818,46,8.0,0,8.0,"",120.0,120.0,199.0
300627,0,30011818,50,8.0,0,8.0,"",120.0,120.0,199.0
300617,0,30011818,65,8.0,0,8.0,"",120.0,120.0,199.0
300617,0,30011818,73,4.0,0,4.0,"",120.0,120.0,199.0
300621,0,30011818,94,8.0,0,8.0,"",120.0,120.0,199.0
300629,0,30011818,95,8.0,0,8.0,"",120.0,120.0,199.0
300629,0,30011818,120,4.0,0,4.0,"",120.0,120.0,199.0
300625,0,30011818,130,4.0,0,4.0,"",120.0,120.0,199.0
300621,0,30011818,134,4.0,0,4.0,"",120.0,120.0,199.0
300627,0,30011818,142,8.0,0,8.0,"",120.0,120.0,199.0
300623,0,30011818,145,8.0,0,8.0,"",120.0,120.0,199.0
300625,0,30011818,148,4.0,0,4.0,"",120.0,120.0,199.0
300627,0,30011818,149,4.0,0,4.0,"",120.0,120.0,199.0
300617,0,30011818,156,8.0,0,8.0,"",120.0,120.0,199.0
300615,0,30011818,228,8.0,0,8.0,"",120.0,120.0,199.0
300621,0,30011818,238,4.0,0,4.0,"",120.0,120.0,199.0
300623,0,30011818,241,4.0,0,4.0,"",120.0,120.0,199.0
300617,0,30011818,245,9.0,0,9.0,"",120.0,120.0,199.0
300625,0,30011818,270,4.0,0,4.0,"",120.0,120.0,199.0
300619,0,30011818,274,4.0,0,4.0,"",120.0,120.0,199.0
300623,0,30011818,275,4.0,0,4.0,"",120.0,120.0,199.0
300615,0,30011818,276,6.0,0,6.0,"",120.0,120.0,199.0
300613,0,30011818,277,8.0,0,8.0,"",120.0,120.0,199.0
300627,0,30011818,352,4.0,0,4.0,"",120.0,120.0,199.0
300623,0,30011818,432,4.0,0,4.0,"",120.0,120.0,199.0
300623,0,30011818,440,4.0,0,4.0,"",120.0,120.0,199.0
300621,0,30011818,445,4.0,0,4.0,"",120.0,120.0,199.0
300613,0,30011818,448,8.0,0,8.0,"",120.0,120.0,199.0
300625,0,30011818,452,4.0,0,4.0,"",120.0,120.0,199.0
300619,0,30011818,457,4.0,0,4.0,"",120.0,120.0,199.0
300613,0,30011818,855,8.0,0,8.0,"",120.0,120.0,199.0
300629,0,30011818,1063,4.0,0,4.0,"",120.0,120.0,199.0
300629,0,30011818,1090,8.0,0,8.0,"",120.0,120.0,199.0
300619,0,30011818,1267,8.0,0,8.0,"",120.0,120.0,199.0
300613,0,30011818,1268,4.0,0,4.0,"",120.0,120.0,199.0
300619,0,30011818,1296,4.0,0,4.0,"",120.0,120.0,199.0
300619,0,30011818,1425,4.0,0,4.0,"",120.0,120.0,199.0
300627,0,30011818,1663,4.0,0,4.0,"",120.0,120.0,199.0
300623,0,30011818,1887,4.0,0,4.0,"",120.0,120.0,199.0
300623,0,30011818,1888,4.0,0,4.0,"",120.0,120.0,199.0
300613,0,30011818,1896,4.0,0,4.0,"",120.0,120.0,199.0
300629,0,30011818,2203,4.0,0,4.0,"",120.0,120.0,199.0
300627,0,30011818,2267,4.0,0,4.0,"",120.0,120.0,199.0
300625,0,30011818,2552,3.0,0,3.0,"",120.0,120.0,199.0
300629,0,30011818,2592,4.0,0,4.0,"",120.0,120.0,199.0
300621,0,30011818,3066,4.0,0,4.0,"",120.0,120.0,199.0
300625,0,30011818,3068,4.0,0,4.0,"",120.0,120.0,199.0
300615,0,30011818,3574,7.0,0,7.0,"",120.0,120.0,199.0
300639,0,30011820,1,2.0,0,2.0,"",390.0,390.0,699.0
300643,0,30011820,3,2.0,0,2.0,"",390.0,390.0,699.0
300641,0,30011820,5,2.0,0,2.0,"",390.0,390.0,699.0
300639,0,30011820,6,10.0,0,10.0,"",390.0,390.0,699.0
300641,0,30011820,9,10.0,0,10.0,"",390.0,390.0,699.0
300649,0,30011820,14,2.0,0,2.0,"",390.0,390.0,699.0
300639,0,30011820,15,2.0,0,2.0,"",390.0,390.0,699.0
300653,0,30011820,32,12.0,0,12.0,"",390.0,390.0,699.0
300641,0,30011820,46,2.0,0,2.0,"",390.0,390.0,699.0
300653,0,30011820,50,12.0,0,12.0,"",390.0,390.0,699.0
300643,0,30011820,65,2.0,0,2.0,"",390.0,390.0,699.0
300643,0,30011820,73,4.0,0,4.0,"",390.0,390.0,699.0
300647,0,30011820,94,10.0,0,10.0,"",390.0,390.0,699.0
300655,0,30011820,95,12.0,0,12.0,"",390.0,390.0,699.0
300655,0,30011820,120,2.0,0,2.0,"",390.0,390.0,699.0
300651,0,30011820,130,10.0,0,10.0,"",390.0,390.0,699.0
300647,0,30011820,134,2.0,0,2.0,"",390.0,390.0,699.0
300645,0,30011820,138,10.0,0,10.0,"",390.0,390.0,699.0
300653,0,30011820,142,2.0,0,2.0,"",390.0,390.0,699.0
300649,0,30011820,145,10.0,0,10.0,"",390.0,390.0,699.0
300651,0,30011820,148,8.0,0,8.0,"",390.0,390.0,699.0
300653,0,30011820,149,2.0,0,2.0,"",390.0,390.0,699.0
300643,0,30011820,156,2.0,0,2.0,"",390.0,390.0,699.0
300641,0,30011820,228,8.0,0,8.0,"",390.0,390.0,699.0
300647,0,30011820,238,4.0,0,4.0,"",390.0,390.0,699.0
300649,0,30011820,241,2.0,0,2.0,"",390.0,390.0,699.0
300643,0,30011820,245,10.0,0,10.0,"",390.0,390.0,699.0
300651,0,30011820,270,10.0,0,10.0,"",390.0,390.0,699.0
300645,0,30011820,274,8.0,0,8.0,"",390.0,390.0,699.0
300649,0,30011820,275,2.0,0,2.0,"",390.0,390.0,699.0
300639,0,30011820,277,2.0,0,2.0,"",390.0,390.0,699.0
300647,0,30011820,353,2.0,0,2.0,"",390.0,390.0,699.0
300649,0,30011820,432,2.0,0,2.0,"",390.0,390.0,699.0
300649,0,30011820,440,2.0,0,2.0,"",390.0,390.0,699.0
300647,0,30011820,445,2.0,0,2.0,"",390.0,390.0,699.0
300651,0,30011820,452,2.0,0,2.0,"",390.0,390.0,699.0
300645,0,30011820,457,2.0,0,2.0,"",390.0,390.0,699.0
300639,0,30011820,855,2.0,0,2.0,"",390.0,390.0,699.0
300655,0,30011820,1063,6.0,0,6.0,"",390.0,390.0,699.0
300655,0,30011820,1090,2.0,0,2.0,"",390.0,390.0,699.0
300643,0,30011820,1132,2.0,0,2.0,"",390.0,390.0,699.0
300645,0,30011820,1267,4.0,0,4.0,"",390.0,390.0,699.0
300645,0,30011820,1296,2.0,0,2.0,"",390.0,390.0,699.0
300653,0,30011820,1663,4.0,0,4.0,"",390.0,390.0,699.0
300639,0,30011820,1800,4.0,0,4.0,"",390.0,390.0,699.0
300641,0,30011820,1875,2.0,0,2.0,"",390.0,390.0,699.0
300649,0,30011820,1887,2.0,0,2.0,"",390.0,390.0,699.0
300639,0,30011820,1896,2.0,0,2.0,"",390.0,390.0,699.0
300655,0,30011820,2203,2.0,0,2.0,"",390.0,390.0,699.0
300653,0,30011820,2267,6.0,0,6.0,"",390.0,390.0,699.0
300645,0,30011820,2268,2.0,0,2.0,"",390.0,390.0,699.0
300651,0,30011820,2552,2.0,0,2.0,"",390.0,390.0,699.0
300647,0,30011820,2553,2.0,0,2.0,"",390.0,390.0,699.0
300653,0,30011820,2554,2.0,0,2.0,"",390.0,390.0,699.0
300655,0,30011820,2592,8.0,0,8.0,"",390.0,390.0,699.0
300641,0,30011820,3065,2.0,0,2.0,"",390.0,390.0,699.0
300647,0,30011820,3066,2.0,0,2.0,"",390.0,390.0,699.0
300655,0,30011820,3067,2.0,0,2.0,"",390.0,390.0,699.0
300641,0,30011820,3574,2.0,0,2.0,"",390.0,390.0,699.0
300639,0,30011821,1,2.0,0,2.0,"",390.0,390.0,699.0
300643,0,30011821,3,2.0,0,2.0,"",390.0,390.0,699.0
300641,0,30011821,5,2.0,0,2.0,"",390.0,390.0,699.0
300639,0,30011821,6,10.0,0,10.0,"",390.0,390.0,699.0
300641,0,30011821,9,10.0,0,10.0,"",390.0,390.0,699.0
300649,0,30011821,14,2.0,0,2.0,"",390.0,390.0,699.0
300639,0,30011821,15,2.0,0,2.0,"",390.0,390.0,699.0
300653,0,30011821,32,12.0,0,12.0,"",390.0,390.0,699.0
300641,0,30011821,46,2.0,0,2.0,"",390.0,390.0,699.0
300653,0,30011821,50,12.0,0,12.0,"",390.0,390.0,699.0
300643,0,30011821,65,2.0,0,2.0,"",390.0,390.0,699.0
300643,0,30011821,73,4.0,0,4.0,"",390.0,390.0,699.0
300647,0,30011821,94,10.0,0,10.0,"",390.0,390.0,699.0
300655,0,30011821,95,12.0,0,12.0,"",390.0,390.0,699.0
300655,0,30011821,120,2.0,0,2.0,"",390.0,390.0,699.0
300651,0,30011821,130,10.0,0,10.0,"",390.0,390.0,699.0
300647,0,30011821,134,2.0,0,2.0,"",390.0,390.0,699.0
300645,0,30011821,138,10.0,0,10.0,"",390.0,390.0,699.0
300653,0,30011821,142,2.0,0,2.0,"",390.0,390.0,699.0
300649,0,30011821,145,10.0,0,10.0,"",390.0,390.0,699.0
300651,0,30011821,148,8.0,0,8.0,"",390.0,390.0,699.0
300653,0,30011821,149,2.0,0,2.0,"",390.0,390.0,699.0
300643,0,30011821,156,2.0,0,2.0,"",390.0,390.0,699.0
300641,0,30011821,228,8.0,0,8.0,"",390.0,390.0,699.0
300647,0,30011821,238,4.0,0,4.0,"",390.0,390.0,699.0
300649,0,30011821,241,2.0,0,2.0,"",390.0,390.0,699.0
300643,0,30011821,245,10.0,0,10.0,"",390.0,390.0,699.0
300651,0,30011821,270,10.0,0,10.0,"",390.0,390.0,699.0
300645,0,30011821,274,8.0,0,8.0,"",390.0,390.0,699.0
300649,0,30011821,275,2.0,0,2.0,"",390.0,390.0,699.0
300639,0,30011821,277,2.0,0,2.0,"",390.0,390.0,699.0
300647,0,30011821,353,2.0,0,2.0,"",390.0,390.0,699.0
300649,0,30011821,432,2.0,0,2.0,"",390.0,390.0,699.0
300649,0,30011821,440,2.0,0,2.0,"",390.0,390.0,699.0
300647,0,30011821,445,2.0,0,2.0,"",390.0,390.0,699.0
300651,0,30011821,452,2.0,0,2.0,"",390.0,390.0,699.0
300645,0,30011821,457,2.0,0,2.0,"",390.0,390.0,699.0
300639,0,30011821,855,2.0,0,2.0,"",390.0,390.0,699.0
300655,0,30011821,1063,6.0,0,6.0,"",390.0,390.0,699.0
300655,0,30011821,1090,2.0,0,2.0,"",390.0,390.0,699.0
300643,0,30011821,1132,2.0,0,2.0,"",390.0,390.0,699.0
300645,0,30011821,1267,4.0,0,4.0,"",390.0,390.0,699.0
300645,0,30011821,1296,2.0,0,2.0,"",390.0,390.0,699.0
300653,0,30011821,1663,4.0,0,4.0,"",390.0,390.0,699.0
300639,0,30011821,1800,4.0,0,4.0,"",390.0,390.0,699.0
300641,0,30011821,1875,2.0,0,2.0,"",390.0,390.0,699.0
300649,0,30011821,1887,2.0,0,2.0,"",390.0,390.0,699.0
300639,0,30011821,1896,2.0,0,2.0,"",390.0,390.0,699.0
300655,0,30011821,2203,2.0,0,2.0,"",390.0,390.0,699.0
300653,0,30011821,2267,6.0,0,6.0,"",390.0,390.0,699.0
300645,0,30011821,2268,2.0,0,2.0,"",390.0,390.0,699.0
300651,0,30011821,2552,2.0,0,2.0,"",390.0,390.0,699.0
300647,0,30011821,2553,2.0,0,2.0,"",390.0,390.0,699.0
300653,0,30011821,2554,2.0,0,2.0,"",390.0,390.0,699.0
300655,0,30011821,2592,8.0,0,8.0,"",390.0,390.0,699.0
300641,0,30011821,3065,2.0,0,2.0,"",390.0,390.0,699.0
300647,0,30011821,3066,2.0,0,2.0,"",390.0,390.0,699.0
300655,0,30011821,3067,2.0,0,2.0,"",390.0,390.0,699.0
300641,0,30011821,3574,2.0,0,2.0,"",390.0,390.0,699.0
300639,0,30011822,1,4.0,0,4.0,"",390.0,390.0,699.0
300643,0,30011822,3,4.0,0,4.0,"",390.0,390.0,699.0
300641,0,30011822,5,4.0,0,4.0,"",390.0,390.0,699.0
300639,0,30011822,6,20.0,0,20.0,"",390.0,390.0,699.0
300641,0,30011822,9,20.0,0,20.0,"",390.0,390.0,699.0
300649,0,30011822,14,4.0,0,4.0,"",390.0,390.0,699.0
300639,0,30011822,15,4.0,0,4.0,"",390.0,390.0,699.0
300653,0,30011822,32,24.0,0,24.0,"",390.0,390.0,699.0
300641,0,30011822,46,4.0,0,4.0,"",390.0,390.0,699.0
300653,0,30011822,50,24.0,0,24.0,"",390.0,390.0,699.0
300643,0,30011822,65,4.0,0,4.0,"",390.0,390.0,699.0
300643,0,30011822,73,8.0,0,8.0,"",390.0,390.0,699.0
300647,0,30011822,94,20.0,0,20.0,"",390.0,390.0,699.0
300655,0,30011822,95,24.0,0,24.0,"",390.0,390.0,699.0
300655,0,30011822,120,4.0,0,4.0,"",390.0,390.0,699.0
300651,0,30011822,130,20.0,0,20.0,"",390.0,390.0,699.0
300647,0,30011822,134,4.0,0,4.0,"",390.0,390.0,699.0
300645,0,30011822,138,20.0,0,20.0,"",390.0,390.0,699.0
300653,0,30011822,142,4.0,0,4.0,"",390.0,390.0,699.0
300649,0,30011822,145,20.0,0,20.0,"",390.0,390.0,699.0
300651,0,30011822,148,16.0,0,16.0,"",390.0,390.0,699.0
300653,0,30011822,149,4.0,0,4.0,"",390.0,390.0,699.0
300643,0,30011822,156,4.0,0,4.0,"",390.0,390.0,699.0
300641,0,30011822,228,16.0,0,16.0,"",390.0,390.0,699.0
300647,0,30011822,238,8.0,0,8.0,"",390.0,390.0,699.0
300649,0,30011822,241,4.0,0,4.0,"",390.0,390.0,699.0
300643,0,30011822,245,20.0,0,20.0,"",390.0,390.0,699.0
300651,0,30011822,270,20.0,0,20.0,"",390.0,390.0,699.0
300645,0,30011822,274,16.0,0,16.0,"",390.0,390.0,699.0
300649,0,30011822,275,4.0,0,4.0,"",390.0,390.0,699.0
300639,0,30011822,277,4.0,0,4.0,"",390.0,390.0,699.0
300647,0,30011822,353,4.0,0,4.0,"",390.0,390.0,699.0
300649,0,30011822,432,4.0,0,4.0,"",390.0,390.0,699.0
300649,0,30011822,440,4.0,0,4.0,"",390.0,390.0,699.0
300647,0,30011822,445,4.0,0,4.0,"",390.0,390.0,699.0
300651,0,30011822,452,4.0,0,4.0,"",390.0,390.0,699.0
300645,0,30011822,457,4.0,0,4.0,"",390.0,390.0,699.0
300639,0,30011822,855,4.0,0,4.0,"",390.0,390.0,699.0
300655,0,30011822,1063,12.0,0,12.0,"",390.0,390.0,699.0
300655,0,30011822,1090,4.0,0,4.0,"",390.0,390.0,699.0
300643,0,30011822,1132,4.0,0,4.0,"",390.0,390.0,699.0
300645,0,30011822,1267,8.0,0,8.0,"",390.0,390.0,699.0
300645,0,30011822,1296,4.0,0,4.0,"",390.0,390.0,699.0
300653,0,30011822,1663,8.0,0,8.0,"",390.0,390.0,699.0
300639,0,30011822,1800,4.0,0,4.0,"",390.0,390.0,699.0
300641,0,30011822,1875,4.0,0,4.0,"",390.0,390.0,699.0
300649,0,30011822,1887,4.0,0,4.0,"",390.0,390.0,699.0
300639,0,30011822,1896,4.0,0,4.0,"",390.0,390.0,699.0
300655,0,30011822,2203,4.0,0,4.0,"",390.0,390.0,699.0
300653,0,30011822,2267,12.0,0,12.0,"",390.0,390.0,699.0
300645,0,30011822,2268,4.0,0,4.0,"",390.0,390.0,699.0
300651,0,30011822,2552,4.0,0,4.0,"",390.0,390.0,699.0
300647,0,30011822,2553,4.0,0,4.0,"",390.0,390.0,699.0
300653,0,30011822,2554,4.0,0,4.0,"",390.0,390.0,699.0
300655,0,30011822,2592,16.0,0,16.0,"",390.0,390.0,699.0
300641,0,30011822,3065,4.0,0,4.0,"",390.0,390.0,699.0
300647,0,30011822,3066,4.0,0,4.0,"",390.0,390.0,699.0
300655,0,30011822,3067,4.0,0,4.0,"",390.0,390.0,699.0
300641,0,30011822,3574,4.0,0,4.0,"",390.0,390.0,699.0
300639,0,30011823,1,4.0,0,4.0,"",390.0,390.0,699.0
300643,0,30011823,3,4.0,0,4.0,"",390.0,390.0,699.0
300641,0,30011823,5,4.0,0,4.0,"",390.0,390.0,699.0
300639,0,30011823,6,20.0,0,20.0,"",390.0,390.0,699.0
300641,0,30011823,9,20.0,0,20.0,"",390.0,390.0,699.0
300649,0,30011823,14,4.0,0,4.0,"",390.0,390.0,699.0
300639,0,30011823,15,4.0,0,4.0,"",390.0,390.0,699.0
300653,0,30011823,32,24.0,0,24.0,"",390.0,390.0,699.0
300641,0,30011823,46,4.0,0,4.0,"",390.0,390.0,699.0
300653,0,30011823,50,24.0,0,24.0,"",390.0,390.0,699.0
300643,0,30011823,65,4.0,0,4.0,"",390.0,390.0,699.0
300643,0,30011823,73,8.0,0,8.0,"",390.0,390.0,699.0
300647,0,30011823,94,20.0,0,20.0,"",390.0,390.0,699.0
300655,0,30011823,95,24.0,0,24.0,"",390.0,390.0,699.0
300655,0,30011823,120,4.0,0,4.0,"",390.0,390.0,699.0
300651,0,30011823,130,20.0,0,20.0,"",390.0,390.0,699.0
300647,0,30011823,134,4.0,0,4.0,"",390.0,390.0,699.0
300645,0,30011823,138,20.0,0,20.0,"",390.0,390.0,699.0
300653,0,30011823,142,4.0,0,4.0,"",390.0,390.0,699.0
300649,0,30011823,145,20.0,0,20.0,"",390.0,390.0,699.0
300651,0,30011823,148,16.0,0,16.0,"",390.0,390.0,699.0
300653,0,30011823,149,4.0,0,4.0,"",390.0,390.0,699.0
300643,0,30011823,156,4.0,0,4.0,"",390.0,390.0,699.0
300641,0,30011823,228,16.0,0,16.0,"",390.0,390.0,699.0
300647,0,30011823,238,8.0,0,8.0,"",390.0,390.0,699.0
300649,0,30011823,241,4.0,0,4.0,"",390.0,390.0,699.0
300643,0,30011823,245,20.0,0,20.0,"",390.0,390.0,699.0
300651,0,30011823,270,20.0,0,20.0,"",390.0,390.0,699.0
300645,0,30011823,274,16.0,0,16.0,"",390.0,390.0,699.0
300649,0,30011823,275,4.0,0,4.0,"",390.0,390.0,699.0
300639,0,30011823,277,4.0,0,4.0,"",390.0,390.0,699.0
300647,0,30011823,353,4.0,0,4.0,"",390.0,390.0,699.0
300649,0,30011823,432,4.0,0,4.0,"",390.0,390.0,699.0
300649,0,30011823,440,4.0,0,4.0,"",390.0,390.0,699.0
300647,0,30011823,445,4.0,0,4.0,"",390.0,390.0,699.0
300651,0,30011823,452,4.0,0,4.0,"",390.0,390.0,699.0
300645,0,30011823,457,4.0,0,4.0,"",390.0,390.0,699.0
300639,0,30011823,855,4.0,0,4.0,"",390.0,390.0,699.0
300655,0,30011823,1063,12.0,0,12.0,"",390.0,390.0,699.0
300655,0,30011823,1090,4.0,0,4.0,"",390.0,390.0,699.0
300643,0,30011823,1132,4.0,0,4.0,"",390.0,390.0,699.0
300645,0,30011823,1267,8.0,0,8.0,"",390.0,390.0,699.0
300645,0,30011823,1296,4.0,0,4.0,"",390.0,390.0,699.0
300653,0,30011823,1663,8.0,0,8.0,"",390.0,390.0,699.0
300639,0,30011823,1800,4.0,0,4.0,"",390.0,390.0,699.0
300641,0,30011823,1875,4.0,0,4.0,"",390.0,390.0,699.0
300649,0,30011823,1887,4.0,0,4.0,"",390.0,390.0,699.0
300639,0,30011823,1896,4.0,0,4.0,"",390.0,390.0,699.0
300655,0,30011823,2203,4.0,0,4.0,"",390.0,390.0,699.0
300653,0,30011823,2267,12.0,0,12.0,"",390.0,390.0,699.0
300645,0,30011823,2268,4.0,0,4.0,"",390.0,390.0,699.0
300651,0,30011823,2552,4.0,0,4.0,"",390.0,390.0,699.0
300647,0,30011823,2553,4.0,0,4.0,"",390.0,390.0,699.0
300653,0,30011823,2554,4.0,0,4.0,"",390.0,390.0,699.0
300655,0,30011823,2592,16.0,0,16.0,"",390.0,390.0,699.0
300641,0,30011823,3065,4.0,0,4.0,"",390.0,390.0,699.0
300647,0,30011823,3066,4.0,0,4.0,"",390.0,390.0,699.0
300655,0,30011823,3067,4.0,0,4.0,"",390.0,390.0,699.0
300641,0,30011823,3574,4.0,0,4.0,"",390.0,390.0,699.0
300639,0,30011824,1,2.0,0,2.0,"",390.0,390.0,699.0
300643,0,30011824,3,2.0,0,2.0,"",390.0,390.0,699.0
300641,0,30011824,5,2.0,0,2.0,"",390.0,390.0,699.0
300639,0,30011824,6,10.0,0,10.0,"",390.0,390.0,699.0
300641,0,30011824,9,10.0,0,10.0,"",390.0,390.0,699.0
300649,0,30011824,14,2.0,0,2.0,"",390.0,390.0,699.0
300639,0,30011824,15,2.0,0,2.0,"",390.0,390.0,699.0
300653,0,30011824,32,12.0,0,12.0,"",390.0,390.0,699.0
300641,0,30011824,46,2.0,0,2.0,"",390.0,390.0,699.0
300653,0,30011824,50,12.0,0,12.0,"",390.0,390.0,699.0
300643,0,30011824,65,2.0,0,2.0,"",390.0,390.0,699.0
300643,0,30011824,73,4.0,0,4.0,"",390.0,390.0,699.0
300647,0,30011824,94,10.0,0,10.0,"",390.0,390.0,699.0
300655,0,30011824,95,12.0,0,12.0,"",390.0,390.0,699.0
300655,0,30011824,120,2.0,0,2.0,"",390.0,390.0,699.0
300651,0,30011824,130,10.0,0,10.0,"",390.0,390.0,699.0
300647,0,30011824,134,2.0,0,2.0,"",390.0,390.0,699.0
300645,0,30011824,138,10.0,0,10.0,"",390.0,390.0,699.0
300653,0,30011824,142,2.0,0,2.0,"",390.0,390.0,699.0
300649,0,30011824,145,10.0,0,10.0,"",390.0,390.0,699.0
300651,0,30011824,148,8.0,0,8.0,"",390.0,390.0,699.0
300653,0,30011824,149,2.0,0,2.0,"",390.0,390.0,699.0
300643,0,30011824,156,2.0,0,2.0,"",390.0,390.0,699.0
300641,0,30011824,228,8.0,0,8.0,"",390.0,390.0,699.0
300647,0,30011824,238,4.0,0,4.0,"",390.0,390.0,699.0
300649,0,30011824,241,2.0,0,2.0,"",390.0,390.0,699.0
300643,0,30011824,245,10.0,0,10.0,"",390.0,390.0,699.0
300651,0,30011824,270,10.0,0,10.0,"",390.0,390.0,699.0
300645,0,30011824,274,8.0,0,8.0,"",390.0,390.0,699.0
300649,0,30011824,275,2.0,0,2.0,"",390.0,390.0,699.0
300639,0,30011824,277,2.0,0,2.0,"",390.0,390.0,699.0
300647,0,30011824,353,2.0,0,2.0,"",390.0,390.0,699.0
300649,0,30011824,432,2.0,0,2.0,"",390.0,390.0,699.0
300649,0,30011824,440,2.0,0,2.0,"",390.0,390.0,699.0
300647,0,30011824,445,2.0,0,2.0,"",390.0,390.0,699.0
300651,0,30011824,452,2.0,0,2.0,"",390.0,390.0,699.0
300645,0,30011824,457,2.0,0,2.0,"",390.0,390.0,699.0
300639,0,30011824,855,2.0,0,2.0,"",390.0,390.0,699.0
300655,0,30011824,1063,6.0,0,6.0,"",390.0,390.0,699.0
300655,0,30011824,1090,2.0,0,2.0,"",390.0,390.0,699.0
300643,0,30011824,1132,2.0,0,2.0,"",390.0,390.0,699.0
300645,0,30011824,1267,4.0,0,4.0,"",390.0,390.0,699.0
300645,0,30011824,1296,2.0,0,2.0,"",390.0,390.0,699.0
300653,0,30011824,1663,4.0,0,4.0,"",390.0,390.0,699.0
300639,0,30011824,1800,4.0,0,4.0,"",390.0,390.0,699.0
300641,0,30011824,1875,2.0,0,2.0,"",390.0,390.0,699.0
300649,0,30011824,1887,2.0,0,2.0,"",390.0,390.0,699.0
300639,0,30011824,1896,2.0,0,2.0,"",390.0,390.0,699.0
300655,0,30011824,2203,2.0,0,2.0,"",390.0,390.0,699.0
300653,0,30011824,2267,6.0,0,6.0,"",390.0,390.0,699.0
300645,0,30011824,2268,2.0,0,2.0,"",390.0,390.0,699.0
300651,0,30011824,2552,2.0,0,2.0,"",390.0,390.0,699.0
300647,0,30011824,2553,2.0,0,2.0,"",390.0,390.0,699.0
300653,0,30011824,2554,2.0,0,2.0,"",390.0,390.0,699.0
300655,0,30011824,2592,8.0,0,8.0,"",390.0,390.0,699.0
300641,0,30011824,3065,2.0,0,2.0,"",390.0,390.0,699.0
300647,0,30011824,3066,2.0,0,2.0,"",390.0,390.0,699.0
300655,0,30011824,3067,2.0,0,2.0,"",390.0,390.0,699.0
300641,0,30011824,3574,2.0,0,2.0,"",390.0,390.0,699.0
300639,0,30011825,1,2.0,0,2.0,"",390.0,390.0,699.0
300643,0,30011825,3,2.0,0,2.0,"",390.0,390.0,699.0
300641,0,30011825,5,2.0,0,2.0,"",390.0,390.0,699.0
300639,0,30011825,6,10.0,0,10.0,"",390.0,390.0,699.0
300641,0,30011825,9,10.0,0,10.0,"",390.0,390.0,699.0
300649,0,30011825,14,2.0,0,2.0,"",390.0,390.0,699.0
300639,0,30011825,15,2.0,0,2.0,"",390.0,390.0,699.0
300653,0,30011825,32,12.0,0,12.0,"",390.0,390.0,699.0
300641,0,30011825,46,2.0,0,2.0,"",390.0,390.0,699.0
300653,0,30011825,50,12.0,0,12.0,"",390.0,390.0,699.0
300643,0,30011825,65,2.0,0,2.0,"",390.0,390.0,699.0
300643,0,30011825,73,4.0,0,4.0,"",390.0,390.0,699.0
300647,0,30011825,94,10.0,0,10.0,"",390.0,390.0,699.0
300655,0,30011825,95,12.0,0,12.0,"",390.0,390.0,699.0
300655,0,30011825,120,2.0,0,2.0,"",390.0,390.0,699.0
300651,0,30011825,130,10.0,0,10.0,"",390.0,390.0,699.0
300647,0,30011825,134,2.0,0,2.0,"",390.0,390.0,699.0
300645,0,30011825,138,10.0,0,10.0,"",390.0,390.0,699.0
300653,0,30011825,142,2.0,0,2.0,"",390.0,390.0,699.0
300649,0,30011825,145,10.0,0,10.0,"",390.0,390.0,699.0
300651,0,30011825,148,8.0,0,8.0,"",390.0,390.0,699.0
300653,0,30011825,149,2.0,0,2.0,"",390.0,390.0,699.0
300643,0,30011825,156,2.0,0,2.0,"",390.0,390.0,699.0
300641,0,30011825,228,8.0,0,8.0,"",390.0,390.0,699.0
300647,0,30011825,238,4.0,0,4.0,"",390.0,390.0,699.0
300649,0,30011825,241,2.0,0,2.0,"",390.0,390.0,699.0
300643,0,30011825,245,10.0,0,10.0,"",390.0,390.0,699.0
300651,0,30011825,270,10.0,0,10.0,"",390.0,390.0,699.0
300645,0,30011825,274,8.0,0,8.0,"",390.0,390.0,699.0
300649,0,30011825,275,2.0,0,2.0,"",390.0,390.0,699.0
300639,0,30011825,277,2.0,0,2.0,"",390.0,390.0,699.0
300647,0,30011825,353,2.0,0,2.0,"",390.0,390.0,699.0
300649,0,30011825,432,2.0,0,2.0,"",390.0,390.0,699.0
300649,0,30011825,440,2.0,0,2.0,"",390.0,390.0,699.0
300647,0,30011825,445,2.0,0,2.0,"",390.0,390.0,699.0
300651,0,30011825,452,2.0,0,2.0,"",390.0,390.0,699.0
300645,0,30011825,457,2.0,0,2.0,"",390.0,390.0,699.0
300639,0,30011825,855,2.0,0,2.0,"",390.0,390.0,699.0
300655,0,30011825,1063,6.0,0,6.0,"",390.0,390.0,699.0
300655,0,30011825,1090,2.0,0,2.0,"",390.0,390.0,699.0
300643,0,30011825,1132,2.0,0,2.0,"",390.0,390.0,699.0
300645,0,30011825,1267,4.0,0,4.0,"",390.0,390.0,699.0
300645,0,30011825,1296,2.0,0,2.0,"",390.0,390.0,699.0
300653,0,30011825,1663,4.0,0,4.0,"",390.0,390.0,699.0
300639,0,30011825,1800,4.0,0,4.0,"",390.0,390.0,699.0
300641,0,30011825,1875,2.0,0,2.0,"",390.0,390.0,699.0
300649,0,30011825,1887,2.0,0,2.0,"",390.0,390.0,699.0
300639,0,30011825,1896,2.0,0,2.0,"",390.0,390.0,699.0
300655,0,30011825,2203,2.0,0,2.0,"",390.0,390.0,699.0
300653,0,30011825,2267,6.0,0,6.0,"",390.0,390.0,699.0
300645,0,30011825,2268,2.0,0,2.0,"",390.0,390.0,699.0
300651,0,30011825,2552,2.0,0,2.0,"",390.0,390.0,699.0
300647,0,30011825,2553,2.0,0,2.0,"",390.0,390.0,699.0
300653,0,30011825,2554,2.0,0,2.0,"",390.0,390.0,699.0
300655,0,30011825,2592,8.0,0,8.0,"",390.0,390.0,699.0
300641,0,30011825,3065,2.0,0,2.0,"",390.0,390.0,699.0
300647,0,30011825,3066,2.0,0,2.0,"",390.0,390.0,699.0
300655,0,30011825,3067,2.0,0,2.0,"",390.0,390.0,699.0
300641,0,30011825,3574,2.0,0,2.0,"",390.0,390.0,699.0
300639,0,30011826,1,4.0,0,4.0,"",390.0,390.0,699.0
300643,0,30011826,3,4.0,0,4.0,"",390.0,390.0,699.0
300641,0,30011826,5,4.0,0,4.0,"",390.0,390.0,699.0
300639,0,30011826,6,20.0,0,20.0,"",390.0,390.0,699.0
300641,0,30011826,9,20.0,0,20.0,"",390.0,390.0,699.0
300649,0,30011826,14,4.0,0,4.0,"",390.0,390.0,699.0
300639,0,30011826,15,4.0,0,4.0,"",390.0,390.0,699.0
300653,0,30011826,32,24.0,0,24.0,"",390.0,390.0,699.0
300641,0,30011826,46,4.0,0,4.0,"",390.0,390.0,699.0
300653,0,30011826,50,24.0,0,24.0,"",390.0,390.0,699.0
300643,0,30011826,65,4.0,0,4.0,"",390.0,390.0,699.0
300643,0,30011826,73,8.0,0,8.0,"",390.0,390.0,699.0
300647,0,30011826,94,20.0,0,20.0,"",390.0,390.0,699.0
300655,0,30011826,95,24.0,0,24.0,"",390.0,390.0,699.0
300655,0,30011826,120,4.0,0,4.0,"",390.0,390.0,699.0
300651,0,30011826,130,20.0,0,20.0,"",390.0,390.0,699.0
300647,0,30011826,134,4.0,0,4.0,"",390.0,390.0,699.0
300645,0,30011826,138,20.0,0,20.0,"",390.0,390.0,699.0
300653,0,30011826,142,4.0,0,4.0,"",390.0,390.0,699.0
300649,0,30011826,145,20.0,0,20.0,"",390.0,390.0,699.0
300651,0,30011826,148,16.0,0,16.0,"",390.0,390.0,699.0
300653,0,30011826,149,4.0,0,4.0,"",390.0,390.0,699.0
300643,0,30011826,156,4.0,0,4.0,"",390.0,390.0,699.0
300641,0,30011826,228,16.0,0,16.0,"",390.0,390.0,699.0
300647,0,30011826,238,8.0,0,8.0,"",390.0,390.0,699.0
300649,0,30011826,241,4.0,0,4.0,"",390.0,390.0,699.0
300643,0,30011826,245,20.0,0,20.0,"",390.0,390.0,699.0
300651,0,30011826,270,20.0,0,20.0,"",390.0,390.0,699.0
300645,0,30011826,274,16.0,0,16.0,"",390.0,390.0,699.0
300649,0,30011826,275,4.0,0,4.0,"",390.0,390.0,699.0
300639,0,30011826,277,4.0,0,4.0,"",390.0,390.0,699.0
300647,0,30011826,353,4.0,0,4.0,"",390.0,390.0,699.0
300649,0,30011826,432,4.0,0,4.0,"",390.0,390.0,699.0
300649,0,30011826,440,4.0,0,4.0,"",390.0,390.0,699.0
300647,0,30011826,445,4.0,0,4.0,"",390.0,390.0,699.0
300651,0,30011826,452,4.0,0,4.0,"",390.0,390.0,699.0
300645,0,30011826,457,4.0,0,4.0,"",390.0,390.0,699.0
300639,0,30011826,855,4.0,0,4.0,"",390.0,390.0,699.0
300655,0,30011826,1063,12.0,0,12.0,"",390.0,390.0,699.0
300655,0,30011826,1090,4.0,0,4.0,"",390.0,390.0,699.0
300643,0,30011826,1132,4.0,0,4.0,"",390.0,390.0,699.0
300645,0,30011826,1267,8.0,0,8.0,"",390.0,390.0,699.0
300645,0,30011826,1296,4.0,0,4.0,"",390.0,390.0,699.0
300653,0,30011826,1663,8.0,0,8.0,"",390.0,390.0,699.0
300639,0,30011826,1800,4.0,0,4.0,"",390.0,390.0,699.0
300641,0,30011826,1875,4.0,0,4.0,"",390.0,390.0,699.0
300649,0,30011826,1887,4.0,0,4.0,"",390.0,390.0,699.0
300639,0,30011826,1896,4.0,0,4.0,"",390.0,390.0,699.0
300655,0,30011826,2203,4.0,0,4.0,"",390.0,390.0,699.0
300653,0,30011826,2267,12.0,0,12.0,"",390.0,390.0,699.0
300645,0,30011826,2268,4.0,0,4.0,"",390.0,390.0,699.0
300651,0,30011826,2552,4.0,0,4.0,"",390.0,390.0,699.0
300647,0,30011826,2553,4.0,0,4.0,"",390.0,390.0,699.0
300653,0,30011826,2554,4.0,0,4.0,"",390.0,390.0,699.0
300655,0,30011826,2592,16.0,0,16.0,"",390.0,390.0,699.0
300641,0,30011826,3065,4.0,0,4.0,"",390.0,390.0,699.0
300647,0,30011826,3066,4.0,0,4.0,"",390.0,390.0,699.0
300655,0,30011826,3067,4.0,0,4.0,"",390.0,390.0,699.0
300641,0,30011826,3574,4.0,0,4.0,"",390.0,390.0,699.0
300639,0,30011827,1,4.0,0,4.0,"",390.0,390.0,699.0
300643,0,30011827,3,4.0,0,4.0,"",390.0,390.0,699.0
300641,0,30011827,5,4.0,0,4.0,"",390.0,390.0,699.0
300639,0,30011827,6,20.0,0,20.0,"",390.0,390.0,699.0
300641,0,30011827,9,20.0,0,20.0,"",390.0,390.0,699.0
300649,0,30011827,14,4.0,0,4.0,"",390.0,390.0,699.0
300639,0,30011827,15,4.0,0,4.0,"",390.0,390.0,699.0
300653,0,30011827,32,24.0,0,24.0,"",390.0,390.0,699.0
300641,0,30011827,46,4.0,0,4.0,"",390.0,390.0,699.0
300653,0,30011827,50,24.0,0,24.0,"",390.0,390.0,699.0
300643,0,30011827,65,4.0,0,4.0,"",390.0,390.0,699.0
300643,0,30011827,73,8.0,0,8.0,"",390.0,390.0,699.0
300647,0,30011827,94,20.0,0,20.0,"",390.0,390.0,699.0
300655,0,30011827,95,24.0,0,24.0,"",390.0,390.0,699.0
300655,0,30011827,120,4.0,0,4.0,"",390.0,390.0,699.0
300651,0,30011827,130,20.0,0,20.0,"",390.0,390.0,699.0
300647,0,30011827,134,4.0,0,4.0,"",390.0,390.0,699.0
300645,0,30011827,138,20.0,0,20.0,"",390.0,390.0,699.0
300653,0,30011827,142,4.0,0,4.0,"",390.0,390.0,699.0
300649,0,30011827,145,20.0,0,20.0,"",390.0,390.0,699.0
300651,0,30011827,148,16.0,0,16.0,"",390.0,390.0,699.0
300653,0,30011827,149,4.0,0,4.0,"",390.0,390.0,699.0
300643,0,30011827,156,4.0,0,4.0,"",390.0,390.0,699.0
300641,0,30011827,228,16.0,0,16.0,"",390.0,390.0,699.0
300647,0,30011827,238,8.0,0,8.0,"",390.0,390.0,699.0
300649,0,30011827,241,4.0,0,4.0,"",390.0,390.0,699.0
300643,0,30011827,245,20.0,0,20.0,"",390.0,390.0,699.0
300651,0,30011827,270,20.0,0,20.0,"",390.0,390.0,699.0
300645,0,30011827,274,16.0,0,16.0,"",390.0,390.0,699.0
300649,0,30011827,275,4.0,0,4.0,"",390.0,390.0,699.0
300639,0,30011827,277,4.0,0,4.0,"",390.0,390.0,699.0
300647,0,30011827,353,4.0,0,4.0,"",390.0,390.0,699.0
300649,0,30011827,432,4.0,0,4.0,"",390.0,390.0,699.0
300649,0,30011827,440,4.0,0,4.0,"",390.0,390.0,699.0
300647,0,30011827,445,4.0,0,4.0,"",390.0,390.0,699.0
300651,0,30011827,452,4.0,0,4.0,"",390.0,390.0,699.0
300645,0,30011827,457,4.0,0,4.0,"",390.0,390.0,699.0
300639,0,30011827,855,4.0,0,4.0,"",390.0,390.0,699.0
300655,0,30011827,1063,12.0,0,12.0,"",390.0,390.0,699.0
300655,0,30011827,1090,4.0,0,4.0,"",390.0,390.0,699.0
300643,0,30011827,1132,4.0,0,4.0,"",390.0,390.0,699.0
300645,0,30011827,1267,8.0,0,8.0,"",390.0,390.0,699.0
300645,0,30011827,1296,4.0,0,4.0,"",390.0,390.0,699.0
300653,0,30011827,1663,8.0,0,8.0,"",390.0,390.0,699.0
300639,0,30011827,1800,4.0,0,4.0,"",390.0,390.0,699.0
300641,0,30011827,1875,4.0,0,4.0,"",390.0,390.0,699.0
300649,0,30011827,1887,4.0,0,4.0,"",390.0,390.0,699.0
300639,0,30011827,1896,4.0,0,4.0,"",390.0,390.0,699.0
300655,0,30011827,2203,4.0,0,4.0,"",390.0,390.0,699.0
300653,0,30011827,2267,12.0,0,12.0,"",390.0,390.0,699.0
300645,0,30011827,2268,4.0,0,4.0,"",390.0,390.0,699.0
300651,0,30011827,2552,4.0,0,4.0,"",390.0,390.0,699.0
300647,0,30011827,2553,4.0,0,4.0,"",390.0,390.0,699.0
300653,0,30011827,2554,4.0,0,4.0,"",390.0,390.0,699.0
300655,0,30011827,2592,16.0,0,16.0,"",390.0,390.0,699.0
300641,0,30011827,3065,4.0,0,4.0,"",390.0,390.0,699.0
300647,0,30011827,3066,4.0,0,4.0,"",390.0,390.0,699.0
300655,0,30011827,3067,4.0,0,4.0,"",390.0,390.0,699.0
300641,0,30011827,3574,4.0,0,4.0,"",390.0,390.0,699.0
300640,0,30011829,6,10.0,0,10.0,"",350.0,350.0,699.0
300642,0,30011829,9,8.0,0,8.0,"",350.0,350.0,699.0
300654,0,30011829,32,10.0,0,10.0,"",350.0,350.0,699.0
300654,0,30011829,50,10.0,0,10.0,"",350.0,350.0,699.0
300644,0,30011829,73,2.0,0,2.0,"",350.0,350.0,699.0
300648,0,30011829,94,8.0,0,8.0,"",350.0,350.0,699.0
300656,0,30011829,95,10.0,0,10.0,"",350.0,350.0,699.0
300652,0,30011829,130,8.0,0,8.0,"",350.0,350.0,699.0
300646,0,30011829,138,8.0,0,8.0,"",350.0,350.0,699.0
300650,0,30011829,145,8.0,0,8.0,"",350.0,350.0,699.0
300652,0,30011829,148,6.0,0,6.0,"",350.0,350.0,699.0
300642,0,30011829,228,6.0,0,6.0,"",350.0,350.0,699.0
300648,0,30011829,238,6.0,0,6.0,"",350.0,350.0,699.0
300644,0,30011829,245,8.0,0,8.0,"",350.0,350.0,699.0
300652,0,30011829,270,10.0,0,10.0,"",350.0,350.0,699.0
300646,0,30011829,274,8.0,0,8.0,"",350.0,350.0,699.0
300656,0,30011829,1063,6.0,0,6.0,"",350.0,350.0,699.0
300656,0,30011829,1090,2.0,0,2.0,"",350.0,350.0,699.0
300644,0,30011829,1132,2.0,0,2.0,"",350.0,350.0,699.0
300646,0,30011829,1267,2.0,0,2.0,"",350.0,350.0,699.0
300646,0,30011829,1296,2.0,0,2.0,"",350.0,350.0,699.0
300654,0,30011829,1663,2.0,0,2.0,"",350.0,350.0,699.0
300640,0,30011829,1800,4.0,0,4.0,"",350.0,350.0,699.0
300654,0,30011829,2267,6.0,0,6.0,"",350.0,350.0,699.0
300652,0,30011829,2552,4.0,0,4.0,"",350.0,350.0,699.0
300656,0,30011829,2592,8.0,0,8.0,"",350.0,350.0,699.0
300640,0,30011830,6,10.0,0,10.0,"",350.0,350.0,699.0
300642,0,30011830,9,8.0,0,8.0,"",350.0,350.0,699.0
300654,0,30011830,32,10.0,0,10.0,"",350.0,350.0,699.0
300654,0,30011830,50,10.0,0,10.0,"",350.0,350.0,699.0
300644,0,30011830,73,2.0,0,2.0,"",350.0,350.0,699.0
300648,0,30011830,94,8.0,0,8.0,"",350.0,350.0,699.0
300656,0,30011830,95,10.0,0,10.0,"",350.0,350.0,699.0
300652,0,30011830,130,8.0,0,8.0,"",350.0,350.0,699.0
300646,0,30011830,138,8.0,0,8.0,"",350.0,350.0,699.0
300650,0,30011830,145,8.0,0,8.0,"",350.0,350.0,699.0
300652,0,30011830,148,6.0,0,6.0,"",350.0,350.0,699.0
300642,0,30011830,228,6.0,0,6.0,"",350.0,350.0,699.0
300648,0,30011830,238,6.0,0,6.0,"",350.0,350.0,699.0
300644,0,30011830,245,8.0,0,8.0,"",350.0,350.0,699.0
300652,0,30011830,270,10.0,0,10.0,"",350.0,350.0,699.0
300646,0,30011830,274,8.0,0,8.0,"",350.0,350.0,699.0
300656,0,30011830,1063,6.0,0,6.0,"",350.0,350.0,699.0
300656,0,30011830,1090,2.0,0,2.0,"",350.0,350.0,699.0
300644,0,30011830,1132,2.0,0,2.0,"",350.0,350.0,699.0
300646,0,30011830,1267,2.0,0,2.0,"",350.0,350.0,699.0
300646,0,30011830,1296,2.0,0,2.0,"",350.0,350.0,699.0
300654,0,30011830,1663,2.0,0,2.0,"",350.0,350.0,699.0
300640,0,30011830,1800,4.0,0,4.0,"",350.0,350.0,699.0
300654,0,30011830,2267,6.0,0,6.0,"",350.0,350.0,699.0
300652,0,30011830,2552,4.0,0,4.0,"",350.0,350.0,699.0
300656,0,30011830,2592,8.0,0,8.0,"",350.0,350.0,699.0
300640,0,30011831,6,20.0,0,20.0,"",350.0,350.0,699.0
300642,0,30011831,9,16.0,0,16.0,"",350.0,350.0,699.0
300654,0,30011831,32,20.0,0,20.0,"",350.0,350.0,699.0
300654,0,30011831,50,20.0,0,20.0,"",350.0,350.0,699.0
300644,0,30011831,73,4.0,0,4.0,"",350.0,350.0,699.0
300648,0,30011831,94,16.0,0,16.0,"",350.0,350.0,699.0
300656,0,30011831,95,20.0,0,20.0,"",350.0,350.0,699.0
300652,0,30011831,130,16.0,0,16.0,"",350.0,350.0,699.0
300646,0,30011831,138,16.0,0,16.0,"",350.0,350.0,699.0
300650,0,30011831,145,16.0,0,16.0,"",350.0,350.0,699.0
300652,0,30011831,148,12.0,0,12.0,"",350.0,350.0,699.0
300642,0,30011831,228,12.0,0,12.0,"",350.0,350.0,699.0
300648,0,30011831,238,12.0,0,12.0,"",350.0,350.0,699.0
300644,0,30011831,245,16.0,0,16.0,"",350.0,350.0,699.0
300652,0,30011831,270,20.0,0,20.0,"",350.0,350.0,699.0
300646,0,30011831,274,16.0,0,16.0,"",350.0,350.0,699.0
300656,0,30011831,1063,12.0,0,12.0,"",350.0,350.0,699.0
300656,0,30011831,1090,4.0,0,4.0,"",350.0,350.0,699.0
300644,0,30011831,1132,4.0,0,4.0,"",350.0,350.0,699.0
300646,0,30011831,1267,4.0,0,4.0,"",350.0,350.0,699.0
300646,0,30011831,1296,4.0,0,4.0,"",350.0,350.0,699.0
300654,0,30011831,1663,4.0,0,4.0,"",350.0,350.0,699.0
300640,0,30011831,1800,4.0,0,4.0,"",350.0,350.0,699.0
300654,0,30011831,2267,12.0,0,12.0,"",350.0,350.0,699.0
300652,0,30011831,2552,8.0,0,8.0,"",350.0,350.0,699.0
300656,0,30011831,2592,16.0,0,16.0,"",350.0,350.0,699.0
300640,0,30011832,6,20.0,0,20.0,"",350.0,350.0,699.0
300642,0,30011832,9,16.0,0,16.0,"",350.0,350.0,699.0
300654,0,30011832,32,20.0,0,20.0,"",350.0,350.0,699.0
300654,0,30011832,50,20.0,0,20.0,"",350.0,350.0,699.0
300644,0,30011832,73,4.0,0,4.0,"",350.0,350.0,699.0
300648,0,30011832,94,16.0,0,16.0,"",350.0,350.0,699.0
300656,0,30011832,95,20.0,0,20.0,"",350.0,350.0,699.0
300652,0,30011832,130,16.0,0,16.0,"",350.0,350.0,699.0
300646,0,30011832,138,16.0,0,16.0,"",350.0,350.0,699.0
300650,0,30011832,145,16.0,0,16.0,"",350.0,350.0,699.0
300652,0,30011832,148,12.0,0,12.0,"",350.0,350.0,699.0
300642,0,30011832,228,12.0,0,12.0,"",350.0,350.0,699.0
300648,0,30011832,238,12.0,0,12.0,"",350.0,350.0,699.0
300644,0,30011832,245,16.0,0,16.0,"",350.0,350.0,699.0
300652,0,30011832,270,20.0,0,20.0,"",350.0,350.0,699.0
300646,0,30011832,274,16.0,0,16.0,"",350.0,350.0,699.0
300656,0,30011832,1063,12.0,0,12.0,"",350.0,350.0,699.0
300656,0,30011832,1090,4.0,0,4.0,"",350.0,350.0,699.0
300644,0,30011832,1132,4.0,0,4.0,"",350.0,350.0,699.0
300646,0,30011832,1267,4.0,0,4.0,"",350.0,350.0,699.0
300646,0,30011832,1296,4.0,0,4.0,"",350.0,350.0,699.0
300654,0,30011832,1663,4.0,0,4.0,"",350.0,350.0,699.0
300640,0,30011832,1800,4.0,0,4.0,"",350.0,350.0,699.0
300654,0,30011832,2267,12.0,0,12.0,"",350.0,350.0,699.0
300652,0,30011832,2552,8.0,0,8.0,"",350.0,350.0,699.0
300656,0,30011832,2592,16.0,0,16.0,"",350.0,350.0,699.0
300640,0,30011833,6,10.0,0,10.0,"",350.0,350.0,699.0
300642,0,30011833,9,8.0,0,8.0,"",350.0,350.0,699.0
300654,0,30011833,32,10.0,0,10.0,"",350.0,350.0,699.0
300654,0,30011833,50,10.0,0,10.0,"",350.0,350.0,699.0
300644,0,30011833,73,2.0,0,2.0,"",350.0,350.0,699.0
300648,0,30011833,94,8.0,0,8.0,"",350.0,350.0,699.0
300656,0,30011833,95,10.0,0,10.0,"",350.0,350.0,699.0
300652,0,30011833,130,8.0,0,8.0,"",350.0,350.0,699.0
300646,0,30011833,138,8.0,0,8.0,"",350.0,350.0,699.0
300650,0,30011833,145,8.0,0,8.0,"",350.0,350.0,699.0
300652,0,30011833,148,6.0,0,6.0,"",350.0,350.0,699.0
300642,0,30011833,228,6.0,0,6.0,"",350.0,350.0,699.0
300648,0,30011833,238,6.0,0,6.0,"",350.0,350.0,699.0
300644,0,30011833,245,8.0,0,8.0,"",350.0,350.0,699.0
300652,0,30011833,270,10.0,0,10.0,"",350.0,350.0,699.0
300646,0,30011833,274,8.0,0,8.0,"",350.0,350.0,699.0
300656,0,30011833,1063,6.0,0,6.0,"",350.0,350.0,699.0
300656,0,30011833,1090,2.0,0,2.0,"",350.0,350.0,699.0
300644,0,30011833,1132,2.0,0,2.0,"",350.0,350.0,699.0
300646,0,30011833,1267,2.0,0,2.0,"",350.0,350.0,699.0
300646,0,30011833,1296,2.0,0,2.0,"",350.0,350.0,699.0
300654,0,30011833,1663,2.0,0,2.0,"",350.0,350.0,699.0
300640,0,30011833,1800,4.0,0,4.0,"",350.0,350.0,699.0
300654,0,30011833,2267,6.0,0,6.0,"",350.0,350.0,699.0
300652,0,30011833,2552,4.0,0,4.0,"",350.0,350.0,699.0
300656,0,30011833,2592,8.0,0,8.0,"",350.0,350.0,699.0
300640,0,30011834,6,10.0,0,10.0,"",350.0,350.0,699.0
300642,0,30011834,9,8.0,0,8.0,"",350.0,350.0,699.0
300654,0,30011834,32,10.0,0,10.0,"",350.0,350.0,699.0
300654,0,30011834,50,10.0,0,10.0,"",350.0,350.0,699.0
300644,0,30011834,73,2.0,0,2.0,"",350.0,350.0,699.0
300648,0,30011834,94,8.0,0,8.0,"",350.0,350.0,699.0
300656,0,30011834,95,10.0,0,10.0,"",350.0,350.0,699.0
300652,0,30011834,130,8.0,0,8.0,"",350.0,350.0,699.0
300646,0,30011834,138,8.0,0,8.0,"",350.0,350.0,699.0
300650,0,30011834,145,8.0,0,8.0,"",350.0,350.0,699.0
300652,0,30011834,148,6.0,0,6.0,"",350.0,350.0,699.0
300642,0,30011834,228,6.0,0,6.0,"",350.0,350.0,699.0
300648,0,30011834,238,6.0,0,6.0,"",350.0,350.0,699.0
300644,0,30011834,245,8.0,0,8.0,"",350.0,350.0,699.0
300652,0,30011834,270,10.0,0,10.0,"",350.0,350.0,699.0
300646,0,30011834,274,8.0,0,8.0,"",350.0,350.0,699.0
300656,0,30011834,1063,6.0,0,6.0,"",350.0,350.0,699.0
300656,0,30011834,1090,2.0,0,2.0,"",350.0,350.0,699.0
300644,0,30011834,1132,2.0,0,2.0,"",350.0,350.0,699.0
300646,0,30011834,1267,2.0,0,2.0,"",350.0,350.0,699.0
300646,0,30011834,1296,2.0,0,2.0,"",350.0,350.0,699.0
300654,0,30011834,1663,2.0,0,2.0,"",350.0,350.0,699.0
300640,0,30011834,1800,4.0,0,4.0,"",350.0,350.0,699.0
300654,0,30011834,2267,6.0,0,6.0,"",350.0,350.0,699.0
300652,0,30011834,2552,4.0,0,4.0,"",350.0,350.0,699.0
300656,0,30011834,2592,8.0,0,8.0,"",350.0,350.0,699.0
300640,0,30011835,6,20.0,0,20.0,"",350.0,350.0,699.0
300642,0,30011835,9,16.0,0,16.0,"",350.0,350.0,699.0
300654,0,30011835,32,20.0,0,20.0,"",350.0,350.0,699.0
300654,0,30011835,50,20.0,0,20.0,"",350.0,350.0,699.0
300644,0,30011835,73,4.0,0,4.0,"",350.0,350.0,699.0
300648,0,30011835,94,16.0,0,16.0,"",350.0,350.0,699.0
300656,0,30011835,95,20.0,0,20.0,"",350.0,350.0,699.0
300652,0,30011835,130,16.0,0,16.0,"",350.0,350.0,699.0
300646,0,30011835,138,16.0,0,16.0,"",350.0,350.0,699.0
300650,0,30011835,145,16.0,0,16.0,"",350.0,350.0,699.0
300652,0,30011835,148,12.0,0,12.0,"",350.0,350.0,699.0
300642,0,30011835,228,12.0,0,12.0,"",350.0,350.0,699.0
300648,0,30011835,238,12.0,0,12.0,"",350.0,350.0,699.0
300644,0,30011835,245,16.0,0,16.0,"",350.0,350.0,699.0
300652,0,30011835,270,20.0,0,20.0,"",350.0,350.0,699.0
300646,0,30011835,274,16.0,0,16.0,"",350.0,350.0,699.0
300656,0,30011835,1063,12.0,0,12.0,"",350.0,350.0,699.0
300656,0,30011835,1090,4.0,0,4.0,"",350.0,350.0,699.0
300644,0,30011835,1132,4.0,0,4.0,"",350.0,350.0,699.0
300646,0,30011835,1267,4.0,0,4.0,"",350.0,350.0,699.0
300646,0,30011835,1296,4.0,0,4.0,"",350.0,350.0,699.0
300654,0,30011835,1663,4.0,0,4.0,"",350.0,350.0,699.0
300640,0,30011835,1800,4.0,0,4.0,"",350.0,350.0,699.0
300654,0,30011835,2267,12.0,0,12.0,"",350.0,350.0,699.0
300652,0,30011835,2552,8.0,0,8.0,"",350.0,350.0,699.0
300656,0,30011835,2592,16.0,0,16.0,"",350.0,350.0,699.0
300640,0,30011836,6,20.0,0,20.0,"",350.0,350.0,699.0
300642,0,30011836,9,16.0,0,16.0,"",350.0,350.0,699.0
300654,0,30011836,32,20.0,0,20.0,"",350.0,350.0,699.0
300654,0,30011836,50,20.0,0,20.0,"",350.0,350.0,699.0
300644,0,30011836,73,4.0,0,4.0,"",350.0,350.0,699.0
300648,0,30011836,94,16.0,0,16.0,"",350.0,350.0,699.0
300656,0,30011836,95,20.0,0,20.0,"",350.0,350.0,699.0
300652,0,30011836,130,16.0,0,16.0,"",350.0,350.0,699.0
300646,0,30011836,138,16.0,0,16.0,"",350.0,350.0,699.0
300650,0,30011836,145,16.0,0,16.0,"",350.0,350.0,699.0
300652,0,30011836,148,12.0,0,12.0,"",350.0,350.0,699.0
300642,0,30011836,228,12.0,0,12.0,"",350.0,350.0,699.0
300648,0,30011836,238,12.0,0,12.0,"",350.0,350.0,699.0
300644,0,30011836,245,16.0,0,16.0,"",350.0,350.0,699.0
300652,0,30011836,270,20.0,0,20.0,"",350.0,350.0,699.0
300646,0,30011836,274,16.0,0,16.0,"",350.0,350.0,699.0
300656,0,30011836,1063,12.0,0,12.0,"",350.0,350.0,699.0
300656,0,30011836,1090,4.0,0,4.0,"",350.0,350.0,699.0
300644,0,30011836,1132,4.0,0,4.0,"",350.0,350.0,699.0
300646,0,30011836,1267,4.0,0,4.0,"",350.0,350.0,699.0
300646,0,30011836,1296,4.0,0,4.0,"",350.0,350.0,699.0
300654,0,30011836,1663,4.0,0,4.0,"",350.0,350.0,699.0
300640,0,30011836,1800,4.0,0,4.0,"",350.0,350.0,699.0
300654,0,30011836,2267,12.0,0,12.0,"",350.0,350.0,699.0
300652,0,30011836,2552,8.0,0,8.0,"",350.0,350.0,699.0
300656,0,30011836,2592,16.0,0,16.0,"",350.0,350.0,699.0
300630,0,30011838,1,2.0,0,2.0,"",360.0,360.0,699.0
300632,0,30011838,3,2.0,0,2.0,"",360.0,360.0,699.0
300631,0,30011838,5,2.0,0,2.0,"",360.0,360.0,699.0
300630,0,30011838,6,10.0,0,10.0,"",360.0,360.0,699.0
300631,0,30011838,9,10.0,0,10.0,"",360.0,360.0,699.0
300635,0,30011838,14,2.0,0,2.0,"",360.0,360.0,699.0
300630,0,30011838,15,2.0,0,2.0,"",360.0,360.0,699.0
300637,0,30011838,32,12.0,0,12.0,"",360.0,360.0,699.0
300631,0,30011838,46,2.0,0,2.0,"",360.0,360.0,699.0
300637,0,30011838,50,12.0,0,12.0,"",360.0,360.0,699.0
300632,0,30011838,65,2.0,0,2.0,"",360.0,360.0,699.0
300632,0,30011838,73,4.0,0,4.0,"",360.0,360.0,699.0
300634,0,30011838,94,10.0,0,10.0,"",360.0,360.0,699.0
300638,0,30011838,95,12.0,0,12.0,"",360.0,360.0,699.0
300638,0,30011838,120,2.0,0,2.0,"",360.0,360.0,699.0
300636,0,30011838,130,10.0,0,10.0,"",360.0,360.0,699.0
300634,0,30011838,134,2.0,0,2.0,"",360.0,360.0,699.0
300633,0,30011838,138,10.0,0,10.0,"",360.0,360.0,699.0
300637,0,30011838,142,2.0,0,2.0,"",360.0,360.0,699.0
300635,0,30011838,145,10.0,0,10.0,"",360.0,360.0,699.0
300636,0,30011838,148,8.0,0,8.0,"",360.0,360.0,699.0
300637,0,30011838,149,2.0,0,2.0,"",360.0,360.0,699.0
300632,0,30011838,156,2.0,0,2.0,"",360.0,360.0,699.0
300631,0,30011838,228,8.0,0,8.0,"",360.0,360.0,699.0
300634,0,30011838,238,4.0,0,4.0,"",360.0,360.0,699.0
300635,0,30011838,241,2.0,0,2.0,"",360.0,360.0,699.0
300632,0,30011838,245,10.0,0,10.0,"",360.0,360.0,699.0
300636,0,30011838,270,10.0,0,10.0,"",360.0,360.0,699.0
300633,0,30011838,274,8.0,0,8.0,"",360.0,360.0,699.0
300635,0,30011838,275,2.0,0,2.0,"",360.0,360.0,699.0
300630,0,30011838,277,2.0,0,2.0,"",360.0,360.0,699.0
300634,0,30011838,353,2.0,0,2.0,"",360.0,360.0,699.0
300635,0,30011838,432,2.0,0,2.0,"",360.0,360.0,699.0
300635,0,30011838,440,2.0,0,2.0,"",360.0,360.0,699.0
300634,0,30011838,445,2.0,0,2.0,"",360.0,360.0,699.0
300636,0,30011838,452,2.0,0,2.0,"",360.0,360.0,699.0
300633,0,30011838,457,2.0,0,2.0,"",360.0,360.0,699.0
300630,0,30011838,855,2.0,0,2.0,"",360.0,360.0,699.0
300638,0,30011838,1063,6.0,0,6.0,"",360.0,360.0,699.0
300638,0,30011838,1090,2.0,0,2.0,"",360.0,360.0,699.0
300632,0,30011838,1132,4.0,0,4.0,"",360.0,360.0,699.0
300632,0,30011838,1204,2.0,0,2.0,"",360.0,360.0,699.0
300633,0,30011838,1267,4.0,0,4.0,"",360.0,360.0,699.0
300633,0,30011838,1296,2.0,0,2.0,"",360.0,360.0,699.0
300637,0,30011838,1663,4.0,0,4.0,"",360.0,360.0,699.0
300630,0,30011838,1800,4.0,0,4.0,"",360.0,360.0,699.0
300631,0,30011838,1875,2.0,0,2.0,"",360.0,360.0,699.0
300635,0,30011838,1887,2.0,0,2.0,"",360.0,360.0,699.0
300635,0,30011838,1888,2.0,0,2.0,"",360.0,360.0,699.0
300630,0,30011838,1896,2.0,0,2.0,"",360.0,360.0,699.0
300638,0,30011838,2203,2.0,0,2.0,"",360.0,360.0,699.0
300637,0,30011838,2267,6.0,0,6.0,"",360.0,360.0,699.0
300633,0,30011838,2268,2.0,0,2.0,"",360.0,360.0,699.0
300634,0,30011838,2551,2.0,0,2.0,"",360.0,360.0,699.0
300636,0,30011838,2552,2.0,0,2.0,"",360.0,360.0,699.0
300634,0,30011838,2553,2.0,0,2.0,"",360.0,360.0,699.0
300637,0,30011838,2554,2.0,0,2.0,"",360.0,360.0,699.0
300638,0,30011838,2592,8.0,0,8.0,"",360.0,360.0,699.0
300631,0,30011838,3065,2.0,0,2.0,"",360.0,360.0,699.0
300634,0,30011838,3066,2.0,0,2.0,"",360.0,360.0,699.0
300638,0,30011838,3067,2.0,0,2.0,"",360.0,360.0,699.0
300636,0,30011838,3068,2.0,0,2.0,"",360.0,360.0,699.0
300631,0,30011838,3574,2.0,0,2.0,"",360.0,360.0,699.0
300630,0,30011839,1,2.0,0,2.0,"",360.0,360.0,699.0
300632,0,30011839,3,2.0,0,2.0,"",360.0,360.0,699.0
300631,0,30011839,5,2.0,0,2.0,"",360.0,360.0,699.0
300630,0,30011839,6,10.0,0,10.0,"",360.0,360.0,699.0
300631,0,30011839,9,10.0,0,10.0,"",360.0,360.0,699.0
300635,0,30011839,14,2.0,0,2.0,"",360.0,360.0,699.0
300630,0,30011839,15,2.0,0,2.0,"",360.0,360.0,699.0
300637,0,30011839,32,12.0,0,12.0,"",360.0,360.0,699.0
300631,0,30011839,46,2.0,0,2.0,"",360.0,360.0,699.0
300637,0,30011839,50,12.0,0,12.0,"",360.0,360.0,699.0
300632,0,30011839,65,2.0,0,2.0,"",360.0,360.0,699.0
300632,0,30011839,73,4.0,0,4.0,"",360.0,360.0,699.0
300634,0,30011839,94,10.0,0,10.0,"",360.0,360.0,699.0
300638,0,30011839,95,12.0,0,12.0,"",360.0,360.0,699.0
300638,0,30011839,120,2.0,0,2.0,"",360.0,360.0,699.0
300636,0,30011839,130,10.0,0,10.0,"",360.0,360.0,699.0
300634,0,30011839,134,2.0,0,2.0,"",360.0,360.0,699.0
300633,0,30011839,138,10.0,0,10.0,"",360.0,360.0,699.0
300637,0,30011839,142,2.0,0,2.0,"",360.0,360.0,699.0
300635,0,30011839,145,10.0,0,10.0,"",360.0,360.0,699.0
300636,0,30011839,148,8.0,0,8.0,"",360.0,360.0,699.0
300637,0,30011839,149,2.0,0,2.0,"",360.0,360.0,699.0
300632,0,30011839,156,2.0,0,2.0,"",360.0,360.0,699.0
300631,0,30011839,228,8.0,0,8.0,"",360.0,360.0,699.0
300634,0,30011839,238,4.0,0,4.0,"",360.0,360.0,699.0
300635,0,30011839,241,2.0,0,2.0,"",360.0,360.0,699.0
300632,0,30011839,245,10.0,0,10.0,"",360.0,360.0,699.0
300636,0,30011839,270,10.0,0,10.0,"",360.0,360.0,699.0
300633,0,30011839,274,8.0,0,8.0,"",360.0,360.0,699.0
300635,0,30011839,275,2.0,0,2.0,"",360.0,360.0,699.0
300630,0,30011839,277,2.0,0,2.0,"",360.0,360.0,699.0
300634,0,30011839,353,2.0,0,2.0,"",360.0,360.0,699.0
300635,0,30011839,432,2.0,0,2.0,"",360.0,360.0,699.0
300635,0,30011839,440,2.0,0,2.0,"",360.0,360.0,699.0
300634,0,30011839,445,2.0,0,2.0,"",360.0,360.0,699.0
300636,0,30011839,452,2.0,0,2.0,"",360.0,360.0,699.0
300633,0,30011839,457,2.0,0,2.0,"",360.0,360.0,699.0
300630,0,30011839,855,2.0,0,2.0,"",360.0,360.0,699.0
300638,0,30011839,1063,6.0,0,6.0,"",360.0,360.0,699.0
300638,0,30011839,1090,2.0,0,2.0,"",360.0,360.0,699.0
300632,0,30011839,1132,4.0,0,4.0,"",360.0,360.0,699.0
300632,0,30011839,1204,2.0,0,2.0,"",360.0,360.0,699.0
300633,0,30011839,1267,4.0,0,4.0,"",360.0,360.0,699.0
300633,0,30011839,1296,2.0,0,2.0,"",360.0,360.0,699.0
300637,0,30011839,1663,4.0,0,4.0,"",360.0,360.0,699.0
300630,0,30011839,1800,4.0,0,4.0,"",360.0,360.0,699.0
300631,0,30011839,1875,2.0,0,2.0,"",360.0,360.0,699.0
300635,0,30011839,1887,2.0,0,2.0,"",360.0,360.0,699.0
300635,0,30011839,1888,2.0,0,2.0,"",360.0,360.0,699.0
300630,0,30011839,1896,2.0,0,2.0,"",360.0,360.0,699.0
300638,0,30011839,2203,2.0,0,2.0,"",360.0,360.0,699.0
300637,0,30011839,2267,6.0,0,6.0,"",360.0,360.0,699.0
300633,0,30011839,2268,2.0,0,2.0,"",360.0,360.0,699.0
300634,0,30011839,2551,2.0,0,2.0,"",360.0,360.0,699.0
300636,0,30011839,2552,2.0,0,2.0,"",360.0,360.0,699.0
300634,0,30011839,2553,2.0,0,2.0,"",360.0,360.0,699.0
300637,0,30011839,2554,2.0,0,2.0,"",360.0,360.0,699.0
300638,0,30011839,2592,8.0,0,8.0,"",360.0,360.0,699.0
300631,0,30011839,3065,2.0,0,2.0,"",360.0,360.0,699.0
300634,0,30011839,3066,2.0,0,2.0,"",360.0,360.0,699.0
300638,0,30011839,3067,2.0,0,2.0,"",360.0,360.0,699.0
300636,0,30011839,3068,2.0,0,2.0,"",360.0,360.0,699.0
300631,0,30011839,3574,2.0,0,2.0,"",360.0,360.0,699.0
300630,0,30011840,1,4.0,0,4.0,"",360.0,360.0,699.0
300632,0,30011840,3,4.0,0,4.0,"",360.0,360.0,699.0
300631,0,30011840,5,4.0,0,4.0,"",360.0,360.0,699.0
300630,0,30011840,6,20.0,0,20.0,"",360.0,360.0,699.0
300631,0,30011840,9,20.0,0,20.0,"",360.0,360.0,699.0
300635,0,30011840,14,4.0,0,4.0,"",360.0,360.0,699.0
300630,0,30011840,15,4.0,0,4.0,"",360.0,360.0,699.0
300637,0,30011840,32,24.0,0,24.0,"",360.0,360.0,699.0
300631,0,30011840,46,4.0,0,4.0,"",360.0,360.0,699.0
300637,0,30011840,50,24.0,0,24.0,"",360.0,360.0,699.0
300632,0,30011840,65,4.0,0,4.0,"",360.0,360.0,699.0
300632,0,30011840,73,8.0,0,8.0,"",360.0,360.0,699.0
300634,0,30011840,94,20.0,0,20.0,"",360.0,360.0,699.0
300638,0,30011840,95,24.0,0,24.0,"",360.0,360.0,699.0
300638,0,30011840,120,4.0,0,4.0,"",360.0,360.0,699.0
300636,0,30011840,130,20.0,0,20.0,"",360.0,360.0,699.0
300634,0,30011840,134,4.0,0,4.0,"",360.0,360.0,699.0
300633,0,30011840,138,20.0,0,20.0,"",360.0,360.0,699.0
300637,0,30011840,142,4.0,0,4.0,"",360.0,360.0,699.0
300635,0,30011840,145,20.0,0,20.0,"",360.0,360.0,699.0
300636,0,30011840,148,16.0,0,16.0,"",360.0,360.0,699.0
300637,0,30011840,149,4.0,0,4.0,"",360.0,360.0,699.0
300632,0,30011840,156,4.0,0,4.0,"",360.0,360.0,699.0
300631,0,30011840,228,16.0,0,16.0,"",360.0,360.0,699.0
300634,0,30011840,238,8.0,0,8.0,"",360.0,360.0,699.0
300635,0,30011840,241,4.0,0,4.0,"",360.0,360.0,699.0
300632,0,30011840,245,20.0,0,20.0,"",360.0,360.0,699.0
300636,0,30011840,270,20.0,0,20.0,"",360.0,360.0,699.0
300633,0,30011840,274,16.0,0,16.0,"",360.0,360.0,699.0
300635,0,30011840,275,4.0,0,4.0,"",360.0,360.0,699.0
300630,0,30011840,277,4.0,0,4.0,"",360.0,360.0,699.0
300634,0,30011840,353,4.0,0,4.0,"",360.0,360.0,699.0
300635,0,30011840,432,4.0,0,4.0,"",360.0,360.0,699.0
300635,0,30011840,440,4.0,0,4.0,"",360.0,360.0,699.0
300634,0,30011840,445,4.0,0,4.0,"",360.0,360.0,699.0
300636,0,30011840,452,4.0,0,4.0,"",360.0,360.0,699.0
300633,0,30011840,457,4.0,0,4.0,"",360.0,360.0,699.0
300630,0,30011840,855,4.0,0,4.0,"",360.0,360.0,699.0
300638,0,30011840,1063,12.0,0,12.0,"",360.0,360.0,699.0
300638,0,30011840,1090,4.0,0,4.0,"",360.0,360.0,699.0
300632,0,30011840,1132,8.0,0,8.0,"",360.0,360.0,699.0
300632,0,30011840,1204,4.0,0,4.0,"",360.0,360.0,699.0
300633,0,30011840,1267,8.0,0,8.0,"",360.0,360.0,699.0
300633,0,30011840,1296,4.0,0,4.0,"",360.0,360.0,699.0
300637,0,30011840,1663,8.0,0,8.0,"",360.0,360.0,699.0
300630,0,30011840,1800,4.0,0,4.0,"",360.0,360.0,699.0
300631,0,30011840,1875,4.0,0,4.0,"",360.0,360.0,699.0
300635,0,30011840,1887,4.0,0,4.0,"",360.0,360.0,699.0
300635,0,30011840,1888,4.0,0,4.0,"",360.0,360.0,699.0
300630,0,30011840,1896,4.0,0,4.0,"",360.0,360.0,699.0
300638,0,30011840,2203,4.0,0,4.0,"",360.0,360.0,699.0
300637,0,30011840,2267,12.0,0,12.0,"",360.0,360.0,699.0
300633,0,30011840,2268,4.0,0,4.0,"",360.0,360.0,699.0
300634,0,30011840,2551,4.0,0,4.0,"",360.0,360.0,699.0
300636,0,30011840,2552,4.0,0,4.0,"",360.0,360.0,699.0
300634,0,30011840,2553,4.0,0,4.0,"",360.0,360.0,699.0
300637,0,30011840,2554,4.0,0,4.0,"",360.0,360.0,699.0
300638,0,30011840,2592,16.0,0,16.0,"",360.0,360.0,699.0
300631,0,30011840,3065,4.0,0,4.0,"",360.0,360.0,699.0
300634,0,30011840,3066,4.0,0,4.0,"",360.0,360.0,699.0
300638,0,30011840,3067,4.0,0,4.0,"",360.0,360.0,699.0
300636,0,30011840,3068,4.0,0,4.0,"",360.0,360.0,699.0
300631,0,30011840,3574,4.0,0,4.0,"",360.0,360.0,699.0
300630,0,30011841,1,4.0,0,4.0,"",360.0,360.0,699.0
300632,0,30011841,3,4.0,0,4.0,"",360.0,360.0,699.0
300631,0,30011841,5,4.0,0,4.0,"",360.0,360.0,699.0
300630,0,30011841,6,20.0,0,20.0,"",360.0,360.0,699.0
300631,0,30011841,9,20.0,0,20.0,"",360.0,360.0,699.0
300635,0,30011841,14,4.0,0,4.0,"",360.0,360.0,699.0
300630,0,30011841,15,4.0,0,4.0,"",360.0,360.0,699.0
300637,0,30011841,32,24.0,0,24.0,"",360.0,360.0,699.0
300631,0,30011841,46,4.0,0,4.0,"",360.0,360.0,699.0
300637,0,30011841,50,24.0,0,24.0,"",360.0,360.0,699.0
300632,0,30011841,65,4.0,0,4.0,"",360.0,360.0,699.0
300632,0,30011841,73,8.0,0,8.0,"",360.0,360.0,699.0
300634,0,30011841,94,20.0,0,20.0,"",360.0,360.0,699.0
300638,0,30011841,95,24.0,0,24.0,"",360.0,360.0,699.0
300638,0,30011841,120,4.0,0,4.0,"",360.0,360.0,699.0
300636,0,30011841,130,20.0,0,20.0,"",360.0,360.0,699.0
300634,0,30011841,134,4.0,0,4.0,"",360.0,360.0,699.0
300633,0,30011841,138,20.0,0,20.0,"",360.0,360.0,699.0
300637,0,30011841,142,4.0,0,4.0,"",360.0,360.0,699.0
300635,0,30011841,145,20.0,0,20.0,"",360.0,360.0,699.0
300636,0,30011841,148,16.0,0,16.0,"",360.0,360.0,699.0
300637,0,30011841,149,4.0,0,4.0,"",360.0,360.0,699.0
300632,0,30011841,156,4.0,0,4.0,"",360.0,360.0,699.0
300631,0,30011841,228,16.0,0,16.0,"",360.0,360.0,699.0
300634,0,30011841,238,8.0,0,8.0,"",360.0,360.0,699.0
300635,0,30011841,241,4.0,0,4.0,"",360.0,360.0,699.0
300632,0,30011841,245,20.0,0,20.0,"",360.0,360.0,699.0
300636,0,30011841,270,20.0,0,20.0,"",360.0,360.0,699.0
300633,0,30011841,274,16.0,0,16.0,"",360.0,360.0,699.0
300635,0,30011841,275,4.0,0,4.0,"",360.0,360.0,699.0
300630,0,30011841,277,4.0,0,4.0,"",360.0,360.0,699.0
300634,0,30011841,353,4.0,0,4.0,"",360.0,360.0,699.0
300635,0,30011841,432,4.0,0,4.0,"",360.0,360.0,699.0
300635,0,30011841,440,4.0,0,4.0,"",360.0,360.0,699.0
300634,0,30011841,445,4.0,0,4.0,"",360.0,360.0,699.0
300636,0,30011841,452,4.0,0,4.0,"",360.0,360.0,699.0
300633,0,30011841,457,4.0,0,4.0,"",360.0,360.0,699.0
300630,0,30011841,855,4.0,0,4.0,"",360.0,360.0,699.0
300638,0,30011841,1063,12.0,0,12.0,"",360.0,360.0,699.0
300638,0,30011841,1090,4.0,0,4.0,"",360.0,360.0,699.0
300632,0,30011841,1132,8.0,0,8.0,"",360.0,360.0,699.0
300632,0,30011841,1204,4.0,0,4.0,"",360.0,360.0,699.0
300633,0,30011841,1267,8.0,0,8.0,"",360.0,360.0,699.0
300633,0,30011841,1296,4.0,0,4.0,"",360.0,360.0,699.0
300637,0,30011841,1663,8.0,0,8.0,"",360.0,360.0,699.0
300630,0,30011841,1800,4.0,0,4.0,"",360.0,360.0,699.0
300631,0,30011841,1875,4.0,0,4.0,"",360.0,360.0,699.0
300635,0,30011841,1887,4.0,0,4.0,"",360.0,360.0,699.0
300635,0,30011841,1888,4.0,0,4.0,"",360.0,360.0,699.0
300630,0,30011841,1896,4.0,0,4.0,"",360.0,360.0,699.0
300638,0,30011841,2203,4.0,0,4.0,"",360.0,360.0,699.0
300637,0,30011841,2267,12.0,0,12.0,"",360.0,360.0,699.0
300633,0,30011841,2268,4.0,0,4.0,"",360.0,360.0,699.0
300634,0,30011841,2551,4.0,0,4.0,"",360.0,360.0,699.0
300636,0,30011841,2552,4.0,0,4.0,"",360.0,360.0,699.0
300634,0,30011841,2553,4.0,0,4.0,"",360.0,360.0,699.0
300637,0,30011841,2554,4.0,0,4.0,"",360.0,360.0,699.0
300638,0,30011841,2592,16.0,0,16.0,"",360.0,360.0,699.0
300631,0,30011841,3065,4.0,0,4.0,"",360.0,360.0,699.0
300634,0,30011841,3066,4.0,0,4.0,"",360.0,360.0,699.0
300638,0,30011841,3067,4.0,0,4.0,"",360.0,360.0,699.0
300636,0,30011841,3068,4.0,0,4.0,"",360.0,360.0,699.0
300631,0,30011841,3574,4.0,0,4.0,"",360.0,360.0,699.0
300630,0,30011842,1,2.0,0,2.0,"",360.0,360.0,699.0
300632,0,30011842,3,2.0,0,2.0,"",360.0,360.0,699.0
300631,0,30011842,5,2.0,0,2.0,"",360.0,360.0,699.0
300630,0,30011842,6,6.0,0,6.0,"",360.0,360.0,699.0
300631,0,30011842,9,6.0,0,6.0,"",360.0,360.0,699.0
300635,0,30011842,14,2.0,0,2.0,"",360.0,360.0,699.0
300630,0,30011842,15,2.0,0,2.0,"",360.0,360.0,699.0
300637,0,30011842,32,10.0,0,10.0,"",360.0,360.0,699.0
300631,0,30011842,46,2.0,0,2.0,"",360.0,360.0,699.0
300637,0,30011842,50,10.0,0,10.0,"",360.0,360.0,699.0
300632,0,30011842,65,2.0,0,2.0,"",360.0,360.0,699.0
300632,0,30011842,73,4.0,0,4.0,"",360.0,360.0,699.0
300634,0,30011842,94,6.0,0,6.0,"",360.0,360.0,699.0
300638,0,30011842,95,10.0,0,10.0,"",360.0,360.0,699.0
300638,0,30011842,120,2.0,0,2.0,"",360.0,360.0,699.0
300636,0,30011842,130,6.0,0,6.0,"",360.0,360.0,699.0
300634,0,30011842,134,2.0,0,2.0,"",360.0,360.0,699.0
300633,0,30011842,138,6.0,0,6.0,"",360.0,360.0,699.0
300637,0,30011842,142,2.0,0,2.0,"",360.0,360.0,699.0
300635,0,30011842,145,6.0,0,6.0,"",360.0,360.0,699.0
300636,0,30011842,148,4.0,0,4.0,"",360.0,360.0,699.0
300637,0,30011842,149,2.0,0,2.0,"",360.0,360.0,699.0
300632,0,30011842,156,2.0,0,2.0,"",360.0,360.0,699.0
300631,0,30011842,228,4.0,0,4.0,"",360.0,360.0,699.0
300634,0,30011842,238,4.0,0,4.0,"",360.0,360.0,699.0
300635,0,30011842,241,2.0,0,2.0,"",360.0,360.0,699.0
300632,0,30011842,245,4.0,0,4.0,"",360.0,360.0,699.0
300636,0,30011842,270,6.0,0,6.0,"",360.0,360.0,699.0
300633,0,30011842,274,4.0,0,4.0,"",360.0,360.0,699.0
300635,0,30011842,275,2.0,0,2.0,"",360.0,360.0,699.0
300630,0,30011842,277,2.0,0,2.0,"",360.0,360.0,699.0
300634,0,30011842,353,2.0,0,2.0,"",360.0,360.0,699.0
300635,0,30011842,432,2.0,0,2.0,"",360.0,360.0,699.0
300635,0,30011842,440,2.0,0,2.0,"",360.0,360.0,699.0
300634,0,30011842,445,2.0,0,2.0,"",360.0,360.0,699.0
300636,0,30011842,452,2.0,0,2.0,"",360.0,360.0,699.0
300633,0,30011842,457,2.0,0,2.0,"",360.0,360.0,699.0
300630,0,30011842,855,2.0,0,2.0,"",360.0,360.0,699.0
300638,0,30011842,1063,4.0,0,4.0,"",360.0,360.0,699.0
300638,0,30011842,1090,2.0,0,2.0,"",360.0,360.0,699.0
300632,0,30011842,1132,4.0,0,4.0,"",360.0,360.0,699.0
300632,0,30011842,1204,2.0,0,2.0,"",360.0,360.0,699.0
300633,0,30011842,1267,4.0,0,4.0,"",360.0,360.0,699.0
300633,0,30011842,1296,2.0,0,2.0,"",360.0,360.0,699.0
300637,0,30011842,1663,4.0,0,4.0,"",360.0,360.0,699.0
300630,0,30011842,1800,4.0,0,4.0,"",360.0,360.0,699.0
300631,0,30011842,1875,2.0,0,2.0,"",360.0,360.0,699.0
300635,0,30011842,1887,2.0,0,2.0,"",360.0,360.0,699.0
300635,0,30011842,1888,2.0,0,2.0,"",360.0,360.0,699.0
300630,0,30011842,1896,2.0,0,2.0,"",360.0,360.0,699.0
300638,0,30011842,2203,2.0,0,2.0,"",360.0,360.0,699.0
300637,0,30011842,2267,4.0,0,4.0,"",360.0,360.0,699.0
300633,0,30011842,2268,2.0,0,2.0,"",360.0,360.0,699.0
300634,0,30011842,2551,2.0,0,2.0,"",360.0,360.0,699.0
300636,0,30011842,2552,2.0,0,2.0,"",360.0,360.0,699.0
300634,0,30011842,2553,2.0,0,2.0,"",360.0,360.0,699.0
300637,0,30011842,2554,2.0,0,2.0,"",360.0,360.0,699.0
300638,0,30011842,2592,4.0,0,4.0,"",360.0,360.0,699.0
300631,0,30011842,3065,2.0,0,2.0,"",360.0,360.0,699.0
300634,0,30011842,3066,2.0,0,2.0,"",360.0,360.0,699.0
300638,0,30011842,3067,2.0,0,2.0,"",360.0,360.0,699.0
300636,0,30011842,3068,2.0,0,2.0,"",360.0,360.0,699.0
300631,0,30011842,3574,2.0,0,2.0,"",360.0,360.0,699.0
300630,0,30011843,1,2.0,0,2.0,"",360.0,360.0,699.0
300632,0,30011843,3,2.0,0,2.0,"",360.0,360.0,699.0
300631,0,30011843,5,2.0,0,2.0,"",360.0,360.0,699.0
300630,0,30011843,6,6.0,0,6.0,"",360.0,360.0,699.0
300631,0,30011843,9,6.0,0,6.0,"",360.0,360.0,699.0
300635,0,30011843,14,2.0,0,2.0,"",360.0,360.0,699.0
300630,0,30011843,15,2.0,0,2.0,"",360.0,360.0,699.0
300637,0,30011843,32,10.0,0,10.0,"",360.0,360.0,699.0
300631,0,30011843,46,2.0,0,2.0,"",360.0,360.0,699.0
300637,0,30011843,50,10.0,0,10.0,"",360.0,360.0,699.0
300632,0,30011843,65,2.0,0,2.0,"",360.0,360.0,699.0
300632,0,30011843,73,4.0,0,4.0,"",360.0,360.0,699.0
300634,0,30011843,94,6.0,0,6.0,"",360.0,360.0,699.0
300638,0,30011843,95,10.0,0,10.0,"",360.0,360.0,699.0
300638,0,30011843,120,2.0,0,2.0,"",360.0,360.0,699.0
300636,0,30011843,130,6.0,0,6.0,"",360.0,360.0,699.0
300634,0,30011843,134,2.0,0,2.0,"",360.0,360.0,699.0
300633,0,30011843,138,6.0,0,6.0,"",360.0,360.0,699.0
300637,0,30011843,142,2.0,0,2.0,"",360.0,360.0,699.0
300635,0,30011843,145,6.0,0,6.0,"",360.0,360.0,699.0
300636,0,30011843,148,4.0,0,4.0,"",360.0,360.0,699.0
300637,0,30011843,149,2.0,0,2.0,"",360.0,360.0,699.0
300632,0,30011843,156,2.0,0,2.0,"",360.0,360.0,699.0
300631,0,30011843,228,4.0,0,4.0,"",360.0,360.0,699.0
300634,0,30011843,238,4.0,0,4.0,"",360.0,360.0,699.0
300635,0,30011843,241,2.0,0,2.0,"",360.0,360.0,699.0
300632,0,30011843,245,4.0,0,4.0,"",360.0,360.0,699.0
300636,0,30011843,270,6.0,0,6.0,"",360.0,360.0,699.0
300633,0,30011843,274,4.0,0,4.0,"",360.0,360.0,699.0
300635,0,30011843,275,2.0,0,2.0,"",360.0,360.0,699.0
300630,0,30011843,277,2.0,0,2.0,"",360.0,360.0,699.0
300634,0,30011843,353,2.0,0,2.0,"",360.0,360.0,699.0
300635,0,30011843,432,2.0,0,2.0,"",360.0,360.0,699.0
300635,0,30011843,440,2.0,0,2.0,"",360.0,360.0,699.0
300634,0,30011843,445,2.0,0,2.0,"",360.0,360.0,699.0
300636,0,30011843,452,2.0,0,2.0,"",360.0,360.0,699.0
300633,0,30011843,457,2.0,0,2.0,"",360.0,360.0,699.0
300630,0,30011843,855,2.0,0,2.0,"",360.0,360.0,699.0
300638,0,30011843,1063,4.0,0,4.0,"",360.0,360.0,699.0
300638,0,30011843,1090,2.0,0,2.0,"",360.0,360.0,699.0
300632,0,30011843,1132,4.0,0,4.0,"",360.0,360.0,699.0
300632,0,30011843,1204,2.0,0,2.0,"",360.0,360.0,699.0
300633,0,30011843,1267,4.0,0,4.0,"",360.0,360.0,699.0
300633,0,30011843,1296,2.0,0,2.0,"",360.0,360.0,699.0
300637,0,30011843,1663,4.0,0,4.0,"",360.0,360.0,699.0
300630,0,30011843,1800,4.0,0,4.0,"",360.0,360.0,699.0
300631,0,30011843,1875,2.0,0,2.0,"",360.0,360.0,699.0
300635,0,30011843,1887,2.0,0,2.0,"",360.0,360.0,699.0
300635,0,30011843,1888,2.0,0,2.0,"",360.0,360.0,699.0
300630,0,30011843,1896,2.0,0,2.0,"",360.0,360.0,699.0
300638,0,30011843,2203,2.0,0,2.0,"",360.0,360.0,699.0
300637,0,30011843,2267,4.0,0,4.0,"",360.0,360.0,699.0
300633,0,30011843,2268,2.0,0,2.0,"",360.0,360.0,699.0
300634,0,30011843,2551,2.0,0,2.0,"",360.0,360.0,699.0
300636,0,30011843,2552,2.0,0,2.0,"",360.0,360.0,699.0
300634,0,30011843,2553,2.0,0,2.0,"",360.0,360.0,699.0
300637,0,30011843,2554,2.0,0,2.0,"",360.0,360.0,699.0
300638,0,30011843,2592,4.0,0,4.0,"",360.0,360.0,699.0
300631,0,30011843,3065,2.0,0,2.0,"",360.0,360.0,699.0
300634,0,30011843,3066,2.0,0,2.0,"",360.0,360.0,699.0
300638,0,30011843,3067,2.0,0,2.0,"",360.0,360.0,699.0
300636,0,30011843,3068,2.0,0,2.0,"",360.0,360.0,699.0
300631,0,30011843,3574,2.0,0,2.0,"",360.0,360.0,699.0
300630,0,30011844,1,4.0,0,4.0,"",360.0,360.0,699.0
300632,0,30011844,3,4.0,0,4.0,"",360.0,360.0,699.0
300631,0,30011844,5,4.0,0,4.0,"",360.0,360.0,699.0
300630,0,30011844,6,12.0,0,12.0,"",360.0,360.0,699.0
300631,0,30011844,9,12.0,0,12.0,"",360.0,360.0,699.0
300635,0,30011844,14,4.0,0,4.0,"",360.0,360.0,699.0
300630,0,30011844,15,4.0,0,4.0,"",360.0,360.0,699.0
300637,0,30011844,32,20.0,0,20.0,"",360.0,360.0,699.0
300631,0,30011844,46,4.0,0,4.0,"",360.0,360.0,699.0
300637,0,30011844,50,20.0,0,20.0,"",360.0,360.0,699.0
300632,0,30011844,65,4.0,0,4.0,"",360.0,360.0,699.0
300632,0,30011844,73,8.0,0,8.0,"",360.0,360.0,699.0
300634,0,30011844,94,12.0,0,12.0,"",360.0,360.0,699.0
300638,0,30011844,95,20.0,0,20.0,"",360.0,360.0,699.0
300638,0,30011844,120,4.0,0,4.0,"",360.0,360.0,699.0
300636,0,30011844,130,12.0,0,12.0,"",360.0,360.0,699.0
300634,0,30011844,134,4.0,0,4.0,"",360.0,360.0,699.0
300633,0,30011844,138,12.0,0,12.0,"",360.0,360.0,699.0
300637,0,30011844,142,4.0,0,4.0,"",360.0,360.0,699.0
300635,0,30011844,145,12.0,0,12.0,"",360.0,360.0,699.0
300636,0,30011844,148,8.0,0,8.0,"",360.0,360.0,699.0
300637,0,30011844,149,4.0,0,4.0,"",360.0,360.0,699.0
300632,0,30011844,156,4.0,0,4.0,"",360.0,360.0,699.0
300631,0,30011844,228,8.0,0,8.0,"",360.0,360.0,699.0
300634,0,30011844,238,8.0,0,8.0,"",360.0,360.0,699.0
300635,0,30011844,241,4.0,0,4.0,"",360.0,360.0,699.0
300632,0,30011844,245,8.0,0,8.0,"",360.0,360.0,699.0
300636,0,30011844,270,12.0,0,12.0,"",360.0,360.0,699.0
300633,0,30011844,274,8.0,0,8.0,"",360.0,360.0,699.0
300635,0,30011844,275,4.0,0,4.0,"",360.0,360.0,699.0
300630,0,30011844,277,4.0,0,4.0,"",360.0,360.0,699.0
300634,0,30011844,353,4.0,0,4.0,"",360.0,360.0,699.0
300635,0,30011844,432,4.0,0,4.0,"",360.0,360.0,699.0
300635,0,30011844,440,4.0,0,4.0,"",360.0,360.0,699.0
300634,0,30011844,445,4.0,0,4.0,"",360.0,360.0,699.0
300636,0,30011844,452,4.0,0,4.0,"",360.0,360.0,699.0
300633,0,30011844,457,4.0,0,4.0,"",360.0,360.0,699.0
300630,0,30011844,855,4.0,0,4.0,"",360.0,360.0,699.0
300638,0,30011844,1063,8.0,0,8.0,"",360.0,360.0,699.0
300638,0,30011844,1090,4.0,0,4.0,"",360.0,360.0,699.0
300632,0,30011844,1132,8.0,0,8.0,"",360.0,360.0,699.0
300632,0,30011844,1204,4.0,0,4.0,"",360.0,360.0,699.0
300633,0,30011844,1267,8.0,0,8.0,"",360.0,360.0,699.0
300633,0,30011844,1296,4.0,0,4.0,"",360.0,360.0,699.0
300637,0,30011844,1663,8.0,0,8.0,"",360.0,360.0,699.0
300630,0,30011844,1800,4.0,0,4.0,"",360.0,360.0,699.0
300631,0,30011844,1875,4.0,0,4.0,"",360.0,360.0,699.0
300635,0,30011844,1887,4.0,0,4.0,"",360.0,360.0,699.0
300635,0,30011844,1888,4.0,0,4.0,"",360.0,360.0,699.0
300630,0,30011844,1896,4.0,0,4.0,"",360.0,360.0,699.0
300638,0,30011844,2203,4.0,0,4.0,"",360.0,360.0,699.0
300637,0,30011844,2267,8.0,0,8.0,"",360.0,360.0,699.0
300633,0,30011844,2268,4.0,0,4.0,"",360.0,360.0,699.0
300634,0,30011844,2551,4.0,0,4.0,"",360.0,360.0,699.0
300636,0,30011844,2552,4.0,0,4.0,"",360.0,360.0,699.0
300634,0,30011844,2553,4.0,0,4.0,"",360.0,360.0,699.0
300637,0,30011844,2554,4.0,0,4.0,"",360.0,360.0,699.0
300638,0,30011844,2592,8.0,0,8.0,"",360.0,360.0,699.0
300631,0,30011844,3065,4.0,0,4.0,"",360.0,360.0,699.0
300634,0,30011844,3066,4.0,0,4.0,"",360.0,360.0,699.0
300638,0,30011844,3067,4.0,0,4.0,"",360.0,360.0,699.0
300636,0,30011844,3068,4.0,0,4.0,"",360.0,360.0,699.0
300631,0,30011844,3574,4.0,0,4.0,"",360.0,360.0,699.0
300630,0,30011845,1,4.0,0,4.0,"",360.0,360.0,699.0
300632,0,30011845,3,4.0,0,4.0,"",360.0,360.0,699.0
300631,0,30011845,5,4.0,0,4.0,"",360.0,360.0,699.0
300630,0,30011845,6,12.0,0,12.0,"",360.0,360.0,699.0
300631,0,30011845,9,12.0,0,12.0,"",360.0,360.0,699.0
300635,0,30011845,14,4.0,0,4.0,"",360.0,360.0,699.0
300630,0,30011845,15,4.0,0,4.0,"",360.0,360.0,699.0
300637,0,30011845,32,20.0,0,20.0,"",360.0,360.0,699.0
300631,0,30011845,46,4.0,0,4.0,"",360.0,360.0,699.0
300637,0,30011845,50,20.0,0,20.0,"",360.0,360.0,699.0
300632,0,30011845,65,4.0,0,4.0,"",360.0,360.0,699.0
300632,0,30011845,73,8.0,0,8.0,"",360.0,360.0,699.0
300634,0,30011845,94,12.0,0,12.0,"",360.0,360.0,699.0
300638,0,30011845,95,20.0,0,20.0,"",360.0,360.0,699.0
300638,0,30011845,120,4.0,0,4.0,"",360.0,360.0,699.0
300636,0,30011845,130,12.0,0,12.0,"",360.0,360.0,699.0
300634,0,30011845,134,4.0,0,4.0,"",360.0,360.0,699.0
300633,0,30011845,138,12.0,0,12.0,"",360.0,360.0,699.0
300637,0,30011845,142,4.0,0,4.0,"",360.0,360.0,699.0
300635,0,30011845,145,12.0,0,12.0,"",360.0,360.0,699.0
300636,0,30011845,148,8.0,0,8.0,"",360.0,360.0,699.0
300637,0,30011845,149,4.0,0,4.0,"",360.0,360.0,699.0
300632,0,30011845,156,4.0,0,4.0,"",360.0,360.0,699.0
300631,0,30011845,228,8.0,0,8.0,"",360.0,360.0,699.0
300634,0,30011845,238,8.0,0,8.0,"",360.0,360.0,699.0
300635,0,30011845,241,4.0,0,4.0,"",360.0,360.0,699.0
300632,0,30011845,245,8.0,0,8.0,"",360.0,360.0,699.0
300636,0,30011845,270,12.0,0,12.0,"",360.0,360.0,699.0
300633,0,30011845,274,8.0,0,8.0,"",360.0,360.0,699.0
300635,0,30011845,275,4.0,0,4.0,"",360.0,360.0,699.0
300630,0,30011845,277,4.0,0,4.0,"",360.0,360.0,699.0
300634,0,30011845,353,4.0,0,4.0,"",360.0,360.0,699.0
300635,0,30011845,432,4.0,0,4.0,"",360.0,360.0,699.0
300635,0,30011845,440,4.0,0,4.0,"",360.0,360.0,699.0
300634,0,30011845,445,4.0,0,4.0,"",360.0,360.0,699.0
300636,0,30011845,452,4.0,0,4.0,"",360.0,360.0,699.0
300633,0,30011845,457,4.0,0,4.0,"",360.0,360.0,699.0
300630,0,30011845,855,4.0,0,4.0,"",360.0,360.0,699.0
300638,0,30011845,1063,8.0,0,8.0,"",360.0,360.0,699.0
300638,0,30011845,1090,4.0,0,4.0,"",360.0,360.0,699.0
300632,0,30011845,1132,8.0,0,8.0,"",360.0,360.0,699.0
300632,0,30011845,1204,4.0,0,4.0,"",360.0,360.0,699.0
300633,0,30011845,1267,8.0,0,8.0,"",360.0,360.0,699.0
300633,0,30011845,1296,4.0,0,4.0,"",360.0,360.0,699.0
300637,0,30011845,1663,8.0,0,8.0,"",360.0,360.0,699.0
300630,0,30011845,1800,4.0,0,4.0,"",360.0,360.0,699.0
300631,0,30011845,1875,4.0,0,4.0,"",360.0,360.0,699.0
300635,0,30011845,1887,4.0,0,4.0,"",360.0,360.0,699.0
300635,0,30011845,1888,4.0,0,4.0,"",360.0,360.0,699.0
300630,0,30011845,1896,4.0,0,4.0,"",360.0,360.0,699.0
300638,0,30011845,2203,4.0,0,4.0,"",360.0,360.0,699.0
300637,0,30011845,2267,8.0,0,8.0,"",360.0,360.0,699.0
300633,0,30011845,2268,4.0,0,4.0,"",360.0,360.0,699.0
300634,0,30011845,2551,4.0,0,4.0,"",360.0,360.0,699.0
300636,0,30011845,2552,4.0,0,4.0,"",360.0,360.0,699.0
300634,0,30011845,2553,4.0,0,4.0,"",360.0,360.0,699.0
300637,0,30011845,2554,4.0,0,4.0,"",360.0,360.0,699.0
300638,0,30011845,2592,8.0,0,8.0,"",360.0,360.0,699.0
300631,0,30011845,3065,4.0,0,4.0,"",360.0,360.0,699.0
300634,0,30011845,3066,4.0,0,4.0,"",360.0,360.0,699.0
300638,0,30011845,3067,4.0,0,4.0,"",360.0,360.0,699.0
300636,0,30011845,3068,4.0,0,4.0,"",360.0,360.0,699.0
300631,0,30011845,3574,4.0,0,4.0,"",360.0,360.0,699.0
300630,0,30011846,1,2.0,0,2.0,"",360.0,360.0,699.0
300632,0,30011846,3,2.0,0,2.0,"",360.0,360.0,699.0
300631,0,30011846,5,2.0,0,2.0,"",360.0,360.0,699.0
300630,0,30011846,6,10.0,0,10.0,"",360.0,360.0,699.0
300631,0,30011846,9,10.0,0,10.0,"",360.0,360.0,699.0
300635,0,30011846,14,2.0,0,2.0,"",360.0,360.0,699.0
300630,0,30011846,15,2.0,0,2.0,"",360.0,360.0,699.0
300637,0,30011846,32,12.0,0,12.0,"",360.0,360.0,699.0
300631,0,30011846,46,2.0,0,2.0,"",360.0,360.0,699.0
300637,0,30011846,50,12.0,0,12.0,"",360.0,360.0,699.0
300632,0,30011846,65,2.0,0,2.0,"",360.0,360.0,699.0
300632,0,30011846,73,4.0,0,4.0,"",360.0,360.0,699.0
300634,0,30011846,94,10.0,0,10.0,"",360.0,360.0,699.0
300638,0,30011846,95,12.0,0,12.0,"",360.0,360.0,699.0
300638,0,30011846,120,2.0,0,2.0,"",360.0,360.0,699.0
300636,0,30011846,130,10.0,0,10.0,"",360.0,360.0,699.0
300634,0,30011846,134,2.0,0,2.0,"",360.0,360.0,699.0
300633,0,30011846,138,10.0,0,10.0,"",360.0,360.0,699.0
300637,0,30011846,142,2.0,0,2.0,"",360.0,360.0,699.0
300635,0,30011846,145,10.0,0,10.0,"",360.0,360.0,699.0
300636,0,30011846,148,8.0,0,8.0,"",360.0,360.0,699.0
300637,0,30011846,149,2.0,0,2.0,"",360.0,360.0,699.0
300632,0,30011846,156,2.0,0,2.0,"",360.0,360.0,699.0
300631,0,30011846,228,8.0,0,8.0,"",360.0,360.0,699.0
300634,0,30011846,238,4.0,0,4.0,"",360.0,360.0,699.0
300635,0,30011846,241,2.0,0,2.0,"",360.0,360.0,699.0
300632,0,30011846,245,10.0,0,10.0,"",360.0,360.0,699.0
300636,0,30011846,270,10.0,0,10.0,"",360.0,360.0,699.0
300633,0,30011846,274,8.0,0,8.0,"",360.0,360.0,699.0
300635,0,30011846,275,2.0,0,2.0,"",360.0,360.0,699.0
300630,0,30011846,277,2.0,0,2.0,"",360.0,360.0,699.0
300634,0,30011846,353,2.0,0,2.0,"",360.0,360.0,699.0
300635,0,30011846,432,2.0,0,2.0,"",360.0,360.0,699.0
300635,0,30011846,440,2.0,0,2.0,"",360.0,360.0,699.0
300634,0,30011846,445,2.0,0,2.0,"",360.0,360.0,699.0
300636,0,30011846,452,2.0,0,2.0,"",360.0,360.0,699.0
300633,0,30011846,457,2.0,0,2.0,"",360.0,360.0,699.0
300630,0,30011846,855,2.0,0,2.0,"",360.0,360.0,699.0
300638,0,30011846,1063,6.0,0,6.0,"",360.0,360.0,699.0
300638,0,30011846,1090,2.0,0,2.0,"",360.0,360.0,699.0
300632,0,30011846,1132,4.0,0,4.0,"",360.0,360.0,699.0
300632,0,30011846,1204,2.0,0,2.0,"",360.0,360.0,699.0
300633,0,30011846,1267,4.0,0,4.0,"",360.0,360.0,699.0
300633,0,30011846,1296,2.0,0,2.0,"",360.0,360.0,699.0
300637,0,30011846,1663,4.0,0,4.0,"",360.0,360.0,699.0
300630,0,30011846,1800,4.0,0,4.0,"",360.0,360.0,699.0
300631,0,30011846,1875,2.0,0,2.0,"",360.0,360.0,699.0
300635,0,30011846,1887,2.0,0,2.0,"",360.0,360.0,699.0
300635,0,30011846,1888,2.0,0,2.0,"",360.0,360.0,699.0
300630,0,30011846,1896,2.0,0,2.0,"",360.0,360.0,699.0
300638,0,30011846,2203,2.0,0,2.0,"",360.0,360.0,699.0
300637,0,30011846,2267,6.0,0,6.0,"",360.0,360.0,699.0
300633,0,30011846,2268,2.0,0,2.0,"",360.0,360.0,699.0
300634,0,30011846,2551,2.0,0,2.0,"",360.0,360.0,699.0
300636,0,30011846,2552,2.0,0,2.0,"",360.0,360.0,699.0
300634,0,30011846,2553,2.0,0,2.0,"",360.0,360.0,699.0
300637,0,30011846,2554,2.0,0,2.0,"",360.0,360.0,699.0
300638,0,30011846,2592,8.0,0,8.0,"",360.0,360.0,699.0
300631,0,30011846,3065,2.0,0,2.0,"",360.0,360.0,699.0
300634,0,30011846,3066,2.0,0,2.0,"",360.0,360.0,699.0
300638,0,30011846,3067,2.0,0,2.0,"",360.0,360.0,699.0
300636,0,30011846,3068,2.0,0,2.0,"",360.0,360.0,699.0
300631,0,30011846,3574,2.0,0,2.0,"",360.0,360.0,699.0
300630,0,30011847,1,2.0,0,2.0,"",360.0,360.0,699.0
300632,0,30011847,3,2.0,0,2.0,"",360.0,360.0,699.0
300631,0,30011847,5,2.0,0,2.0,"",360.0,360.0,699.0
300630,0,30011847,6,10.0,0,10.0,"",360.0,360.0,699.0
300631,0,30011847,9,10.0,0,10.0,"",360.0,360.0,699.0
300635,0,30011847,14,2.0,0,2.0,"",360.0,360.0,699.0
300630,0,30011847,15,2.0,0,2.0,"",360.0,360.0,699.0
300637,0,30011847,32,12.0,0,12.0,"",360.0,360.0,699.0
300631,0,30011847,46,2.0,0,2.0,"",360.0,360.0,699.0
300637,0,30011847,50,12.0,0,12.0,"",360.0,360.0,699.0
300632,0,30011847,65,2.0,0,2.0,"",360.0,360.0,699.0
300632,0,30011847,73,4.0,0,4.0,"",360.0,360.0,699.0
300634,0,30011847,94,10.0,0,10.0,"",360.0,360.0,699.0
300638,0,30011847,95,12.0,0,12.0,"",360.0,360.0,699.0
300638,0,30011847,120,2.0,0,2.0,"",360.0,360.0,699.0
300636,0,30011847,130,10.0,0,10.0,"",360.0,360.0,699.0
300634,0,30011847,134,2.0,0,2.0,"",360.0,360.0,699.0
300633,0,30011847,138,10.0,0,10.0,"",360.0,360.0,699.0
300637,0,30011847,142,2.0,0,2.0,"",360.0,360.0,699.0
300635,0,30011847,145,10.0,0,10.0,"",360.0,360.0,699.0
300636,0,30011847,148,8.0,0,8.0,"",360.0,360.0,699.0
300637,0,30011847,149,2.0,0,2.0,"",360.0,360.0,699.0
300632,0,30011847,156,2.0,0,2.0,"",360.0,360.0,699.0
300631,0,30011847,228,8.0,0,8.0,"",360.0,360.0,699.0
300634,0,30011847,238,4.0,0,4.0,"",360.0,360.0,699.0
300635,0,30011847,241,2.0,0,2.0,"",360.0,360.0,699.0
300632,0,30011847,245,10.0,0,10.0,"",360.0,360.0,699.0
300636,0,30011847,270,10.0,0,10.0,"",360.0,360.0,699.0
300633,0,30011847,274,8.0,0,8.0,"",360.0,360.0,699.0
300635,0,30011847,275,2.0,0,2.0,"",360.0,360.0,699.0
300630,0,30011847,277,2.0,0,2.0,"",360.0,360.0,699.0
300634,0,30011847,353,2.0,0,2.0,"",360.0,360.0,699.0
300635,0,30011847,432,2.0,0,2.0,"",360.0,360.0,699.0
300635,0,30011847,440,2.0,0,2.0,"",360.0,360.0,699.0
300634,0,30011847,445,2.0,0,2.0,"",360.0,360.0,699.0
300636,0,30011847,452,2.0,0,2.0,"",360.0,360.0,699.0
300633,0,30011847,457,2.0,0,2.0,"",360.0,360.0,699.0
300630,0,30011847,855,2.0,0,2.0,"",360.0,360.0,699.0
300638,0,30011847,1063,6.0,0,6.0,"",360.0,360.0,699.0
300638,0,30011847,1090,2.0,0,2.0,"",360.0,360.0,699.0
300632,0,30011847,1132,4.0,0,4.0,"",360.0,360.0,699.0
300632,0,30011847,1204,2.0,0,2.0,"",360.0,360.0,699.0
300633,0,30011847,1267,4.0,0,4.0,"",360.0,360.0,699.0
300633,0,30011847,1296,2.0,0,2.0,"",360.0,360.0,699.0
300637,0,30011847,1663,4.0,0,4.0,"",360.0,360.0,699.0
300630,0,30011847,1800,4.0,0,4.0,"",360.0,360.0,699.0
300631,0,30011847,1875,2.0,0,2.0,"",360.0,360.0,699.0
300635,0,30011847,1887,2.0,0,2.0,"",360.0,360.0,699.0
300635,0,30011847,1888,2.0,0,2.0,"",360.0,360.0,699.0
300630,0,30011847,1896,2.0,0,2.0,"",360.0,360.0,699.0
300638,0,30011847,2203,2.0,0,2.0,"",360.0,360.0,699.0
300637,0,30011847,2267,6.0,0,6.0,"",360.0,360.0,699.0
300633,0,30011847,2268,2.0,0,2.0,"",360.0,360.0,699.0
300634,0,30011847,2551,2.0,0,2.0,"",360.0,360.0,699.0
300636,0,30011847,2552,2.0,0,2.0,"",360.0,360.0,699.0
300634,0,30011847,2553,2.0,0,2.0,"",360.0,360.0,699.0
300637,0,30011847,2554,2.0,0,2.0,"",360.0,360.0,699.0
300638,0,30011847,2592,8.0,0,8.0,"",360.0,360.0,699.0
300631,0,30011847,3065,2.0,0,2.0,"",360.0,360.0,699.0
300634,0,30011847,3066,2.0,0,2.0,"",360.0,360.0,699.0
300638,0,30011847,3067,2.0,0,2.0,"",360.0,360.0,699.0
300636,0,30011847,3068,2.0,0,2.0,"",360.0,360.0,699.0
300631,0,30011847,3574,2.0,0,2.0,"",360.0,360.0,699.0
300630,0,30011848,1,4.0,0,4.0,"",360.0,360.0,699.0
300632,0,30011848,3,4.0,0,4.0,"",360.0,360.0,699.0
300631,0,30011848,5,4.0,0,4.0,"",360.0,360.0,699.0
300630,0,30011848,6,20.0,0,20.0,"",360.0,360.0,699.0
300631,0,30011848,9,20.0,0,20.0,"",360.0,360.0,699.0
300635,0,30011848,14,4.0,0,4.0,"",360.0,360.0,699.0
300630,0,30011848,15,4.0,0,4.0,"",360.0,360.0,699.0
300637,0,30011848,32,24.0,0,24.0,"",360.0,360.0,699.0
300631,0,30011848,46,4.0,0,4.0,"",360.0,360.0,699.0
300637,0,30011848,50,24.0,0,24.0,"",360.0,360.0,699.0
300632,0,30011848,65,4.0,0,4.0,"",360.0,360.0,699.0
300632,0,30011848,73,8.0,0,8.0,"",360.0,360.0,699.0
300634,0,30011848,94,20.0,0,20.0,"",360.0,360.0,699.0
300638,0,30011848,95,24.0,0,24.0,"",360.0,360.0,699.0
300638,0,30011848,120,4.0,0,4.0,"",360.0,360.0,699.0
300636,0,30011848,130,20.0,0,20.0,"",360.0,360.0,699.0
300634,0,30011848,134,4.0,0,4.0,"",360.0,360.0,699.0
300633,0,30011848,138,20.0,0,20.0,"",360.0,360.0,699.0
300637,0,30011848,142,4.0,0,4.0,"",360.0,360.0,699.0
300635,0,30011848,145,20.0,0,20.0,"",360.0,360.0,699.0
300636,0,30011848,148,16.0,0,16.0,"",360.0,360.0,699.0
300637,0,30011848,149,4.0,0,4.0,"",360.0,360.0,699.0
300632,0,30011848,156,4.0,0,4.0,"",360.0,360.0,699.0
300631,0,30011848,228,16.0,0,16.0,"",360.0,360.0,699.0
300634,0,30011848,238,8.0,0,8.0,"",360.0,360.0,699.0
300635,0,30011848,241,4.0,0,4.0,"",360.0,360.0,699.0
300632,0,30011848,245,20.0,0,20.0,"",360.0,360.0,699.0
300636,0,30011848,270,20.0,0,20.0,"",360.0,360.0,699.0
300633,0,30011848,274,16.0,0,16.0,"",360.0,360.0,699.0
300635,0,30011848,275,4.0,0,4.0,"",360.0,360.0,699.0
300630,0,30011848,277,4.0,0,4.0,"",360.0,360.0,699.0
300634,0,30011848,353,4.0,0,4.0,"",360.0,360.0,699.0
300635,0,30011848,432,4.0,0,4.0,"",360.0,360.0,699.0
300635,0,30011848,440,4.0,0,4.0,"",360.0,360.0,699.0
300634,0,30011848,445,4.0,0,4.0,"",360.0,360.0,699.0
300636,0,30011848,452,4.0,0,4.0,"",360.0,360.0,699.0
300633,0,30011848,457,4.0,0,4.0,"",360.0,360.0,699.0
300630,0,30011848,855,4.0,0,4.0,"",360.0,360.0,699.0
300638,0,30011848,1063,12.0,0,12.0,"",360.0,360.0,699.0
300638,0,30011848,1090,4.0,0,4.0,"",360.0,360.0,699.0
300632,0,30011848,1132,8.0,0,8.0,"",360.0,360.0,699.0
300632,0,30011848,1204,4.0,0,4.0,"",360.0,360.0,699.0
300633,0,30011848,1267,8.0,0,8.0,"",360.0,360.0,699.0
300633,0,30011848,1296,4.0,0,4.0,"",360.0,360.0,699.0
300637,0,30011848,1663,8.0,0,8.0,"",360.0,360.0,699.0
300630,0,30011848,1800,4.0,0,4.0,"",360.0,360.0,699.0
300631,0,30011848,1875,4.0,0,4.0,"",360.0,360.0,699.0
300635,0,30011848,1887,4.0,0,4.0,"",360.0,360.0,699.0
300635,0,30011848,1888,4.0,0,4.0,"",360.0,360.0,699.0
300630,0,30011848,1896,4.0,0,4.0,"",360.0,360.0,699.0
300638,0,30011848,2203,4.0,0,4.0,"",360.0,360.0,699.0
300637,0,30011848,2267,12.0,0,12.0,"",360.0,360.0,699.0
300633,0,30011848,2268,4.0,0,4.0,"",360.0,360.0,699.0
300634,0,30011848,2551,4.0,0,4.0,"",360.0,360.0,699.0
300636,0,30011848,2552,4.0,0,4.0,"",360.0,360.0,699.0
300634,0,30011848,2553,4.0,0,4.0,"",360.0,360.0,699.0
300637,0,30011848,2554,4.0,0,4.0,"",360.0,360.0,699.0
300638,0,30011848,2592,16.0,0,16.0,"",360.0,360.0,699.0
300631,0,30011848,3065,4.0,0,4.0,"",360.0,360.0,699.0
300634,0,30011848,3066,4.0,0,4.0,"",360.0,360.0,699.0
300638,0,30011848,3067,4.0,0,4.0,"",360.0,360.0,699.0
300636,0,30011848,3068,4.0,0,4.0,"",360.0,360.0,699.0
300631,0,30011848,3574,4.0,0,4.0,"",360.0,360.0,699.0
300630,0,30011849,1,4.0,0,4.0,"",360.0,360.0,699.0
300632,0,30011849,3,4.0,0,4.0,"",360.0,360.0,699.0
300631,0,30011849,5,4.0,0,4.0,"",360.0,360.0,699.0
300630,0,30011849,6,20.0,0,20.0,"",360.0,360.0,699.0
300631,0,30011849,9,20.0,0,20.0,"",360.0,360.0,699.0
300635,0,30011849,14,4.0,0,4.0,"",360.0,360.0,699.0
300630,0,30011849,15,4.0,0,4.0,"",360.0,360.0,699.0
300637,0,30011849,32,24.0,0,24.0,"",360.0,360.0,699.0
300631,0,30011849,46,4.0,0,4.0,"",360.0,360.0,699.0
300637,0,30011849,50,24.0,0,24.0,"",360.0,360.0,699.0
300632,0,30011849,65,4.0,0,4.0,"",360.0,360.0,699.0
300632,0,30011849,73,8.0,0,8.0,"",360.0,360.0,699.0
300634,0,30011849,94,20.0,0,20.0,"",360.0,360.0,699.0
300638,0,30011849,95,24.0,0,24.0,"",360.0,360.0,699.0
300638,0,30011849,120,4.0,0,4.0,"",360.0,360.0,699.0
300636,0,30011849,130,20.0,0,20.0,"",360.0,360.0,699.0
300634,0,30011849,134,4.0,0,4.0,"",360.0,360.0,699.0
300633,0,30011849,138,20.0,0,20.0,"",360.0,360.0,699.0
300637,0,30011849,142,4.0,0,4.0,"",360.0,360.0,699.0
300635,0,30011849,145,20.0,0,20.0,"",360.0,360.0,699.0
300636,0,30011849,148,16.0,0,16.0,"",360.0,360.0,699.0
300637,0,30011849,149,4.0,0,4.0,"",360.0,360.0,699.0
300632,0,30011849,156,4.0,0,4.0,"",360.0,360.0,699.0
300631,0,30011849,228,16.0,0,16.0,"",360.0,360.0,699.0
300634,0,30011849,238,8.0,0,8.0,"",360.0,360.0,699.0
300635,0,30011849,241,4.0,0,4.0,"",360.0,360.0,699.0
300632,0,30011849,245,20.0,0,20.0,"",360.0,360.0,699.0
300636,0,30011849,270,20.0,0,20.0,"",360.0,360.0,699.0
300633,0,30011849,274,16.0,0,16.0,"",360.0,360.0,699.0
300635,0,30011849,275,4.0,0,4.0,"",360.0,360.0,699.0
300630,0,30011849,277,4.0,0,4.0,"",360.0,360.0,699.0
300634,0,30011849,353,4.0,0,4.0,"",360.0,360.0,699.0
300635,0,30011849,432,4.0,0,4.0,"",360.0,360.0,699.0
300635,0,30011849,440,4.0,0,4.0,"",360.0,360.0,699.0
300634,0,30011849,445,4.0,0,4.0,"",360.0,360.0,699.0
300636,0,30011849,452,4.0,0,4.0,"",360.0,360.0,699.0
300633,0,30011849,457,4.0,0,4.0,"",360.0,360.0,699.0
300630,0,30011849,855,4.0,0,4.0,"",360.0,360.0,699.0
300638,0,30011849,1063,12.0,0,12.0,"",360.0,360.0,699.0
300638,0,30011849,1090,4.0,0,4.0,"",360.0,360.0,699.0
300632,0,30011849,1132,8.0,0,8.0,"",360.0,360.0,699.0
300632,0,30011849,1204,4.0,0,4.0,"",360.0,360.0,699.0
300633,0,30011849,1267,8.0,0,8.0,"",360.0,360.0,699.0
300633,0,30011849,1296,4.0,0,4.0,"",360.0,360.0,699.0
300637,0,30011849,1663,8.0,0,8.0,"",360.0,360.0,699.0
300630,0,30011849,1800,4.0,0,4.0,"",360.0,360.0,699.0
300631,0,30011849,1875,4.0,0,4.0,"",360.0,360.0,699.0
300635,0,30011849,1887,4.0,0,4.0,"",360.0,360.0,699.0
300635,0,30011849,1888,4.0,0,4.0,"",360.0,360.0,699.0
300630,0,30011849,1896,4.0,0,4.0,"",360.0,360.0,699.0
300638,0,30011849,2203,4.0,0,4.0,"",360.0,360.0,699.0
300637,0,30011849,2267,12.0,0,12.0,"",360.0,360.0,699.0
300633,0,30011849,2268,4.0,0,4.0,"",360.0,360.0,699.0
300634,0,30011849,2551,4.0,0,4.0,"",360.0,360.0,699.0
300636,0,30011849,2552,4.0,0,4.0,"",360.0,360.0,699.0
300634,0,30011849,2553,4.0,0,4.0,"",360.0,360.0,699.0
300637,0,30011849,2554,4.0,0,4.0,"",360.0,360.0,699.0
300638,0,30011849,2592,16.0,0,16.0,"",360.0,360.0,699.0
300631,0,30011849,3065,4.0,0,4.0,"",360.0,360.0,699.0
300634,0,30011849,3066,4.0,0,4.0,"",360.0,360.0,699.0
300638,0,30011849,3067,4.0,0,4.0,"",360.0,360.0,699.0
300636,0,30011849,3068,4.0,0,4.0,"",360.0,360.0,699.0
300631,0,30011849,3574,4.0,0,4.0,"",360.0,360.0,699.0
300630,0,30011850,1,2.0,0,2.0,"",360.0,360.0,699.0
300632,0,30011850,3,2.0,0,2.0,"",360.0,360.0,699.0
300631,0,30011850,5,2.0,0,2.0,"",360.0,360.0,699.0
300630,0,30011850,6,10.0,0,10.0,"",360.0,360.0,699.0
300631,0,30011850,9,10.0,0,10.0,"",360.0,360.0,699.0
300635,0,30011850,14,2.0,0,2.0,"",360.0,360.0,699.0
300630,0,30011850,15,2.0,0,2.0,"",360.0,360.0,699.0
300637,0,30011850,32,12.0,0,12.0,"",360.0,360.0,699.0
300631,0,30011850,46,2.0,0,2.0,"",360.0,360.0,699.0
300637,0,30011850,50,12.0,0,12.0,"",360.0,360.0,699.0
300632,0,30011850,65,2.0,0,2.0,"",360.0,360.0,699.0
300632,0,30011850,73,4.0,0,4.0,"",360.0,360.0,699.0
300634,0,30011850,94,10.0,0,10.0,"",360.0,360.0,699.0
300638,0,30011850,95,12.0,0,12.0,"",360.0,360.0,699.0
300638,0,30011850,120,2.0,0,2.0,"",360.0,360.0,699.0
300636,0,30011850,130,10.0,0,10.0,"",360.0,360.0,699.0
300634,0,30011850,134,2.0,0,2.0,"",360.0,360.0,699.0
300633,0,30011850,138,10.0,0,10.0,"",360.0,360.0,699.0
300637,0,30011850,142,2.0,0,2.0,"",360.0,360.0,699.0
300635,0,30011850,145,10.0,0,10.0,"",360.0,360.0,699.0
300636,0,30011850,148,8.0,0,8.0,"",360.0,360.0,699.0
300637,0,30011850,149,2.0,0,2.0,"",360.0,360.0,699.0
300632,0,30011850,156,2.0,0,2.0,"",360.0,360.0,699.0
300631,0,30011850,228,8.0,0,8.0,"",360.0,360.0,699.0
300634,0,30011850,238,4.0,0,4.0,"",360.0,360.0,699.0
300635,0,30011850,241,2.0,0,2.0,"",360.0,360.0,699.0
300632,0,30011850,245,10.0,0,10.0,"",360.0,360.0,699.0
300636,0,30011850,270,10.0,0,10.0,"",360.0,360.0,699.0
300633,0,30011850,274,8.0,0,8.0,"",360.0,360.0,699.0
300635,0,30011850,275,2.0,0,2.0,"",360.0,360.0,699.0
300630,0,30011850,277,2.0,0,2.0,"",360.0,360.0,699.0
300634,0,30011850,353,2.0,0,2.0,"",360.0,360.0,699.0
300635,0,30011850,432,2.0,0,2.0,"",360.0,360.0,699.0
300635,0,30011850,440,2.0,0,2.0,"",360.0,360.0,699.0
300634,0,30011850,445,2.0,0,2.0,"",360.0,360.0,699.0
300636,0,30011850,452,2.0,0,2.0,"",360.0,360.0,699.0
300633,0,30011850,457,2.0,0,2.0,"",360.0,360.0,699.0
300630,0,30011850,855,2.0,0,2.0,"",360.0,360.0,699.0
300638,0,30011850,1063,6.0,0,6.0,"",360.0,360.0,699.0
300638,0,30011850,1090,2.0,0,2.0,"",360.0,360.0,699.0
300632,0,30011850,1132,4.0,0,4.0,"",360.0,360.0,699.0
300632,0,30011850,1204,2.0,0,2.0,"",360.0,360.0,699.0
300633,0,30011850,1267,4.0,0,4.0,"",360.0,360.0,699.0
300633,0,30011850,1296,2.0,0,2.0,"",360.0,360.0,699.0
300637,0,30011850,1663,4.0,0,4.0,"",360.0,360.0,699.0
300630,0,30011850,1800,4.0,0,4.0,"",360.0,360.0,699.0
300631,0,30011850,1875,2.0,0,2.0,"",360.0,360.0,699.0
300635,0,30011850,1887,2.0,0,2.0,"",360.0,360.0,699.0
300635,0,30011850,1888,2.0,0,2.0,"",360.0,360.0,699.0
300630,0,30011850,1896,2.0,0,2.0,"",360.0,360.0,699.0
300638,0,30011850,2203,2.0,0,2.0,"",360.0,360.0,699.0
300637,0,30011850,2267,6.0,0,6.0,"",360.0,360.0,699.0
300633,0,30011850,2268,2.0,0,2.0,"",360.0,360.0,699.0
300634,0,30011850,2551,2.0,0,2.0,"",360.0,360.0,699.0
300636,0,30011850,2552,2.0,0,2.0,"",360.0,360.0,699.0
300634,0,30011850,2553,2.0,0,2.0,"",360.0,360.0,699.0
300637,0,30011850,2554,2.0,0,2.0,"",360.0,360.0,699.0
300638,0,30011850,2592,8.0,0,8.0,"",360.0,360.0,699.0
300631,0,30011850,3065,2.0,0,2.0,"",360.0,360.0,699.0
300634,0,30011850,3066,2.0,0,2.0,"",360.0,360.0,699.0
300638,0,30011850,3067,2.0,0,2.0,"",360.0,360.0,699.0
300636,0,30011850,3068,2.0,0,2.0,"",360.0,360.0,699.0
300631,0,30011850,3574,2.0,0,2.0,"",360.0,360.0,699.0
300630,0,30011851,1,2.0,0,2.0,"",360.0,360.0,699.0
300632,0,30011851,3,2.0,0,2.0,"",360.0,360.0,699.0
300631,0,30011851,5,2.0,0,2.0,"",360.0,360.0,699.0
300630,0,30011851,6,10.0,0,10.0,"",360.0,360.0,699.0
300631,0,30011851,9,10.0,0,10.0,"",360.0,360.0,699.0
300635,0,30011851,14,2.0,0,2.0,"",360.0,360.0,699.0
300630,0,30011851,15,2.0,0,2.0,"",360.0,360.0,699.0
300637,0,30011851,32,12.0,0,12.0,"",360.0,360.0,699.0
300631,0,30011851,46,2.0,0,2.0,"",360.0,360.0,699.0
300637,0,30011851,50,12.0,0,12.0,"",360.0,360.0,699.0
300632,0,30011851,65,2.0,0,2.0,"",360.0,360.0,699.0
300632,0,30011851,73,4.0,0,4.0,"",360.0,360.0,699.0
300634,0,30011851,94,10.0,0,10.0,"",360.0,360.0,699.0
300638,0,30011851,95,12.0,0,12.0,"",360.0,360.0,699.0
300638,0,30011851,120,2.0,0,2.0,"",360.0,360.0,699.0
300636,0,30011851,130,10.0,0,10.0,"",360.0,360.0,699.0
300634,0,30011851,134,2.0,0,2.0,"",360.0,360.0,699.0
300633,0,30011851,138,10.0,0,10.0,"",360.0,360.0,699.0
300637,0,30011851,142,2.0,0,2.0,"",360.0,360.0,699.0
300635,0,30011851,145,10.0,0,10.0,"",360.0,360.0,699.0
300636,0,30011851,148,8.0,0,8.0,"",360.0,360.0,699.0
300637,0,30011851,149,2.0,0,2.0,"",360.0,360.0,699.0
300632,0,30011851,156,2.0,0,2.0,"",360.0,360.0,699.0
300631,0,30011851,228,8.0,0,8.0,"",360.0,360.0,699.0
300634,0,30011851,238,4.0,0,4.0,"",360.0,360.0,699.0
300635,0,30011851,241,2.0,0,2.0,"",360.0,360.0,699.0
300632,0,30011851,245,10.0,0,10.0,"",360.0,360.0,699.0
300636,0,30011851,270,10.0,0,10.0,"",360.0,360.0,699.0
300633,0,30011851,274,8.0,0,8.0,"",360.0,360.0,699.0
300635,0,30011851,275,2.0,0,2.0,"",360.0,360.0,699.0
300630,0,30011851,277,2.0,0,2.0,"",360.0,360.0,699.0
300634,0,30011851,353,2.0,0,2.0,"",360.0,360.0,699.0
300635,0,30011851,432,2.0,0,2.0,"",360.0,360.0,699.0
300635,0,30011851,440,2.0,0,2.0,"",360.0,360.0,699.0
300634,0,30011851,445,2.0,0,2.0,"",360.0,360.0,699.0
300636,0,30011851,452,2.0,0,2.0,"",360.0,360.0,699.0
300633,0,30011851,457,2.0,0,2.0,"",360.0,360.0,699.0
300630,0,30011851,855,2.0,0,2.0,"",360.0,360.0,699.0
300638,0,30011851,1063,6.0,0,6.0,"",360.0,360.0,699.0
300638,0,30011851,1090,2.0,0,2.0,"",360.0,360.0,699.0
300632,0,30011851,1132,4.0,0,4.0,"",360.0,360.0,699.0
300632,0,30011851,1204,2.0,0,2.0,"",360.0,360.0,699.0
300633,0,30011851,1267,4.0,0,4.0,"",360.0,360.0,699.0
300633,0,30011851,1296,2.0,0,2.0,"",360.0,360.0,699.0
300637,0,30011851,1663,4.0,0,4.0,"",360.0,360.0,699.0
300630,0,30011851,1800,4.0,0,4.0,"",360.0,360.0,699.0
300631,0,30011851,1875,2.0,0,2.0,"",360.0,360.0,699.0
300635,0,30011851,1887,2.0,0,2.0,"",360.0,360.0,699.0
300635,0,30011851,1888,2.0,0,2.0,"",360.0,360.0,699.0
300630,0,30011851,1896,2.0,0,2.0,"",360.0,360.0,699.0
300638,0,30011851,2203,2.0,0,2.0,"",360.0,360.0,699.0
300637,0,30011851,2267,6.0,0,6.0,"",360.0,360.0,699.0
300633,0,30011851,2268,2.0,0,2.0,"",360.0,360.0,699.0
300634,0,30011851,2551,2.0,0,2.0,"",360.0,360.0,699.0
300636,0,30011851,2552,2.0,0,2.0,"",360.0,360.0,699.0
300634,0,30011851,2553,2.0,0,2.0,"",360.0,360.0,699.0
300637,0,30011851,2554,2.0,0,2.0,"",360.0,360.0,699.0
300638,0,30011851,2592,8.0,0,8.0,"",360.0,360.0,699.0
300631,0,30011851,3065,2.0,0,2.0,"",360.0,360.0,699.0
300634,0,30011851,3066,2.0,0,2.0,"",360.0,360.0,699.0
300638,0,30011851,3067,2.0,0,2.0,"",360.0,360.0,699.0
300636,0,30011851,3068,2.0,0,2.0,"",360.0,360.0,699.0
300631,0,30011851,3574,2.0,0,2.0,"",360.0,360.0,699.0
300630,0,30011852,1,4.0,0,4.0,"",360.0,360.0,699.0
300632,0,30011852,3,4.0,0,4.0,"",360.0,360.0,699.0
300631,0,30011852,5,4.0,0,4.0,"",360.0,360.0,699.0
300630,0,30011852,6,20.0,0,20.0,"",360.0,360.0,699.0
300631,0,30011852,9,20.0,0,20.0,"",360.0,360.0,699.0
300635,0,30011852,14,4.0,0,4.0,"",360.0,360.0,699.0
300630,0,30011852,15,4.0,0,4.0,"",360.0,360.0,699.0
300637,0,30011852,32,24.0,0,24.0,"",360.0,360.0,699.0
300631,0,30011852,46,4.0,0,4.0,"",360.0,360.0,699.0
300637,0,30011852,50,24.0,0,24.0,"",360.0,360.0,699.0
300632,0,30011852,65,4.0,0,4.0,"",360.0,360.0,699.0
300632,0,30011852,73,8.0,0,8.0,"",360.0,360.0,699.0
300634,0,30011852,94,20.0,0,20.0,"",360.0,360.0,699.0
300638,0,30011852,95,24.0,0,24.0,"",360.0,360.0,699.0
300638,0,30011852,120,4.0,0,4.0,"",360.0,360.0,699.0
300636,0,30011852,130,20.0,0,20.0,"",360.0,360.0,699.0
300634,0,30011852,134,4.0,0,4.0,"",360.0,360.0,699.0
300633,0,30011852,138,20.0,0,20.0,"",360.0,360.0,699.0
300637,0,30011852,142,4.0,0,4.0,"",360.0,360.0,699.0
300635,0,30011852,145,20.0,0,20.0,"",360.0,360.0,699.0
300636,0,30011852,148,16.0,0,16.0,"",360.0,360.0,699.0
300637,0,30011852,149,4.0,0,4.0,"",360.0,360.0,699.0
300632,0,30011852,156,4.0,0,4.0,"",360.0,360.0,699.0
300631,0,30011852,228,16.0,0,16.0,"",360.0,360.0,699.0
300634,0,30011852,238,8.0,0,8.0,"",360.0,360.0,699.0
300635,0,30011852,241,4.0,0,4.0,"",360.0,360.0,699.0
300632,0,30011852,245,20.0,0,20.0,"",360.0,360.0,699.0
300636,0,30011852,270,20.0,0,20.0,"",360.0,360.0,699.0
300633,0,30011852,274,16.0,0,16.0,"",360.0,360.0,699.0
300635,0,30011852,275,4.0,0,4.0,"",360.0,360.0,699.0
300630,0,30011852,277,4.0,0,4.0,"",360.0,360.0,699.0
300634,0,30011852,353,4.0,0,4.0,"",360.0,360.0,699.0
300635,0,30011852,432,4.0,0,4.0,"",360.0,360.0,699.0
300635,0,30011852,440,4.0,0,4.0,"",360.0,360.0,699.0
300634,0,30011852,445,4.0,0,4.0,"",360.0,360.0,699.0
300636,0,30011852,452,4.0,0,4.0,"",360.0,360.0,699.0
300633,0,30011852,457,4.0,0,4.0,"",360.0,360.0,699.0
300630,0,30011852,855,4.0,0,4.0,"",360.0,360.0,699.0
300638,0,30011852,1063,12.0,0,12.0,"",360.0,360.0,699.0
300638,0,30011852,1090,4.0,0,4.0,"",360.0,360.0,699.0
300632,0,30011852,1132,8.0,0,8.0,"",360.0,360.0,699.0
300632,0,30011852,1204,4.0,0,4.0,"",360.0,360.0,699.0
300633,0,30011852,1267,8.0,0,8.0,"",360.0,360.0,699.0
300633,0,30011852,1296,4.0,0,4.0,"",360.0,360.0,699.0
300637,0,30011852,1663,8.0,0,8.0,"",360.0,360.0,699.0
300630,0,30011852,1800,4.0,0,4.0,"",360.0,360.0,699.0
300631,0,30011852,1875,4.0,0,4.0,"",360.0,360.0,699.0
300635,0,30011852,1887,4.0,0,4.0,"",360.0,360.0,699.0
300635,0,30011852,1888,4.0,0,4.0,"",360.0,360.0,699.0
300630,0,30011852,1896,4.0,0,4.0,"",360.0,360.0,699.0
300638,0,30011852,2203,4.0,0,4.0,"",360.0,360.0,699.0
300637,0,30011852,2267,12.0,0,12.0,"",360.0,360.0,699.0
300633,0,30011852,2268,4.0,0,4.0,"",360.0,360.0,699.0
300634,0,30011852,2551,4.0,0,4.0,"",360.0,360.0,699.0
300636,0,30011852,2552,4.0,0,4.0,"",360.0,360.0,699.0
300634,0,30011852,2553,4.0,0,4.0,"",360.0,360.0,699.0
300637,0,30011852,2554,4.0,0,4.0,"",360.0,360.0,699.0
300638,0,30011852,2592,16.0,0,16.0,"",360.0,360.0,699.0
300631,0,30011852,3065,4.0,0,4.0,"",360.0,360.0,699.0
300634,0,30011852,3066,4.0,0,4.0,"",360.0,360.0,699.0
300638,0,30011852,3067,4.0,0,4.0,"",360.0,360.0,699.0
300636,0,30011852,3068,4.0,0,4.0,"",360.0,360.0,699.0
300631,0,30011852,3574,4.0,0,4.0,"",360.0,360.0,699.0
300630,0,30011853,1,4.0,0,4.0,"",360.0,360.0,699.0
300632,0,30011853,3,4.0,0,4.0,"",360.0,360.0,699.0
300631,0,30011853,5,4.0,0,4.0,"",360.0,360.0,699.0
300630,0,30011853,6,20.0,0,20.0,"",360.0,360.0,699.0
300631,0,30011853,9,20.0,0,20.0,"",360.0,360.0,699.0
300635,0,30011853,14,4.0,0,4.0,"",360.0,360.0,699.0
300630,0,30011853,15,4.0,0,4.0,"",360.0,360.0,699.0
300637,0,30011853,32,24.0,0,24.0,"",360.0,360.0,699.0
300631,0,30011853,46,4.0,0,4.0,"",360.0,360.0,699.0
300637,0,30011853,50,24.0,0,24.0,"",360.0,360.0,699.0
300632,0,30011853,65,4.0,0,4.0,"",360.0,360.0,699.0
300632,0,30011853,73,8.0,0,8.0,"",360.0,360.0,699.0
300634,0,30011853,94,20.0,0,20.0,"",360.0,360.0,699.0
300638,0,30011853,95,24.0,0,24.0,"",360.0,360.0,699.0
300638,0,30011853,120,4.0,0,4.0,"",360.0,360.0,699.0
300636,0,30011853,130,20.0,0,20.0,"",360.0,360.0,699.0
300634,0,30011853,134,4.0,0,4.0,"",360.0,360.0,699.0
300633,0,30011853,138,20.0,0,20.0,"",360.0,360.0,699.0
300637,0,30011853,142,4.0,0,4.0,"",360.0,360.0,699.0
300635,0,30011853,145,20.0,0,20.0,"",360.0,360.0,699.0
300636,0,30011853,148,16.0,0,16.0,"",360.0,360.0,699.0
300637,0,30011853,149,4.0,0,4.0,"",360.0,360.0,699.0
300632,0,30011853,156,4.0,0,4.0,"",360.0,360.0,699.0
300631,0,30011853,228,16.0,0,16.0,"",360.0,360.0,699.0
300634,0,30011853,238,8.0,0,8.0,"",360.0,360.0,699.0
300635,0,30011853,241,4.0,0,4.0,"",360.0,360.0,699.0
300632,0,30011853,245,20.0,0,20.0,"",360.0,360.0,699.0
300636,0,30011853,270,20.0,0,20.0,"",360.0,360.0,699.0
300633,0,30011853,274,16.0,0,16.0,"",360.0,360.0,699.0
300635,0,30011853,275,4.0,0,4.0,"",360.0,360.0,699.0
300630,0,30011853,277,4.0,0,4.0,"",360.0,360.0,699.0
300634,0,30011853,353,4.0,0,4.0,"",360.0,360.0,699.0
300635,0,30011853,432,4.0,0,4.0,"",360.0,360.0,699.0
300635,0,30011853,440,4.0,0,4.0,"",360.0,360.0,699.0
300634,0,30011853,445,4.0,0,4.0,"",360.0,360.0,699.0
300636,0,30011853,452,4.0,0,4.0,"",360.0,360.0,699.0
300633,0,30011853,457,4.0,0,4.0,"",360.0,360.0,699.0
300630,0,30011853,855,4.0,0,4.0,"",360.0,360.0,699.0
300638,0,30011853,1063,12.0,0,12.0,"",360.0,360.0,699.0
300638,0,30011853,1090,4.0,0,4.0,"",360.0,360.0,699.0
300632,0,30011853,1132,8.0,0,8.0,"",360.0,360.0,699.0
300632,0,30011853,1204,4.0,0,4.0,"",360.0,360.0,699.0
300633,0,30011853,1267,8.0,0,8.0,"",360.0,360.0,699.0
300633,0,30011853,1296,4.0,0,4.0,"",360.0,360.0,699.0
300637,0,30011853,1663,8.0,0,8.0,"",360.0,360.0,699.0
300630,0,30011853,1800,4.0,0,4.0,"",360.0,360.0,699.0
300631,0,30011853,1875,4.0,0,4.0,"",360.0,360.0,699.0
300635,0,30011853,1887,4.0,0,4.0,"",360.0,360.0,699.0
300635,0,30011853,1888,4.0,0,4.0,"",360.0,360.0,699.0
300630,0,30011853,1896,4.0,0,4.0,"",360.0,360.0,699.0
300638,0,30011853,2203,4.0,0,4.0,"",360.0,360.0,699.0
300637,0,30011853,2267,12.0,0,12.0,"",360.0,360.0,699.0
300633,0,30011853,2268,4.0,0,4.0,"",360.0,360.0,699.0
300634,0,30011853,2551,4.0,0,4.0,"",360.0,360.0,699.0
300636,0,30011853,2552,4.0,0,4.0,"",360.0,360.0,699.0
300634,0,30011853,2553,4.0,0,4.0,"",360.0,360.0,699.0
300637,0,30011853,2554,4.0,0,4.0,"",360.0,360.0,699.0
300638,0,30011853,2592,16.0,0,16.0,"",360.0,360.0,699.0
300631,0,30011853,3065,4.0,0,4.0,"",360.0,360.0,699.0
300634,0,30011853,3066,4.0,0,4.0,"",360.0,360.0,699.0
300638,0,30011853,3067,4.0,0,4.0,"",360.0,360.0,699.0
300636,0,30011853,3068,4.0,0,4.0,"",360.0,360.0,699.0
300631,0,30011853,3574,4.0,0,4.0,"",360.0,360.0,699.0
300666,0,30005988,9,10.0,0,10.0,"",340.0,340.0,599.0
300666,0,30005989,9,10.0,0,10.0,"",340.0,340.0,599.0
300666,0,30005990,9,10.0,0,10.0,"",340.0,340.0,599.0
300666,0,30005991,9,10.0,0,10.0,"",340.0,340.0,599.0
300666,0,30005992,9,10.0,0,10.0,"",340.0,340.0,599.0
300666,0,30005993,9,10.0,0,10.0,"",340.0,340.0,599.0
300666,0,30005994,9,10.0,0,10.0,"",340.0,340.0,599.0
300666,0,30005995,9,10.0,0,10.0,"",340.0,340.0,599.0
300662,0,30007929,3,20.0,0,20.0,"",130.0,130.0,249.0
300662,0,30007930,3,20.0,0,20.0,"",130.0,130.0,249.0
300662,0,30007931,3,20.0,0,20.0,"",130.0,130.0,249.0
300662,0,30007932,3,20.0,0,20.0,"",130.0,130.0,249.0
300662,0,30007933,3,20.0,0,20.0,"",130.0,130.0,249.0
300662,0,30007934,3,20.0,0,20.0,"",130.0,130.0,249.0
300662,0,30007935,3,20.0,0,20.0,"",130.0,130.0,249.0
300662,0,30007936,3,20.0,0,20.0,"",130.0,130.0,249.0
300665,0,30008026,6,30.0,0,30.0,"",82.5,82.5,199.0
300658,0,30008026,245,10.0,0,10.0,"",82.5,82.5,199.0
300660,0,30008026,245,10.0,0,10.0,"",82.5,82.5,199.0
300661,0,30008026,245,10.0,0,10.0,"",82.5,82.5,199.0
300665,0,30008027,6,15.0,0,15.0,"",82.5,82.5,199.0
300658,0,30008027,245,10.0,0,10.0,"",82.5,82.5,199.0
300660,0,30008027,245,10.0,0,10.0,"",82.5,82.5,199.0
300661,0,30008027,245,10.0,0,10.0,"",82.5,82.5,199.0
300665,0,30008028,6,15.0,0,15.0,"",82.5,82.5,199.0
300658,0,30008028,245,10.0,0,10.0,"",82.5,82.5,199.0
300660,0,30008028,245,10.0,0,10.0,"",82.5,82.5,199.0
300661,0,30008028,245,10.0,0,10.0,"",82.5,82.5,199.0
300665,0,30008029,6,30.0,0,30.0,"",82.5,82.5,199.0
300658,0,30008029,245,10.0,0,10.0,"",82.5,82.5,199.0
300660,0,30008029,245,10.0,0,10.0,"",82.5,82.5,199.0
300661,0,30008029,245,10.0,0,10.0,"",82.5,82.5,199.0
300665,0,30008030,6,30.0,0,30.0,"",82.5,82.5,199.0
300658,0,30008030,245,10.0,0,10.0,"",82.5,82.5,199.0
300660,0,30008030,245,10.0,0,10.0,"",82.5,82.5,199.0
300661,0,30008030,245,10.0,0,10.0,"",82.5,82.5,199.0
300665,0,30008031,6,15.0,0,15.0,"",82.5,82.5,199.0
300658,0,30008031,245,10.0,0,10.0,"",82.5,82.5,199.0
300660,0,30008031,245,10.0,0,10.0,"",82.5,82.5,199.0
300661,0,30008031,245,10.0,0,10.0,"",82.5,82.5,199.0
300665,0,30008032,6,15.0,0,15.0,"",82.5,82.5,199.0
300658,0,30008032,245,10.0,0,10.0,"",82.5,82.5,199.0
300660,0,30008032,245,10.0,0,10.0,"",82.5,82.5,199.0
300661,0,30008032,245,10.0,0,10.0,"",82.5,82.5,199.0
300665,0,30008033,6,30.0,0,30.0,"",82.5,82.5,199.0
300658,0,30008033,245,10.0,0,10.0,"",82.5,82.5,199.0
300660,0,30008033,245,10.0,0,10.0,"",82.5,82.5,199.0
300661,0,30008033,245,10.0,0,10.0,"",82.5,82.5,199.0
300665,0,30008034,6,30.0,0,30.0,"",82.5,82.5,199.0
300658,0,30008034,245,10.0,0,10.0,"",82.5,82.5,199.0
300660,0,30008034,245,10.0,0,10.0,"",82.5,82.5,199.0
300661,0,30008034,245,10.0,0,10.0,"",82.5,82.5,199.0
300665,0,30008035,6,15.0,0,15.0,"",82.5,82.5,199.0
300658,0,30008035,245,10.0,0,10.0,"",82.5,82.5,199.0
300660,0,30008035,245,10.0,0,10.0,"",82.5,82.5,199.0
300661,0,30008035,245,10.0,0,10.0,"",82.5,82.5,199.0
300665,0,30008036,6,15.0,0,15.0,"",82.5,82.5,199.0
300658,0,30008036,245,10.0,0,10.0,"",82.5,82.5,199.0
300660,0,30008036,245,10.0,0,10.0,"",82.5,82.5,199.0
300661,0,30008036,245,10.0,0,10.0,"",82.5,82.5,199.0
300665,0,30008037,6,30.0,0,30.0,"",82.5,82.5,199.0
300658,0,30008037,245,10.0,0,10.0,"",82.5,82.5,199.0
300660,0,30008037,245,10.0,0,10.0,"",82.5,82.5,199.0
300661,0,30008037,245,10.0,0,10.0,"",82.5,82.5,199.0
300667,0,30000002,351,50.0,0,50.0,"Y",560.0,560.0,1199.0
300667,0,30000003,351,50.0,0,50.0,"Y",560.0,560.0,1199.0
300667,0,30000004,351,50.0,0,50.0,"Y",560.0,560.0,1199.0
300668,0,30000005,245,50.0,0,50.0,"Y",560.0,560.0,1199.0
300668,0,30000006,245,20.0,0,20.0,"Y",560.0,560.0,1199.0
300669,0,30000007,6,30.0,0,30.0,"Y",560.0,560.0,1199.0
300670,0,30000008,1132,10.0,0,10.0,"Y",560.0,560.0,1199.0
300670,0,30000009,1132,40.0,0,40.0,"Y",560.0,560.0,1199.0
300670,0,30000010,1132,100.0,0,100.0,"Y",560.0,560.0,1199.0
300670,0,30000011,1132,100.0,0,100.0,"Y",560.0,560.0,1199.0
300671,0,30000013,138,10.0,0,10.0,"Y",500.0,500.0,999.0
300671,0,30000014,138,30.0,0,30.0,"Y",500.0,500.0,999.0
300672,0,30000015,15,40.0,0,40.0,"Y",500.0,500.0,999.0
300672,0,30000016,15,10.0,0,10.0,"Y",500.0,500.0,999.0
300672,0,30000017,15,20.0,0,20.0,"Y",500.0,500.0,999.0
300672,0,30000018,15,20.0,0,20.0,"Y",500.0,500.0,999.0
300676,0,30000002,1,4.0,0,4.0,"Y",560.0,560.0,1199.0
300676,0,30000002,6,6.0,0,6.0,"Y",560.0,560.0,1199.0
300676,0,30000003,1,4.0,0,4.0,"Y",560.0,560.0,1199.0
300676,0,30000003,6,6.0,0,6.0,"Y",560.0,560.0,1199.0
300677,0,30000004,3,5.0,0,5.0,"Y",560.0,560.0,1199.0
300677,0,30000005,3,5.0,0,5.0,"Y",560.0,560.0,1199.0
300677,0,30000006,3,5.0,0,5.0,"Y",560.0,560.0,1199.0
300678,0,30000009,1,10.0,0,10.0,"Y",560.0,560.0,1199.0
300680,0,30000002,2,2.0,0,2.0,"Y",560.0,560.0,1199.0
300680,0,30000002,3,8.0,0,8.0,"Y",560.0,560.0,1199.0
300680,0,30000004,2,1.0,0,1.0,"Y",560.0,560.0,1199.0
300680,0,30000004,3,4.0,0,4.0,"Y",560.0,560.0,1199.0
300681,0,30000010,15,9.0,0,9.0,"Y",560.0,560.0,1199.0
300681,0,30000010,9,11.0,0,11.0,"Y",560.0,560.0,1199.0
300681,0,30000011,15,4.0,0,4.0,"Y",560.0,560.0,1199.0
300681,0,30000011,9,6.0,0,6.0,"Y",560.0,560.0,1199.0
300683,0,30000008,6,5.0,0,5.0,"Y",560.0,560.0,1199.0
300684,0,30000009,14,5.0,0,5.0,"Y",560.0,560.0,1199.0
300684,0,30000010,14,5.0,0,5.0,"Y",560.0,560.0,1199.0
300685,0,30000002,28,1.0,0,1.0,"Y",560.0,560.0,1199.0
300685,0,30000002,32,1.0,0,1.0,"Y",560.0,560.0,1199.0
300685,0,30000003,28,1.0,0,1.0,"Y",560.0,560.0,1199.0
300685,0,30000003,32,1.0,0,1.0,"Y",560.0,560.0,1199.0
300694,0,30000002,3,20.0,0,20.0,"Y",560.0,560.0,1199.0
300694,0,30000002,245,10.0,0,10.0,"Y",560.0,560.0,1199.0
300694,0,30000003,3,20.0,0,20.0,"Y",560.0,560.0,1199.0
300694,0,30000003,245,10.0,0,10.0,"Y",560.0,560.0,1199.0
300695,0,30000002,3,20.0,0,20.0,"Y",560.0,560.0,1199.0
300695,0,30000002,245,20.0,0,20.0,"Y",560.0,560.0,1199.0
300695,0,30000003,3,20.0,0,20.0,"Y",560.0,560.0,1199.0
300695,0,30000003,245,20.0,0,20.0,"Y",560.0,560.0,1199.0
300696,0,30000002,3,30.0,0,30.0,"Y",560.0,560.0,1199.0
300696,0,30000002,245,30.0,0,30.0,"Y",560.0,560.0,1199.0
300696,0,30000003,3,30.0,0,30.0,"Y",560.0,560.0,1199.0
300696,0,30000003,245,30.0,0,30.0,"Y",560.0,560.0,1199.0
300697,0,30000002,3,30.0,0,30.0,"Y",560.0,560.0,1199.0
300697,0,30000002,245,30.0,0,30.0,"Y",560.0,560.0,1199.0
300697,0,30000003,3,30.0,0,30.0,"Y",560.0,560.0,1199.0
300697,0,30000003,245,30.0,0,30.0,"Y",560.0,560.0,1199.0
300694,0,30000002,3,20.0,0,20.0,"Y",560.0,560.0,1199.0
300694,0,30000002,245,10.0,0,10.0,"Y",560.0,560.0,1199.0
300694,0,30000003,3,20.0,0,20.0,"Y",560.0,560.0,1199.0
300694,0,30000003,245,10.0,0,10.0,"Y",560.0,560.0,1199.0
300695,0,30000002,3,20.0,0,20.0,"Y",560.0,560.0,1199.0
300695,0,30000002,245,20.0,0,20.0,"Y",560.0,560.0,1199.0
300695,0,30000003,3,20.0,0,20.0,"Y",560.0,560.0,1199.0
300695,0,30000003,245,20.0,0,20.0,"Y",560.0,560.0,1199.0
300696,0,30000002,3,30.0,0,30.0,"Y",560.0,560.0,1199.0
300696,0,30000002,245,30.0,0,30.0,"Y",560.0,560.0,1199.0
300696,0,30000003,3,30.0,0,30.0,"Y",560.0,560.0,1199.0
300696,0,30000003,245,30.0,0,30.0,"Y",560.0,560.0,1199.0
300697,0,30000002,3,30.0,0,30.0,"Y",560.0,560.0,1199.0
300697,0,30000002,245,30.0,0,30.0,"Y",560.0,560.0,1199.0
300697,0,30000003,3,30.0,0,30.0,"Y",560.0,560.0,1199.0
300697,0,30000003,245,30.0,0,30.0,"Y",560.0,560.0,1199.0
300702,0,30000002,3,20.0,0,20.0,"Y",560.0,560.0,1199.0
300702,0,30000002,245,10.0,0,10.0,"Y",560.0,560.0,1199.0
300702,0,30000003,3,20.0,0,20.0,"Y",560.0,560.0,1199.0
300702,0,30000003,245,10.0,0,10.0,"Y",560.0,560.0,1199.0
300703,0,30000002,3,20.0,0,20.0,"Y",560.0,560.0,1199.0
300703,0,30000002,245,20.0,0,20.0,"Y",560.0,560.0,1199.0
300703,0,30000003,3,20.0,0,20.0,"Y",560.0,560.0,1199.0
300703,0,30000003,245,20.0,0,20.0,"Y",560.0,560.0,1199.0
300704,0,30000002,3,30.0,0,30.0,"Y",560.0,560.0,1199.0
300704,0,30000002,245,30.0,0,30.0,"Y",560.0,560.0,1199.0
300704,0,30000003,3,30.0,0,30.0,"Y",560.0,560.0,1199.0
300704,0,30000003,245,30.0,0,30.0,"Y",560.0,560.0,1199.0
300705,0,30000002,3,20.0,0,20.0,"Y",560.0,560.0,1199.0
300705,0,30000002,245,10.0,0,10.0,"Y",560.0,560.0,1199.0
300705,0,30000003,3,20.0,0,20.0,"Y",560.0,560.0,1199.0
300705,0,30000003,245,10.0,0,10.0,"Y",560.0,560.0,1199.0
300706,0,30000002,3,20.0,0,20.0,"Y",560.0,560.0,1199.0
300706,0,30000002,245,20.0,0,20.0,"Y",560.0,560.0,1199.0
300706,0,30000003,3,20.0,0,20.0,"Y",560.0,560.0,1199.0
300706,0,30000003,245,20.0,0,20.0,"Y",560.0,560.0,1199.0
300707,0,30000002,3,30.0,0,30.0,"Y",560.0,560.0,1199.0
300707,0,30000002,245,30.0,0,30.0,"Y",560.0,560.0,1199.0
300707,0,30000003,3,30.0,0,30.0,"Y",560.0,560.0,1199.0
300707,0,30000003,245,30.0,0,30.0,"Y",560.0,560.0,1199.0
3431606,0,14082860,1,20.0,0,20.0,"Y",128.0,128.0,229.0
3431606,0,14082860,6,20.0,0,20.0,"Y",128.0,128.0,229.0
3431606,0,14082861,1,20.0,0,20.0,"Y",78.0,78.0,169.0
3431606,0,14082861,6,20.0,0,20.0,"Y",78.0,78.0,169.0
3431607,0,14082860,1,20.0,0,20.0,"Y",128.0,128.0,229.0
3431607,0,14082860,6,20.0,0,20.0,"Y",128.0,128.0,229.0
3431607,0,14082861,1,20.0,0,20.0,"Y",78.0,78.0,169.0
3431607,0,14082861,6,20.0,0,20.0,"Y",78.0,78.0,169.0
3431608,0,14082860,1,20.0,0,20.0,"Y",128.0,128.0,229.0
3431608,0,14082860,6,20.0,0,20.0,"Y",128.0,128.0,229.0
3431608,0,14082861,1,20.0,0,20.0,"Y",78.0,78.0,169.0
3431608,0,14082861,6,20.0,0,20.0,"Y",78.0,78.0,169.0
3431609,0,14082860,1,20.0,0,20.0,"Y",128.0,128.0,229.0
3431609,0,14082860,6,20.0,0,20.0,"Y",128.0,128.0,229.0
3431609,0,14082861,1,20.0,0,20.0,"Y",78.0,78.0,169.0
3431609,0,14082861,6,20.0,0,20.0,"Y",78.0,78.0,169.0
3431610,0,14082860,1,20.0,0,20.0,"Y",128.0,128.0,229.0
3431610,0,14082860,6,20.0,0,20.0,"Y",128.0,128.0,229.0
3431610,0,14082861,1,20.0,0,20.0,"Y",78.0,78.0,169.0
3431610,0,14082861,6,20.0,0,20.0,"Y",78.0,78.0,169.0
3431606,0,14082860,1,20.0,0,20.0,"Y",128.0,128.0,229.0
3431606,0,14082860,6,20.0,0,20.0,"Y",128.0,128.0,229.0
3431606,0,14082861,1,20.0,0,20.0,"Y",78.0,78.0,169.0
3431606,0,14082861,6,20.0,0,20.0,"Y",78.0,78.0,169.0
3431607,0,14082860,1,20.0,0,20.0,"Y",128.0,128.0,229.0
3431607,0,14082860,6,20.0,0,20.0,"Y",128.0,128.0,229.0
3431607,0,14082861,1,20.0,0,20.0,"Y",78.0,78.0,169.0
3431607,0,14082861,6,20.0,0,20.0,"Y",78.0,78.0,169.0
3431608,0,14082860,1,20.0,0,20.0,"Y",128.0,128.0,229.0
3431608,0,14082860,6,20.0,0,20.0,"Y",128.0,128.0,229.0
3431608,0,14082861,1,20.0,0,20.0,"Y",78.0,78.0,169.0
3431608,0,14082861,6,20.0,0,20.0,"Y",78.0,78.0,169.0
3431609,0,14082860,1,20.0,0,20.0,"Y",128.0,128.0,229.0
3431609,0,14082860,6,20.0,0,20.0,"Y",128.0,128.0,229.0
3431609,0,14082861,1,20.0,0,20.0,"Y",78.0,78.0,169.0
3431609,0,14082861,6,20.0,0,20.0,"Y",78.0,78.0,169.0
3431610,0,14082860,1,20.0,0,20.0,"Y",128.0,128.0,229.0
3431610,0,14082860,6,20.0,0,20.0,"Y",128.0,128.0,229.0
3431610,0,14082861,1,20.0,0,20.0,"Y",78.0,78.0,169.0
3431610,0,14082861,6,20.0,0,20.0,"Y",78.0,78.0,169.0
3431611,0,14120846,1,10.0,0,10.0,"Y",440.0,440.0,999.0
3431611,0,14120851,1,10.0,0,10.0,"Y",440.0,440.0,999.0
3431611,0,14120856,1,10.0,0,10.0,"Y",440.0,440.0,999.0
3431611,0,14120861,1,10.0,0,10.0,"Y",440.0,440.0,999.0
3431611,0,14120846,6,10.0,0,10.0,"Y",440.0,440.0,999.0
3431611,0,14120851,6,10.0,0,10.0,"Y",440.0,440.0,999.0
3431611,0,14120856,6,10.0,0,10.0,"Y",440.0,440.0,999.0
3431611,0,14120861,6,10.0,0,10.0,"Y",440.0,440.0,999.0
3431611,0,14120846,15,10.0,0,10.0,"Y",440.0,440.0,999.0
3431611,0,14120851,15,10.0,0,10.0,"Y",440.0,440.0,999.0
3431611,0,14120856,15,10.0,0,10.0,"Y",440.0,440.0,999.0
3431611,0,14120861,15,10.0,0,10.0,"Y",440.0,440.0,999.0
3431611,0,14120846,277,10.0,0,10.0,"Y",440.0,440.0,999.0
3431611,0,14120851,277,10.0,0,10.0,"Y",440.0,440.0,999.0
3431611,0,14120856,277,10.0,0,10.0,"Y",440.0,440.0,999.0
3431611,0,14120861,277,10.0,0,10.0,"Y",440.0,440.0,999.0
3431611,0,14120846,448,10.0,0,10.0,"Y",440.0,440.0,999.0
3431611,0,14120851,448,10.0,0,10.0,"Y",440.0,440.0,999.0
3431611,0,14120856,448,10.0,0,10.0,"Y",440.0,440.0,999.0
3431611,0,14120861,448,10.0,0,10.0,"Y",440.0,440.0,999.0
3431611,0,14120846,855,10.0,0,10.0,"Y",440.0,440.0,999.0
3431611,0,14120851,855,10.0,0,10.0,"Y",440.0,440.0,999.0
3431611,0,14120856,855,10.0,0,10.0,"Y",440.0,440.0,999.0
3431611,0,14120861,855,10.0,0,10.0,"Y",440.0,440.0,999.0
3431611,0,14120846,1268,10.0,0,10.0,"Y",440.0,440.0,999.0
3431611,0,14120851,1268,10.0,0,10.0,"Y",440.0,440.0,999.0
3431611,0,14120856,1268,10.0,0,10.0,"Y",440.0,440.0,999.0
3431611,0,14120861,1268,10.0,0,10.0,"Y",440.0,440.0,999.0
3431611,0,14120846,1896,10.0,0,10.0,"Y",440.0,440.0,999.0
3431611,0,14120847,1896,10.0,0,10.0,"Y",440.0,440.0,999.0
3431611,0,14120851,1896,10.0,0,10.0,"Y",440.0,440.0,999.0
3431611,0,14120852,1896,10.0,0,10.0,"Y",440.0,440.0,999.0
3431611,0,14120856,1896,10.0,0,10.0,"Y",440.0,440.0,999.0
3431611,0,14120857,1896,10.0,0,10.0,"Y",440.0,440.0,999.0
3431611,0,14120861,1896,10.0,0,10.0,"Y",440.0,440.0,999.0
3431611,0,14120862,1896,10.0,0,10.0,"Y",440.0,440.0,999.0
3431611,0,14120846,1,10.0,0,10.0,"Y",440.0,440.0,999.0
3431611,0,14120851,1,10.0,0,10.0,"Y",440.0,440.0,999.0
3431611,0,14120856,1,10.0,0,10.0,"Y",440.0,440.0,999.0
3431611,0,14120861,1,10.0,0,10.0,"Y",440.0,440.0,999.0
3431611,0,14120846,6,10.0,0,10.0,"Y",440.0,440.0,999.0
3431611,0,14120851,6,10.0,0,10.0,"Y",440.0,440.0,999.0
3431611,0,14120856,6,10.0,0,10.0,"Y",440.0,440.0,999.0
3431611,0,14120861,6,10.0,0,10.0,"Y",440.0,440.0,999.0
3431611,0,14120846,15,10.0,0,10.0,"Y",440.0,440.0,999.0
3431611,0,14120851,15,10.0,0,10.0,"Y",440.0,440.0,999.0
3431611,0,14120856,15,10.0,0,10.0,"Y",440.0,440.0,999.0
3431611,0,14120861,15,10.0,0,10.0,"Y",440.0,440.0,999.0
3431611,0,14120846,277,10.0,0,10.0,"Y",440.0,440.0,999.0
3431611,0,14120851,277,10.0,0,10.0,"Y",440.0,440.0,999.0
3431611,0,14120856,277,10.0,0,10.0,"Y",440.0,440.0,999.0
3431611,0,14120861,277,10.0,0,10.0,"Y",440.0,440.0,999.0
3431611,0,14120846,448,10.0,0,10.0,"Y",440.0,440.0,999.0
3431611,0,14120851,448,10.0,0,10.0,"Y",440.0,440.0,999.0
3431611,0,14120856,448,10.0,0,10.0,"Y",440.0,440.0,999.0
3431611,0,14120861,448,10.0,0,10.0,"Y",440.0,440.0,999.0
3431611,0,14120846,855,10.0,0,10.0,"Y",440.0,440.0,999.0
3431611,0,14120851,855,10.0,0,10.0,"Y",440.0,440.0,999.0
3431611,0,14120856,855,10.0,0,10.0,"Y",440.0,440.0,999.0
3431611,0,14120861,855,10.0,0,10.0,"Y",440.0,440.0,999.0
3431611,0,14120846,1268,10.0,0,10.0,"Y",440.0,440.0,999.0
3431611,0,14120851,1268,10.0,0,10.0,"Y",440.0,440.0,999.0
3431611,0,14120856,1268,10.0,0,10.0,"Y",440.0,440.0,999.0
3431611,0,14120861,1268,10.0,0,10.0,"Y",440.0,440.0,999.0
3431611,0,14120846,1896,10.0,0,10.0,"Y",440.0,440.0,999.0
3431611,0,14120847,1896,10.0,0,10.0,"Y",440.0,440.0,999.0
3431611,0,14120851,1896,10.0,0,10.0,"Y",440.0,440.0,999.0
3431611,0,14120852,1896,10.0,0,10.0,"Y",440.0,440.0,999.0
3431611,0,14120856,1896,10.0,0,10.0,"Y",440.0,440.0,999.0
3431611,0,14120857,1896,10.0,0,10.0,"Y",440.0,440.0,999.0
3431611,0,14120861,1896,10.0,0,10.0,"Y",440.0,440.0,999.0
3431611,0,14120862,1896,10.0,0,10.0,"Y",440.0,440.0,999.0
3431614,0,30286153,2,1000.0,0,1000.0,"Y",399.75,399.75,599.75
3431616,0,30286153,2,90.0,0,90.0,"Y",399.75,399.75,599.75
3431616,0,30286153,5,182.0,0,182.0,"Y",399.75,399.75,599.75
3431616,0,30286153,46,182.0,0,182.0,"Y",399.75,399.75,599.75
3431616,0,30286153,228,182.0,0,182.0,"Y",399.75,399.75,599.75
3431616,0,30286153,9,364.0,0,364.0,"Y",399.75,399.75,599.75
3431614,0,30286153,2,1000.0,0,1000.0,"Y",399.75,399.75,599.75
3431616,0,30286153,2,90.0,0,90.0,"Y",399.75,399.75,599.75
3431616,0,30286153,5,182.0,0,182.0,"Y",399.75,399.75,599.75
3431616,0,30286153,46,182.0,0,182.0,"Y",399.75,399.75,599.75
3431616,0,30286153,228,182.0,0,182.0,"Y",399.75,399.75,599.75
3431616,0,30286153,9,364.0,0,364.0,"Y",399.75,399.75,599.75
3431619,0,30286153,2,1000.0,0,1000.0,"Y",399.75,399.75,599.75
3431619,0,30286156,2,1000.0,0,1000.0,"Y",499.75,499.75,599.75
3431625,0,30286153,2,90.0,0,90.0,"Y",399.75,399.75,599.75
3431625,0,30286153,5,182.0,0,182.0,"Y",399.75,399.75,599.75
3431625,0,30286153,46,182.0,0,182.0,"Y",399.75,399.75,599.75
3431625,0,30286153,228,182.0,0,182.0,"Y",399.75,399.75,599.75
3431625,0,30286153,9,364.0,0,364.0,"Y",399.75,399.75,599.75
3431635,0,30286153,1,1000.0,0,1000.0,"Y",399.75,399.75,599.75
3431643,0,80001037,2,4.0,0,4.0,"Y",948.27,948.27,1299.0
3431643,0,80001037,3,5.0,0,5.0,"Y",948.27,948.27,1299.0
3431643,0,80001038,2,1.0,0,1.0,"Y",948.27,948.27,1299.0
3431643,0,80001038,3,4.0,0,4.0,"Y",948.27,948.27,1299.0
3431643,0,80001038,1,2.0,0,2.0,"Y",948.27,948.27,1299.0
3431619,0,30286153,2,1000.0,0,1000.0,"Y",399.75,399.75,599.75
3431619,0,30286156,2,1000.0,0,1000.0,"Y",499.75,499.75,599.75
3431625,0,30286153,2,90.0,0,90.0,"Y",399.75,399.75,599.75
3431625,0,30286153,5,182.0,0,182.0,"Y",399.75,399.75,599.75
3431625,0,30286153,46,182.0,0,182.0,"Y",399.75,399.75,599.75
3431625,0,30286153,228,182.0,0,182.0,"Y",399.75,399.75,599.75
3431625,0,30286153,9,364.0,0,364.0,"Y",399.75,399.75,599.75
3431635,0,30286153,1,1000.0,0,1000.0,"Y",399.75,399.75,599.75
3431643,0,80001037,2,4.0,0,4.0,"Y",948.27,948.27,1299.0
3431643,0,80001037,3,5.0,0,5.0,"Y",948.27,948.27,1299.0
3431643,0,80001038,2,1.0,0,1.0,"Y",948.27,948.27,1299.0
3431643,0,80001038,3,4.0,0,4.0,"Y",948.27,948.27,1299.0
3431643,0,80001038,1,2.0,0,2.0,"Y",948.27,948.27,1299.0
3431651,0,30286153,2,90.0,0,90.0,"Y",399.75,399.75,599.75
3431651,0,30286153,5,182.0,0,182.0,"Y",399.75,399.75,599.75
3431651,0,30286153,46,182.0,0,182.0,"Y",399.75,399.75,599.75
3431651,0,30286153,228,182.0,0,182.0,"Y",399.75,399.75,599.75
3431651,0,30286153,9,364.0,0,364.0,"Y",399.75,399.75,599.75
3431651,0,30286153,2,90.0,0,90.0,"Y",399.75,399.75,599.75
3431651,0,30286153,5,182.0,0,182.0,"Y",399.75,399.75,599.75
3431651,0,30286153,46,182.0,0,182.0,"Y",399.75,399.75,599.75
3431651,0,30286153,228,182.0,0,182.0,"Y",399.75,399.75,599.75
3431651,0,30286153,9,364.0,0,364.0,"Y",399.75,399.75,599.75
3431762,0,30006600,14,1000.0,0,1000.0,"Y",420.0,420.0,899.75
3431761,0,30006600,14,1000.0,0,1000.0,"Y",420.0,420.0,899.75
3431764,0,30006600,142,142.0,0,142.0,"Y",420.0,420.0,899.75
3431764,0,30006600,241,286.0,0,286.0,"Y",420.0,420.0,899.75
3431764,0,30006600,1887,286.0,0,286.0,"Y",420.0,420.0,899.75
3431764,0,30006600,1888,286.0,0,286.0,"Y",420.0,420.0,899.75
3431765,0,30006600,145,181.0,0,181.0,"Y",420.0,420.0,899.75
3431765,0,30006600,432,182.0,0,182.0,"Y",420.0,420.0,899.75
3431765,0,30006600,1887,182.0,0,182.0,"Y",420.0,420.0,899.75
3431765,0,30006600,1888,182.0,0,182.0,"Y",420.0,420.0,899.75
3431765,0,30006600,14,273.0,0,273.0,"Y",420.0,420.0,899.75
3431763,0,30006600,145,181.0,0,181.0,"Y",420.0,420.0,899.75
3431763,0,30006600,241,182.0,0,182.0,"Y",420.0,420.0,899.75
3431763,0,30006600,1887,182.0,0,182.0,"Y",420.0,420.0,899.75
3431763,0,30006600,1888,182.0,0,182.0,"Y",420.0,420.0,899.75
3431763,0,30006600,14,273.0,0,273.0,"Y",420.0,420.0,899.75
3431768,0,30286212,14,1000.0,0,1000.0,"Y",500.0,500.0,1000.0
3431770,0,30286212,145,181.0,0,181.0,"Y",500.0,500.0,1000.0
3431770,0,30286212,241,182.0,0,182.0,"Y",500.0,500.0,1000.0
3431770,0,30286212,1887,182.0,0,182.0,"Y",500.0,500.0,1000.0
3431770,0,30286212,1888,182.0,0,182.0,"Y",500.0,500.0,1000.0
3431770,0,30286212,14,273.0,0,273.0,"Y",500.0,500.0,1000.0
3431771,0,30286212,145,181.0,0,181.0,"Y",500.0,500.0,1000.0
3431771,0,30286212,241,182.0,0,182.0,"Y",500.0,500.0,1000.0
3431771,0,30286212,1887,182.0,0,182.0,"Y",500.0,500.0,1000.0
3431771,0,30286212,1888,182.0,0,182.0,"Y",500.0,500.0,1000.0
3431771,0,30286212,14,273.0,0,273.0,"Y",500.0,500.0,1000.0
3431786,0,30006600,145,181.0,0,181.0,"Y",420.0,420.0,899.75
3431786,0,30006600,241,182.0,0,182.0,"Y",420.0,420.0,899.75
3431786,0,30006600,1887,182.0,0,182.0,"Y",420.0,420.0,899.75
3431786,0,30006600,1888,182.0,0,182.0,"Y",420.0,420.0,899.75
3431786,0,30006600,14,273.0,0,273.0,"Y",420.0,420.0,899.75
3431785,0,30006600,145,181.0,0,181.0,"Y",420.0,420.0,899.75
3431785,0,30006600,241,182.0,0,182.0,"Y",420.0,420.0,899.75
3431785,0,30006600,1887,182.0,0,182.0,"Y",420.0,420.0,899.75
3431785,0,30006600,1888,182.0,0,182.0,"Y",420.0,420.0,899.75
3431785,0,30006600,14,273.0,0,273.0,"Y",420.0,420.0,899.75
3431789,0,30006600,145,181.0,0,181.0,"Y",420.0,420.0,899.75
3431789,0,30006600,241,182.0,0,182.0,"Y",420.0,420.0,899.75
3431789,0,30006600,1887,182.0,0,182.0,"Y",420.0,420.0,899.75
3431789,0,30006600,1888,182.0,0,182.0,"Y",420.0,420.0,899.75
3431789,0,30006600,14,273.0,0,273.0,"Y",420.0,420.0,899.75
3431790,0,30006600,145,181.0,0,181.0,"Y",420.0,420.0,899.75
3431790,0,30006600,241,182.0,0,182.0,"Y",420.0,420.0,899.75
3431790,0,30006600,1887,182.0,0,182.0,"Y",420.0,420.0,899.75
3431790,0,30006600,1888,182.0,0,182.0,"Y",420.0,420.0,899.75
3431790,0,30006600,14,273.0,0,273.0,"Y",420.0,420.0,899.75
3431794,0,30006600,145,181.0,0,181.0,"Y",420.0,420.0,899.75
3431794,0,30006600,241,182.0,0,182.0,"Y",420.0,420.0,899.75
3431794,0,30006600,1887,182.0,0,182.0,"Y",420.0,420.0,899.75
3431794,0,30006600,1888,182.0,0,182.0,"Y",420.0,420.0,899.75
3431794,0,30006600,14,273.0,0,273.0,"Y",420.0,420.0,899.75
3431793,0,30006600,145,181.0,0,181.0,"Y",420.0,420.0,899.75
3431793,0,30006600,241,182.0,0,182.0,"Y",420.0,420.0,899.75
3431793,0,30006600,1887,182.0,0,182.0,"Y",420.0,420.0,899.75
3431793,0,30006600,1888,182.0,0,182.0,"Y",420.0,420.0,899.75
3431793,0,30006600,14,273.0,0,273.0,"Y",420.0,420.0,899.75
3431795,0,90000750,145,181.0,0,181.0,"Y",56.43,56.43,79.75
3431795,0,90000750,241,182.0,0,182.0,"Y",56.43,56.43,79.75
3431795,0,90000750,1887,182.0,0,182.0,"Y",56.43,56.43,79.75
3431795,0,90000750,1888,182.0,0,182.0,"Y",56.43,56.43,79.75
3431795,0,90000750,14,273.0,0,273.0,"Y",56.43,56.43,79.75
3431816,0,30006600,145,181.0,0,181.0,"Y",420.0,420.0,899.75
3431816,0,30006600,241,182.0,0,182.0,"Y",420.0,420.0,899.75
3431816,0,30006600,1887,182.0,0,182.0,"Y",420.0,420.0,899.75
3431816,0,30006600,1888,182.0,0,182.0,"Y",420.0,420.0,899.75
3431816,0,30006600,14,273.0,0,273.0,"Y",420.0,420.0,899.75
3431815,0,30006600,99,153.0,0,153.0,"Y",420.0,420.0,899.75
3431815,0,30006600,145,154.0,0,154.0,"Y",420.0,420.0,899.75
3431815,0,30006600,241,154.0,0,154.0,"Y",420.0,420.0,899.75
3431815,0,30006600,1887,154.0,0,154.0,"Y",420.0,420.0,899.75
3431815,0,30006600,1888,154.0,0,154.0,"Y",420.0,420.0,899.75
3431815,0,30006600,14,231.0,0,231.0,"Y",420.0,420.0,899.75
3431818,0,30006600,145,181.0,0,181.0,"Y",420.0,420.0,899.75
3431818,0,30006600,241,182.0,0,182.0,"Y",420.0,420.0,899.75
3431818,0,30006600,1887,182.0,0,182.0,"Y",420.0,420.0,899.75
3431818,0,30006600,1888,182.0,0,182.0,"Y",420.0,420.0,899.75
3431818,0,30006600,14,273.0,0,273.0,"Y",420.0,420.0,899.75
3431818,0,30006601,145,181.0,0,181.0,"Y",420.0,420.0,899.75
3431818,0,30006601,241,182.0,0,182.0,"Y",420.0,420.0,899.75
3431818,0,30006601,1887,182.0,0,182.0,"Y",420.0,420.0,899.75
3431818,0,30006601,1888,182.0,0,182.0,"Y",420.0,420.0,899.75
3431818,0,30006601,14,273.0,0,273.0,"Y",420.0,420.0,899.75
3431819,0,30006600,145,181.0,0,181.0,"Y",420.0,420.0,899.75
3431819,0,30006600,241,182.0,0,182.0,"Y",420.0,420.0,899.75
3431819,0,30006600,1887,182.0,0,182.0,"Y",420.0,420.0,899.75
3431819,0,30006600,1888,182.0,0,182.0,"Y",420.0,420.0,899.75
3431819,0,30006600,14,273.0,0,273.0,"Y",420.0,420.0,899.75
3431821,0,30006600,145,181.0,0,181.0,"Y",420.0,420.0,899.75
3431821,0,30006600,241,182.0,0,182.0,"Y",420.0,420.0,899.75
3431821,0,30006600,1887,182.0,0,182.0,"Y",420.0,420.0,899.75
3431821,0,30006600,1888,182.0,0,182.0,"Y",420.0,420.0,899.75
3431821,0,30006600,14,273.0,0,273.0,"Y",420.0,420.0,899.75
3431823,0,30006600,145,181.0,0,181.0,"Y",420.0,420.0,899.75
3431823,0,30006600,241,182.0,0,182.0,"Y",420.0,420.0,899.75
3431823,0,30006600,1887,182.0,0,182.0,"Y",420.0,420.0,899.75
3431823,0,30006600,1888,182.0,0,182.0,"Y",420.0,420.0,899.75
3431823,0,30006600,14,273.0,0,273.0,"Y",420.0,420.0,899.75
3431826,0,30006600,145,181.0,0,181.0,"Y",420.0,420.0,899.75
3431826,0,30006600,241,182.0,0,182.0,"Y",420.0,420.0,899.75
3431826,0,30006600,1887,182.0,0,182.0,"Y",420.0,420.0,899.75
3431826,0,30006600,1888,182.0,0,182.0,"Y",420.0,420.0,899.75
3431826,0,30006600,14,273.0,0,273.0,"Y",420.0,420.0,899.75
3431832,0,30006600,145,181.0,0,181.0,"Y",420.0,420.0,899.75
3431832,0,30006600,241,182.0,0,182.0,"Y",420.0,420.0,899.75
3431832,0,30006600,1887,182.0,0,182.0,"Y",420.0,420.0,899.75
3431832,0,30006600,1888,182.0,0,182.0,"Y",420.0,420.0,899.75
3431832,0,30006600,14,273.0,0,273.0,"Y",420.0,420.0,899.75
3431834,0,30006600,145,181.0,0,181.0,"Y",420.0,420.0,899.75
3431834,0,30006600,241,182.0,0,182.0,"Y",420.0,420.0,899.75
3431834,0,30006600,1887,182.0,0,182.0,"Y",420.0,420.0,899.75
3431834,0,30006600,1888,182.0,0,182.0,"Y",420.0,420.0,899.75
3431834,0,30006600,14,273.0,0,273.0,"Y",420.0,420.0,899.75
3431841,0,30006600,14,1000.0,0,1000.0,"Y",420.0,420.0,899.75
3431840,0,30006600,14,1000.0,0,1000.0,"Y",420.0,420.0,899.75
3431762,0,30006600,14,1000.0,0,1000.0,"Y",420.0,420.0,899.75
3431761,0,30006600,14,1000.0,0,1000.0,"Y",420.0,420.0,899.75
3431764,0,30006600,142,142.0,0,142.0,"Y",420.0,420.0,899.75
3431764,0,30006600,241,286.0,0,286.0,"Y",420.0,420.0,899.75
3431764,0,30006600,1887,286.0,0,286.0,"Y",420.0,420.0,899.75
3431764,0,30006600,1888,286.0,0,286.0,"Y",420.0,420.0,899.75
3431765,0,30006600,145,181.0,0,181.0,"Y",420.0,420.0,899.75
3431765,0,30006600,432,182.0,0,182.0,"Y",420.0,420.0,899.75
3431765,0,30006600,1887,182.0,0,182.0,"Y",420.0,420.0,899.75
3431765,0,30006600,1888,182.0,0,182.0,"Y",420.0,420.0,899.75
3431765,0,30006600,14,273.0,0,273.0,"Y",420.0,420.0,899.75
3431763,0,30006600,145,181.0,0,181.0,"Y",420.0,420.0,899.75
3431763,0,30006600,241,182.0,0,182.0,"Y",420.0,420.0,899.75
3431763,0,30006600,1887,182.0,0,182.0,"Y",420.0,420.0,899.75
3431763,0,30006600,1888,182.0,0,182.0,"Y",420.0,420.0,899.75
3431763,0,30006600,14,273.0,0,273.0,"Y",420.0,420.0,899.75
3431768,0,30286212,14,1000.0,0,1000.0,"Y",500.0,500.0,1000.0
3431770,0,30286212,145,181.0,0,181.0,"Y",500.0,500.0,1000.0
3431770,0,30286212,241,182.0,0,182.0,"Y",500.0,500.0,1000.0
3431770,0,30286212,1887,182.0,0,182.0,"Y",500.0,500.0,1000.0
3431770,0,30286212,1888,182.0,0,182.0,"Y",500.0,500.0,1000.0
3431770,0,30286212,14,273.0,0,273.0,"Y",500.0,500.0,1000.0
3431771,0,30286212,145,181.0,0,181.0,"Y",500.0,500.0,1000.0
3431771,0,30286212,241,182.0,0,182.0,"Y",500.0,500.0,1000.0
3431771,0,30286212,1887,182.0,0,182.0,"Y",500.0,500.0,1000.0
3431771,0,30286212,1888,182.0,0,182.0,"Y",500.0,500.0,1000.0
3431771,0,30286212,14,273.0,0,273.0,"Y",500.0,500.0,1000.0
3431786,0,30006600,145,181.0,0,181.0,"Y",420.0,420.0,899.75
3431786,0,30006600,241,182.0,0,182.0,"Y",420.0,420.0,899.75
3431786,0,30006600,1887,182.0,0,182.0,"Y",420.0,420.0,899.75
3431786,0,30006600,1888,182.0,0,182.0,"Y",420.0,420.0,899.75
3431786,0,30006600,14,273.0,0,273.0,"Y",420.0,420.0,899.75
3431785,0,30006600,145,181.0,0,181.0,"Y",420.0,420.0,899.75
3431785,0,30006600,241,182.0,0,182.0,"Y",420.0,420.0,899.75
3431785,0,30006600,1887,182.0,0,182.0,"Y",420.0,420.0,899.75
3431785,0,30006600,1888,182.0,0,182.0,"Y",420.0,420.0,899.75
3431785,0,30006600,14,273.0,0,273.0,"Y",420.0,420.0,899.75
3431789,0,30006600,145,181.0,0,181.0,"Y",420.0,420.0,899.75
3431789,0,30006600,241,182.0,0,182.0,"Y",420.0,420.0,899.75
3431789,0,30006600,1887,182.0,0,182.0,"Y",420.0,420.0,899.75
3431789,0,30006600,1888,182.0,0,182.0,"Y",420.0,420.0,899.75
3431789,0,30006600,14,273.0,0,273.0,"Y",420.0,420.0,899.75
3431790,0,30006600,145,181.0,0,181.0,"Y",420.0,420.0,899.75
3431790,0,30006600,241,182.0,0,182.0,"Y",420.0,420.0,899.75
3431790,0,30006600,1887,182.0,0,182.0,"Y",420.0,420.0,899.75
3431790,0,30006600,1888,182.0,0,182.0,"Y",420.0,420.0,899.75
3431790,0,30006600,14,273.0,0,273.0,"Y",420.0,420.0,899.75
3431794,0,30006600,145,181.0,0,181.0,"Y",420.0,420.0,899.75
3431794,0,30006600,241,182.0,0,182.0,"Y",420.0,420.0,899.75
3431794,0,30006600,1887,182.0,0,182.0,"Y",420.0,420.0,899.75
3431794,0,30006600,1888,182.0,0,182.0,"Y",420.0,420.0,899.75
3431794,0,30006600,14,273.0,0,273.0,"Y",420.0,420.0,899.75
3431793,0,30006600,145,181.0,0,181.0,"Y",420.0,420.0,899.75
3431793,0,30006600,241,182.0,0,182.0,"Y",420.0,420.0,899.75
3431793,0,30006600,1887,182.0,0,182.0,"Y",420.0,420.0,899.75
3431793,0,30006600,1888,182.0,0,182.0,"Y",420.0,420.0,899.75
3431793,0,30006600,14,273.0,0,273.0,"Y",420.0,420.0,899.75
3431795,0,90000750,145,181.0,0,181.0,"Y",56.43,56.43,79.75
3431795,0,90000750,241,182.0,0,182.0,"Y",56.43,56.43,79.75
3431795,0,90000750,1887,182.0,0,182.0,"Y",56.43,56.43,79.75
3431795,0,90000750,1888,182.0,0,182.0,"Y",56.43,56.43,79.75
3431795,0,90000750,14,273.0,0,273.0,"Y",56.43,56.43,79.75
3431816,0,30006600,145,181.0,0,181.0,"Y",420.0,420.0,899.75
3431816,0,30006600,241,182.0,0,182.0,"Y",420.0,420.0,899.75
3431816,0,30006600,1887,182.0,0,182.0,"Y",420.0,420.0,899.75
3431816,0,30006600,1888,182.0,0,182.0,"Y",420.0,420.0,899.75
3431816,0,30006600,14,273.0,0,273.0,"Y",420.0,420.0,899.75
3431815,0,30006600,99,153.0,0,153.0,"Y",420.0,420.0,899.75
3431815,0,30006600,145,154.0,0,154.0,"Y",420.0,420.0,899.75
3431815,0,30006600,241,154.0,0,154.0,"Y",420.0,420.0,899.75
3431815,0,30006600,1887,154.0,0,154.0,"Y",420.0,420.0,899.75
3431815,0,30006600,1888,154.0,0,154.0,"Y",420.0,420.0,899.75
3431815,0,30006600,14,231.0,0,231.0,"Y",420.0,420.0,899.75
3431818,0,30006600,145,181.0,0,181.0,"Y",420.0,420.0,899.75
3431818,0,30006600,241,182.0,0,182.0,"Y",420.0,420.0,899.75
3431818,0,30006600,1887,182.0,0,182.0,"Y",420.0,420.0,899.75
3431818,0,30006600,1888,182.0,0,182.0,"Y",420.0,420.0,899.75
3431818,0,30006600,14,273.0,0,273.0,"Y",420.0,420.0,899.75
3431818,0,30006601,145,181.0,0,181.0,"Y",420.0,420.0,899.75
3431818,0,30006601,241,182.0,0,182.0,"Y",420.0,420.0,899.75
3431818,0,30006601,1887,182.0,0,182.0,"Y",420.0,420.0,899.75
3431818,0,30006601,1888,182.0,0,182.0,"Y",420.0,420.0,899.75
3431818,0,30006601,14,273.0,0,273.0,"Y",420.0,420.0,899.75
3431819,0,30006600,145,181.0,0,181.0,"Y",420.0,420.0,899.75
3431819,0,30006600,241,182.0,0,182.0,"Y",420.0,420.0,899.75
3431819,0,30006600,1887,182.0,0,182.0,"Y",420.0,420.0,899.75
3431819,0,30006600,1888,182.0,0,182.0,"Y",420.0,420.0,899.75
3431819,0,30006600,14,273.0,0,273.0,"Y",420.0,420.0,899.75
3431821,0,30006600,145,181.0,0,181.0,"Y",420.0,420.0,899.75
3431821,0,30006600,241,182.0,0,182.0,"Y",420.0,420.0,899.75
3431821,0,30006600,1887,182.0,0,182.0,"Y",420.0,420.0,899.75
3431821,0,30006600,1888,182.0,0,182.0,"Y",420.0,420.0,899.75
3431821,0,30006600,14,273.0,0,273.0,"Y",420.0,420.0,899.75
3431823,0,30006600,145,181.0,0,181.0,"Y",420.0,420.0,899.75
3431823,0,30006600,241,182.0,0,182.0,"Y",420.0,420.0,899.75
3431823,0,30006600,1887,182.0,0,182.0,"Y",420.0,420.0,899.75
3431823,0,30006600,1888,182.0,0,182.0,"Y",420.0,420.0,899.75
3431823,0,30006600,14,273.0,0,273.0,"Y",420.0,420.0,899.75
3431826,0,30006600,145,181.0,0,181.0,"Y",420.0,420.0,899.75
3431826,0,30006600,241,182.0,0,182.0,"Y",420.0,420.0,899.75
3431826,0,30006600,1887,182.0,0,182.0,"Y",420.0,420.0,899.75
3431826,0,30006600,1888,182.0,0,182.0,"Y",420.0,420.0,899.75
3431826,0,30006600,14,273.0,0,273.0,"Y",420.0,420.0,899.75
3431832,0,30006600,145,181.0,0,181.0,"Y",420.0,420.0,899.75
3431832,0,30006600,241,182.0,0,182.0,"Y",420.0,420.0,899.75
3431832,0,30006600,1887,182.0,0,182.0,"Y",420.0,420.0,899.75
3431832,0,30006600,1888,182.0,0,182.0,"Y",420.0,420.0,899.75
3431832,0,30006600,14,273.0,0,273.0,"Y",420.0,420.0,899.75
3431834,0,30006600,145,181.0,0,181.0,"Y",420.0,420.0,899.75
3431834,0,30006600,241,182.0,0,182.0,"Y",420.0,420.0,899.75
3431834,0,30006600,1887,182.0,0,182.0,"Y",420.0,420.0,899.75
3431834,0,30006600,1888,182.0,0,182.0,"Y",420.0,420.0,899.75
3431834,0,30006600,14,273.0,0,273.0,"Y",420.0,420.0,899.75
3431841,0,30006600,14,1000.0,0,1000.0,"Y",420.0,420.0,899.75
3431840,0,30006600,14,1000.0,0,1000.0,"Y",420.0,420.0,899.75
3431844,0,30000117,245,10.0,0,10.0,"Y",400.0,400.0,700.0
3431845,0,30000117,245,10.0,0,10.0,"Y",400.0,400.0,700.0
3431846,0,30000117,245,10.0,0,10.0,"Y",400.0,400.0,700.0
3431847,0,30286212,245,10.0,0,10.0,"Y",500.0,500.0,1000.0
3431848,0,30286212,245,10.0,0,10.0,"Y",500.0,500.0,1000.0
3431849,0,30286212,245,10.0,0,10.0,"Y",500.0,500.0,1000.0
3431850,0,14133173,245,10.0,0,10.0,"Y",120.0,120.0,199.0
3431851,0,14133173,245,10.0,0,10.0,"Y",120.0,120.0,199.0
3431852,0,14133173,245,10.0,0,10.0,"Y",120.0,120.0,199.0
3431853,0,14121626,245,10.0,0,10.0,"Y",170.0,170.0,349.0
3431854,0,14121626,245,10.0,0,10.0,"Y",170.0,170.0,349.0
3431855,0,14121626,245,10.0,0,10.0,"Y",170.0,170.0,349.0
3431856,0,30286127,245,10.0,0,10.0,"Y",280.0,280.0,450.0
3431857,0,30286127,245,10.0,0,10.0,"Y",280.0,280.0,450.0
3431858,0,30286127,245,10.0,0,10.0,"Y",280.0,280.0,450.0
3431859,0,14082860,245,10.0,0,10.0,"Y",128.0,128.0,229.0
3431860,0,14082860,245,10.0,0,10.0,"Y",128.0,128.0,229.0
3431861,0,14082860,245,10.0,0,10.0,"Y",128.0,128.0,229.0
3431844,0,30000117,245,10.0,0,10.0,"Y",400.0,400.0,700.0
3431845,0,30000117,245,10.0,0,10.0,"Y",400.0,400.0,700.0
3431846,0,30000117,245,10.0,0,10.0,"Y",400.0,400.0,700.0
3431847,0,30286212,245,10.0,0,10.0,"Y",500.0,500.0,1000.0
3431848,0,30286212,245,10.0,0,10.0,"Y",500.0,500.0,1000.0
3431849,0,30286212,245,10.0,0,10.0,"Y",500.0,500.0,1000.0
3431850,0,14133173,245,10.0,0,10.0,"Y",120.0,120.0,199.0
3431851,0,14133173,245,10.0,0,10.0,"Y",120.0,120.0,199.0
3431852,0,14133173,245,10.0,0,10.0,"Y",120.0,120.0,199.0
3431853,0,14121626,245,10.0,0,10.0,"Y",170.0,170.0,349.0
3431854,0,14121626,245,10.0,0,10.0,"Y",170.0,170.0,349.0
3431855,0,14121626,245,10.0,0,10.0,"Y",170.0,170.0,349.0
3431856,0,30286127,245,10.0,0,10.0,"Y",280.0,280.0,450.0
3431857,0,30286127,245,10.0,0,10.0,"Y",280.0,280.0,450.0
3431858,0,30286127,245,10.0,0,10.0,"Y",280.0,280.0,450.0
3431859,0,14082860,245,10.0,0,10.0,"Y",128.0,128.0,229.0
3431860,0,14082860,245,10.0,0,10.0,"Y",128.0,128.0,229.0
3431861,0,14082860,245,10.0,0,10.0,"Y",128.0,128.0,229.0
3431863,0,30286253,1,20.0,0,20.0,"Y",55.0,55.0,99.0
3431863,0,30286253,6,20.0,0,20.0,"Y",55.0,55.0,99.0
3431863,0,30286254,1,20.0,0,20.0,"Y",65.0,65.0,99.0
3431863,0,30286254,6,20.0,0,20.0,"Y",65.0,65.0,99.0
3431864,0,30286253,1,20.0,0,20.0,"Y",55.0,55.0,99.0
3431864,0,30286253,6,20.0,0,20.0,"Y",55.0,55.0,99.0
3431864,0,30286254,1,20.0,0,20.0,"Y",65.0,65.0,99.0
3431864,0,30286254,6,20.0,0,20.0,"Y",65.0,65.0,99.0
3431865,0,30286253,1,20.0,0,20.0,"Y",55.0,55.0,99.0
3431865,0,30286253,6,20.0,0,20.0,"Y",55.0,55.0,99.0
3431865,0,30286254,1,20.0,0,20.0,"Y",65.0,65.0,99.0
3431865,0,30286254,6,20.0,0,20.0,"Y",65.0,65.0,99.0
3431866,0,30286253,1,20.0,0,20.0,"Y",55.0,55.0,99.0
3431866,0,30286253,6,20.0,0,20.0,"Y",55.0,55.0,99.0
3431866,0,30286254,1,20.0,0,20.0,"Y",65.0,65.0,99.0
3431866,0,30286254,6,20.0,0,20.0,"Y",65.0,65.0,99.0
3431867,0,30286253,1,20.0,0,20.0,"Y",55.0,55.0,99.0
3431867,0,30286253,6,20.0,0,20.0,"Y",55.0,55.0,99.0
3431867,0,30286254,1,20.0,0,20.0,"Y",65.0,65.0,99.0
3431867,0,30286254,6,20.0,0,20.0,"Y",65.0,65.0,99.0
3431863,0,30286253,1,20.0,0,20.0,"Y",55.0,55.0,99.0
3431863,0,30286253,6,20.0,0,20.0,"Y",55.0,55.0,99.0
3431863,0,30286254,1,20.0,0,20.0,"Y",65.0,65.0,99.0
3431863,0,30286254,6,20.0,0,20.0,"Y",65.0,65.0,99.0
3431864,0,30286253,1,20.0,0,20.0,"Y",55.0,55.0,99.0
3431864,0,30286253,6,20.0,0,20.0,"Y",55.0,55.0,99.0
3431864,0,30286254,1,20.0,0,20.0,"Y",65.0,65.0,99.0
3431864,0,30286254,6,20.0,0,20.0,"Y",65.0,65.0,99.0
3431865,0,30286253,1,20.0,0,20.0,"Y",55.0,55.0,99.0
3431865,0,30286253,6,20.0,0,20.0,"Y",55.0,55.0,99.0
3431865,0,30286254,1,20.0,0,20.0,"Y",65.0,65.0,99.0
3431865,0,30286254,6,20.0,0,20.0,"Y",65.0,65.0,99.0
3431866,0,30286253,1,20.0,0,20.0,"Y",55.0,55.0,99.0
3431866,0,30286253,6,20.0,0,20.0,"Y",55.0,55.0,99.0
3431866,0,30286254,1,20.0,0,20.0,"Y",65.0,65.0,99.0
3431866,0,30286254,6,20.0,0,20.0,"Y",65.0,65.0,99.0
3431867,0,30286253,1,20.0,0,20.0,"Y",55.0,55.0,99.0
3431867,0,30286253,6,20.0,0,20.0,"Y",55.0,55.0,99.0
3431867,0,30286254,1,20.0,0,20.0,"Y",65.0,65.0,99.0
3431867,0,30286254,6,20.0,0,20.0,"Y",65.0,65.0,99.0
3431898,0,30009099,50,200.0,0,200.0,"Y",250.0,250.0,499.0
3431898,0,30009100,50,100.0,0,100.0,"Y",250.0,250.0,499.0
3431898,0,30009101,50,100.0,0,100.0,"Y",250.0,250.0,499.0
3431900,0,30008022,270,500.0,0,500.0,"Y",390.0,390.0,699.75
3431900,0,30008023,270,500.0,0,500.0,"Y",390.0,390.0,699.75
3431900,0,30008024,270,500.0,0,500.0,"Y",390.0,390.0,699.75
3431893,0,14127085,245,1000.0,0,1000.0,"Y",320.0,320.0,699.0
3431893,0,14127086,245,1000.0,0,1000.0,"Y",320.0,320.0,699.0
3431893,0,14127087,245,1000.0,0,1000.0,"Y",320.0,320.0,699.0
3431894,0,30286236,270,1000.0,0,1000.0,"Y",115.0,115.0,200.0
3431894,0,30286237,270,1000.0,0,1000.0,"Y",115.0,115.0,200.0
3431894,0,30286238,270,1000.0,0,1000.0,"Y",115.0,115.0,200.0
3431901,0,30008022,50,500.0,0,500.0,"Y",390.0,390.0,699.75
3431901,0,30008023,50,500.0,0,500.0,"Y",390.0,390.0,699.75
3431901,0,30008024,50,500.0,0,500.0,"Y",390.0,390.0,699.75
3431899,0,30008022,245,500.0,0,500.0,"Y",390.0,390.0,699.75
3431899,0,30008023,245,500.0,0,500.0,"Y",390.0,390.0,699.75
3431899,0,30008024,245,500.0,0,500.0,"Y",390.0,390.0,699.75
3431897,0,30009099,270,200.0,0,200.0,"Y",250.0,250.0,499.0
3431897,0,30009100,270,100.0,0,100.0,"Y",250.0,250.0,499.0
3431897,0,30009101,270,100.0,0,100.0,"Y",250.0,250.0,499.0
3431896,0,30009099,245,200.0,0,200.0,"Y",250.0,250.0,499.0
3431896,0,30009100,245,100.0,0,100.0,"Y",250.0,250.0,499.0
3431896,0,30009101,245,100.0,0,100.0,"Y",250.0,250.0,499.0
3431895,0,30009852,50,1000.0,0,1000.0,"Y",190.0,190.0,299.0
3431895,0,30009853,50,1000.0,0,1000.0,"Y",190.0,190.0,299.0
3431895,0,30009854,50,1000.0,0,1000.0,"Y",190.0,190.0,299.0
3431898,0,30009099,50,200.0,0,200.0,"Y",250.0,250.0,499.0
3431898,0,30009100,50,100.0,0,100.0,"Y",250.0,250.0,499.0
3431898,0,30009101,50,100.0,0,100.0,"Y",250.0,250.0,499.0
3431900,0,30008022,270,500.0,0,500.0,"Y",390.0,390.0,699.75
3431900,0,30008023,270,500.0,0,500.0,"Y",390.0,390.0,699.75
3431900,0,30008024,270,500.0,0,500.0,"Y",390.0,390.0,699.75
3431893,0,14127085,245,1000.0,0,1000.0,"Y",320.0,320.0,699.0
3431893,0,14127086,245,1000.0,0,1000.0,"Y",320.0,320.0,699.0
3431893,0,14127087,245,1000.0,0,1000.0,"Y",320.0,320.0,699.0
3431894,0,30286236,270,1000.0,0,1000.0,"Y",115.0,115.0,200.0
3431894,0,30286237,270,1000.0,0,1000.0,"Y",115.0,115.0,200.0
3431894,0,30286238,270,1000.0,0,1000.0,"Y",115.0,115.0,200.0
3431901,0,30008022,50,500.0,0,500.0,"Y",390.0,390.0,699.75
3431901,0,30008023,50,500.0,0,500.0,"Y",390.0,390.0,699.75
3431901,0,30008024,50,500.0,0,500.0,"Y",390.0,390.0,699.75
3431899,0,30008022,245,500.0,0,500.0,"Y",390.0,390.0,699.75
3431899,0,30008023,245,500.0,0,500.0,"Y",390.0,390.0,699.75
3431899,0,30008024,245,500.0,0,500.0,"Y",390.0,390.0,699.75
3431897,0,30009099,270,200.0,0,200.0,"Y",250.0,250.0,499.0
3431897,0,30009100,270,100.0,0,100.0,"Y",250.0,250.0,499.0
3431897,0,30009101,270,100.0,0,100.0,"Y",250.0,250.0,499.0
3431896,0,30009099,245,200.0,0,200.0,"Y",250.0,250.0,499.0
3431896,0,30009100,245,100.0,0,100.0,"Y",250.0,250.0,499.0
3431896,0,30009101,245,100.0,0,100.0,"Y",250.0,250.0,499.0
3431895,0,30009852,50,1000.0,0,1000.0,"Y",190.0,190.0,299.0
3431895,0,30009853,50,1000.0,0,1000.0,"Y",190.0,190.0,299.0
3431895,0,30009854,50,1000.0,0,1000.0,"Y",190.0,190.0,299.0
3431902,0,14125530,245,200.0,0,200.0,"Y",190.0,190.0,299.0
3431902,0,14125531,245,200.0,0,200.0,"Y",190.0,190.0,299.0
3431902,0,14125532,245,600.0,0,600.0,"Y",190.0,190.0,299.0
3431902,0,14125530,1132,200.0,0,200.0,"Y",190.0,190.0,299.0
3431902,0,14125531,1132,200.0,0,200.0,"Y",190.0,190.0,299.0
3431902,0,14125532,1132,600.0,0,600.0,"Y",190.0,190.0,299.0
3431902,0,14125530,1204,200.0,0,200.0,"Y",190.0,190.0,299.0
3431902,0,14125531,1204,200.0,0,200.0,"Y",190.0,190.0,299.0
3431902,0,14125532,1204,600.0,0,600.0,"Y",190.0,190.0,299.0
3431903,0,30010183,245,500.0,0,500.0,"Y",240.0,240.0,399.0
3431903,0,30010184,245,500.0,0,500.0,"Y",240.0,240.0,399.0
3431903,0,30010185,245,100.0,0,100.0,"Y",240.0,240.0,399.0
3431903,0,30010183,1132,500.0,0,500.0,"Y",240.0,240.0,399.0
3431903,0,30010184,1132,500.0,0,500.0,"Y",240.0,240.0,399.0
3431903,0,30010185,1132,100.0,0,100.0,"Y",240.0,240.0,399.0
3431903,0,30010183,1204,500.0,0,500.0,"Y",240.0,240.0,399.0
3431903,0,30010184,1204,500.0,0,500.0,"Y",240.0,240.0,399.0
3431903,0,30010185,1204,100.0,0,100.0,"Y",240.0,240.0,399.0
3431904,0,30002978,245,4000.0,0,4000.0,"Y",146.0,146.0,279.0
3431904,0,30002979,245,4000.0,0,4000.0,"Y",146.0,146.0,279.0
3431904,0,30002980,245,4000.0,0,4000.0,"Y",146.0,146.0,279.0
3431904,0,30002978,1132,4000.0,0,4000.0,"Y",146.0,146.0,279.0
3431904,0,30002979,1132,4000.0,0,4000.0,"Y",146.0,146.0,279.0
3431904,0,30002980,1132,4000.0,0,4000.0,"Y",146.0,146.0,279.0
3431904,0,30002978,1204,4000.0,0,4000.0,"Y",146.0,146.0,279.0
3431904,0,30002979,1204,4000.0,0,4000.0,"Y",146.0,146.0,279.0
3431904,0,30002980,1204,4000.0,0,4000.0,"Y",146.0,146.0,279.0
3431905,0,30002978,130,800.0,0,800.0,"",146.0,146.0,279.0
3431905,0,30002979,130,800.0,0,800.0,"",146.0,146.0,279.0
3431905,0,30002980,130,800.0,0,800.0,"",146.0,146.0,279.0
3431905,0,30002978,148,800.0,0,800.0,"Y",146.0,146.0,279.0
3431905,0,30002979,148,800.0,0,800.0,"Y",146.0,146.0,279.0
3431905,0,30002980,148,800.0,0,800.0,"Y",146.0,146.0,279.0
3431905,0,30002978,270,800.0,0,800.0,"",146.0,146.0,279.0
3431905,0,30002979,270,800.0,0,800.0,"",146.0,146.0,279.0
3431905,0,30002980,270,800.0,0,800.0,"",146.0,146.0,279.0
3431906,0,30002978,50,2000.0,0,2000.0,"Y",146.0,146.0,279.0
3431906,0,30002979,50,2000.0,0,2000.0,"Y",146.0,146.0,279.0
3431906,0,30002980,50,2000.0,0,2000.0,"Y",146.0,146.0,279.0
3431906,0,30002978,142,2000.0,0,2000.0,"",146.0,146.0,279.0
3431906,0,30002979,142,2000.0,0,2000.0,"",146.0,146.0,279.0
3431906,0,30002980,142,2000.0,0,2000.0,"",146.0,146.0,279.0
3431906,0,30002978,149,2000.0,0,2000.0,"",146.0,146.0,279.0
3431906,0,30002979,149,2000.0,0,2000.0,"",146.0,146.0,279.0
3431906,0,30002980,149,2000.0,0,2000.0,"",146.0,146.0,279.0
3431907,0,30003987,245,1250.0,0,1250.0,"Y",255.0,255.0,429.0
3431907,0,30003988,245,10000.0,0,10000.0,"Y",255.0,255.0,429.0
3431907,0,30003989,245,12500.0,0,12500.0,"Y",255.0,255.0,429.0
3431907,0,30003987,1132,1250.0,0,1250.0,"Y",255.0,255.0,429.0
3431907,0,30003988,1132,10000.0,0,10000.0,"Y",255.0,255.0,429.0
3431907,0,30003989,1132,12500.0,0,12500.0,"Y",255.0,255.0,429.0
3431907,0,30003987,1204,1250.0,0,1250.0,"Y",255.0,255.0,429.0
3431907,0,30003988,1204,10000.0,0,10000.0,"Y",255.0,255.0,429.0
3431907,0,30003989,1204,12500.0,0,12500.0,"Y",255.0,255.0,429.0
3431908,0,30003987,32,2000.0,0,2000.0,"",255.0,255.0,429.0
3431908,0,30003988,32,2000.0,0,2000.0,"",255.0,255.0,429.0
3431908,0,30003989,32,2000.0,0,2000.0,"",255.0,255.0,429.0
3431908,0,30003987,50,2000.0,0,2000.0,"",255.0,255.0,429.0
3431908,0,30003988,50,2000.0,0,2000.0,"",255.0,255.0,429.0
3431908,0,30003989,50,2000.0,0,2000.0,"",255.0,255.0,429.0
3431908,0,30003987,142,2000.0,0,2000.0,"Y",255.0,255.0,429.0
3431908,0,30003988,142,2000.0,0,2000.0,"Y",255.0,255.0,429.0
3431908,0,30003989,142,2000.0,0,2000.0,"Y",255.0,255.0,429.0
3431909,0,30003987,130,4000.0,0,4000.0,"",255.0,255.0,429.0
3431909,0,30003988,130,4000.0,0,4000.0,"",255.0,255.0,429.0
3431909,0,30003989,130,4000.0,0,4000.0,"",255.0,255.0,429.0
3431909,0,30003987,148,4000.0,0,4000.0,"Y",255.0,255.0,429.0
3431909,0,30003988,148,4000.0,0,4000.0,"Y",255.0,255.0,429.0
3431909,0,30003989,148,4000.0,0,4000.0,"Y",255.0,255.0,429.0
3431909,0,30003987,270,4000.0,0,4000.0,"",255.0,255.0,429.0
3431909,0,30003988,270,4000.0,0,4000.0,"",255.0,255.0,429.0
3431909,0,30003989,270,4000.0,0,4000.0,"",255.0,255.0,429.0
3431911,0,30003166,245,4000.0,0,4000.0,"Y",220.0,220.0,399.0
3431911,0,30003167,245,1250.0,0,1250.0,"Y",220.0,220.0,399.0
3431911,0,30003168,245,10000.0,0,10000.0,"Y",220.0,220.0,399.0
3431911,0,30003166,1132,4000.0,0,4000.0,"Y",220.0,220.0,399.0
3431911,0,30003167,1132,1250.0,0,1250.0,"Y",220.0,220.0,399.0
3431911,0,30003168,1132,10000.0,0,10000.0,"Y",220.0,220.0,399.0
3431911,0,30003166,1204,4000.0,0,4000.0,"Y",220.0,220.0,399.0
3431911,0,30003167,1204,1250.0,0,1250.0,"Y",220.0,220.0,399.0
3431911,0,30003168,1204,10000.0,0,10000.0,"Y",220.0,220.0,399.0
3431912,0,30003166,130,6000.0,0,6000.0,"Y",220.0,220.0,399.0
3431912,0,30003167,130,2000.0,0,2000.0,"Y",220.0,220.0,399.0
3431912,0,30003168,130,6000.0,0,6000.0,"Y",220.0,220.0,399.0
3431912,0,30003166,148,6000.0,0,6000.0,"Y",220.0,220.0,399.0
3431912,0,30003167,148,2000.0,0,2000.0,"Y",220.0,220.0,399.0
3431912,0,30003168,148,6000.0,0,6000.0,"Y",220.0,220.0,399.0
3431912,0,30003166,270,6000.0,0,6000.0,"Y",220.0,220.0,399.0
3431912,0,30003167,270,2000.0,0,2000.0,"Y",220.0,220.0,399.0
3431912,0,30003168,270,6000.0,0,6000.0,"Y",220.0,220.0,399.0
3431904,0,30002978,245,4000.0,0,4000.0,"Y",146.0,146.0,279.0
3431904,0,30002979,245,4000.0,0,4000.0,"Y",146.0,146.0,279.0
3431904,0,30002980,245,4000.0,0,4000.0,"Y",146.0,146.0,279.0
3431904,0,30002978,1132,4000.0,0,4000.0,"Y",146.0,146.0,279.0
3431904,0,30002979,1132,4000.0,0,4000.0,"Y",146.0,146.0,279.0
3431904,0,30002980,1132,4000.0,0,4000.0,"Y",146.0,146.0,279.0
3431904,0,30002978,1204,4000.0,0,4000.0,"Y",146.0,146.0,279.0
3431904,0,30002979,1204,4000.0,0,4000.0,"Y",146.0,146.0,279.0
3431904,0,30002980,1204,4000.0,0,4000.0,"Y",146.0,146.0,279.0
3431905,0,30002978,130,800.0,0,800.0,"",146.0,146.0,279.0
3431905,0,30002979,130,800.0,0,800.0,"",146.0,146.0,279.0
3431905,0,30002980,130,800.0,0,800.0,"",146.0,146.0,279.0
3431905,0,30002978,148,800.0,0,800.0,"Y",146.0,146.0,279.0
3431905,0,30002979,148,800.0,0,800.0,"Y",146.0,146.0,279.0
3431905,0,30002980,148,800.0,0,800.0,"Y",146.0,146.0,279.0
3431905,0,30002978,270,800.0,0,800.0,"",146.0,146.0,279.0
3431905,0,30002979,270,800.0,0,800.0,"",146.0,146.0,279.0
3431905,0,30002980,270,800.0,0,800.0,"",146.0,146.0,279.0
3431906,0,30002978,50,2000.0,0,2000.0,"Y",146.0,146.0,279.0
3431906,0,30002979,50,2000.0,0,2000.0,"Y",146.0,146.0,279.0
3431906,0,30002980,50,2000.0,0,2000.0,"Y",146.0,146.0,279.0
3431906,0,30002978,142,2000.0,0,2000.0,"",146.0,146.0,279.0
3431906,0,30002979,142,2000.0,0,2000.0,"",146.0,146.0,279.0
3431906,0,30002980,142,2000.0,0,2000.0,"",146.0,146.0,279.0
3431906,0,30002978,149,2000.0,0,2000.0,"",146.0,146.0,279.0
3431906,0,30002979,149,2000.0,0,2000.0,"",146.0,146.0,279.0
3431906,0,30002980,149,2000.0,0,2000.0,"",146.0,146.0,279.0
3431907,0,30003987,245,1250.0,0,1250.0,"Y",255.0,255.0,429.0
3431907,0,30003988,245,10000.0,0,10000.0,"Y",255.0,255.0,429.0
3431907,0,30003989,245,12500.0,0,12500.0,"Y",255.0,255.0,429.0
3431907,0,30003987,1132,1250.0,0,1250.0,"Y",255.0,255.0,429.0
3431907,0,30003988,1132,10000.0,0,10000.0,"Y",255.0,255.0,429.0
3431907,0,30003989,1132,12500.0,0,12500.0,"Y",255.0,255.0,429.0
3431907,0,30003987,1204,1250.0,0,1250.0,"Y",255.0,255.0,429.0
3431907,0,30003988,1204,10000.0,0,10000.0,"Y",255.0,255.0,429.0
3431907,0,30003989,1204,12500.0,0,12500.0,"Y",255.0,255.0,429.0
3431908,0,30003987,32,2000.0,0,2000.0,"",255.0,255.0,429.0
3431908,0,30003988,32,2000.0,0,2000.0,"",255.0,255.0,429.0
3431908,0,30003989,32,2000.0,0,2000.0,"",255.0,255.0,429.0
3431908,0,30003987,50,2000.0,0,2000.0,"",255.0,255.0,429.0
3431908,0,30003988,50,2000.0,0,2000.0,"",255.0,255.0,429.0
3431908,0,30003989,50,2000.0,0,2000.0,"",255.0,255.0,429.0
3431908,0,30003987,142,2000.0,0,2000.0,"Y",255.0,255.0,429.0
3431908,0,30003988,142,2000.0,0,2000.0,"Y",255.0,255.0,429.0
3431908,0,30003989,142,2000.0,0,2000.0,"Y",255.0,255.0,429.0
3431909,0,30003987,130,4000.0,0,4000.0,"",255.0,255.0,429.0
3431909,0,30003988,130,4000.0,0,4000.0,"",255.0,255.0,429.0
3431909,0,30003989,130,4000.0,0,4000.0,"",255.0,255.0,429.0
3431909,0,30003987,148,4000.0,0,4000.0,"Y",255.0,255.0,429.0
3431909,0,30003988,148,4000.0,0,4000.0,"Y",255.0,255.0,429.0
3431909,0,30003989,148,4000.0,0,4000.0,"Y",255.0,255.0,429.0
3431909,0,30003987,270,4000.0,0,4000.0,"",255.0,255.0,429.0
3431909,0,30003988,270,4000.0,0,4000.0,"",255.0,255.0,429.0
3431909,0,30003989,270,4000.0,0,4000.0,"",255.0,255.0,429.0
3431911,0,30003166,245,4000.0,0,4000.0,"Y",220.0,220.0,399.0
3431911,0,30003167,245,1250.0,0,1250.0,"Y",220.0,220.0,399.0
3431911,0,30003168,245,10000.0,0,10000.0,"Y",220.0,220.0,399.0
3431911,0,30003166,1132,4000.0,0,4000.0,"Y",220.0,220.0,399.0
3431911,0,30003167,1132,1250.0,0,1250.0,"Y",220.0,220.0,399.0
3431911,0,30003168,1132,10000.0,0,10000.0,"Y",220.0,220.0,399.0
3431911,0,30003166,1204,4000.0,0,4000.0,"Y",220.0,220.0,399.0
3431911,0,30003167,1204,1250.0,0,1250.0,"Y",220.0,220.0,399.0
3431911,0,30003168,1204,10000.0,0,10000.0,"Y",220.0,220.0,399.0
3431912,0,30003166,130,6000.0,0,6000.0,"Y",220.0,220.0,399.0
3431912,0,30003167,130,2000.0,0,2000.0,"Y",220.0,220.0,399.0
3431912,0,30003168,130,6000.0,0,6000.0,"Y",220.0,220.0,399.0
3431912,0,30003166,148,6000.0,0,6000.0,"Y",220.0,220.0,399.0
3431912,0,30003167,148,2000.0,0,2000.0,"Y",220.0,220.0,399.0
3431912,0,30003168,148,6000.0,0,6000.0,"Y",220.0,220.0,399.0
3431912,0,30003166,270,6000.0,0,6000.0,"Y",220.0,220.0,399.0
3431912,0,30003167,270,2000.0,0,2000.0,"Y",220.0,220.0,399.0
3431912,0,30003168,270,6000.0,0,6000.0,"Y",220.0,220.0,399.0
3431916,0,30286236,270,3000.0,0,3000.0,"Y",115.0,115.0,200.0
3431916,0,30286237,270,3000.0,0,3000.0,"Y",115.0,115.0,200.0
3431916,0,30286238,270,3000.0,0,3000.0,"Y",115.0,115.0,200.0
3431917,0,30009852,50,2500.0,0,2500.0,"Y",190.0,190.0,299.0
3431917,0,30009853,50,2500.0,0,2500.0,"Y",190.0,190.0,299.0
3431917,0,30009854,50,2500.0,0,2500.0,"Y",190.0,190.0,299.0
3431918,0,14119426,1132,150.0,0,150.0,"Y",250.0,250.0,599.0
3431918,0,14119426,1204,150.0,0,150.0,"Y",250.0,250.0,599.0
3431918,0,14119426,245,300.0,0,300.0,"Y",250.0,250.0,599.0
3431918,0,14119427,1132,150.0,0,150.0,"Y",250.0,250.0,599.0
3431918,0,14119427,1204,150.0,0,150.0,"Y",250.0,250.0,599.0
3431918,0,14119427,245,300.0,0,300.0,"Y",250.0,250.0,599.0
3431918,0,14119428,1132,150.0,0,150.0,"Y",250.0,250.0,599.0
3431918,0,14119428,1204,150.0,0,150.0,"Y",250.0,250.0,599.0
3431918,0,14119428,245,300.0,0,300.0,"Y",250.0,250.0,599.0
3431919,0,14127021,1132,156.0,0,156.0,"Y",320.0,320.0,599.0
3431919,0,14127021,1204,156.0,0,156.0,"Y",320.0,320.0,599.0
3431919,0,14127021,245,313.0,0,313.0,"Y",320.0,320.0,599.0
3431919,0,14127022,1132,156.0,0,156.0,"Y",320.0,320.0,599.0
3431919,0,14127022,1204,156.0,0,156.0,"Y",320.0,320.0,599.0
3431919,0,14127022,245,313.0,0,313.0,"Y",320.0,320.0,599.0
3431919,0,14127023,1132,156.0,0,156.0,"Y",320.0,320.0,599.0
3431919,0,14127023,1204,156.0,0,156.0,"Y",320.0,320.0,599.0
3431919,0,14127023,245,313.0,0,313.0,"Y",320.0,320.0,599.0
3431920,0,30002978,148,333.0,0,333.0,"Y",146.0,146.0,279.0
3431920,0,30002978,270,333.0,0,333.0,"Y",146.0,146.0,279.0
3431920,0,30002978,130,334.0,0,334.0,"Y",146.0,146.0,279.0
3431920,0,30002979,148,333.0,0,333.0,"Y",146.0,146.0,279.0
3431920,0,30002979,270,333.0,0,333.0,"Y",146.0,146.0,279.0
3431920,0,30002979,130,334.0,0,334.0,"Y",146.0,146.0,279.0
3431920,0,30002980,148,333.0,0,333.0,"Y",146.0,146.0,279.0
3431920,0,30002980,270,333.0,0,333.0,"Y",146.0,146.0,279.0
3431920,0,30002980,130,334.0,0,334.0,"Y",146.0,146.0,279.0
3431921,0,14127030,142,156.0,0,156.0,"Y",320.0,320.0,599.0
3431921,0,14127030,149,156.0,0,156.0,"Y",320.0,320.0,599.0
3431921,0,14127030,50,313.0,0,313.0,"Y",320.0,320.0,599.0
3431921,0,14127032,142,156.0,0,156.0,"Y",320.0,320.0,599.0
3431921,0,14127032,149,156.0,0,156.0,"Y",320.0,320.0,599.0
3431921,0,14127032,50,313.0,0,313.0,"Y",320.0,320.0,599.0
3431921,0,14127034,142,156.0,0,156.0,"Y",320.0,320.0,599.0
3431921,0,14127034,149,156.0,0,156.0,"Y",320.0,320.0,599.0
3431921,0,14127034,50,313.0,0,313.0,"Y",320.0,320.0,599.0
3431922,0,14127025,1132,156.0,0,156.0,"Y",320.0,320.0,599.0
3431922,0,14127025,1204,156.0,0,156.0,"Y",320.0,320.0,599.0
3431922,0,14127025,245,313.0,0,313.0,"Y",320.0,320.0,599.0
3431922,0,14127028,1132,156.0,0,156.0,"Y",320.0,320.0,599.0
3431922,0,14127028,1204,156.0,0,156.0,"Y",320.0,320.0,599.0
3431922,0,14127028,245,313.0,0,313.0,"Y",320.0,320.0,599.0
3431922,0,14127029,1132,156.0,0,156.0,"Y",320.0,320.0,599.0
3431922,0,14127029,1204,156.0,0,156.0,"Y",320.0,320.0,599.0
3431922,0,14127029,245,313.0,0,313.0,"Y",320.0,320.0,599.0
3431916,0,30286236,270,3000.0,0,3000.0,"Y",115.0,115.0,200.0
3431916,0,30286237,270,3000.0,0,3000.0,"Y",115.0,115.0,200.0
3431916,0,30286238,270,3000.0,0,3000.0,"Y",115.0,115.0,200.0
3431917,0,30009852,50,2500.0,0,2500.0,"Y",190.0,190.0,299.0
3431917,0,30009853,50,2500.0,0,2500.0,"Y",190.0,190.0,299.0
3431917,0,30009854,50,2500.0,0,2500.0,"Y",190.0,190.0,299.0
3431918,0,14119426,1132,150.0,0,150.0,"Y",250.0,250.0,599.0
3431918,0,14119426,1204,150.0,0,150.0,"Y",250.0,250.0,599.0
3431918,0,14119426,245,300.0,0,300.0,"Y",250.0,250.0,599.0
3431918,0,14119427,1132,150.0,0,150.0,"Y",250.0,250.0,599.0
3431918,0,14119427,1204,150.0,0,150.0,"Y",250.0,250.0,599.0
3431918,0,14119427,245,300.0,0,300.0,"Y",250.0,250.0,599.0
3431918,0,14119428,1132,150.0,0,150.0,"Y",250.0,250.0,599.0
3431918,0,14119428,1204,150.0,0,150.0,"Y",250.0,250.0,599.0
3431918,0,14119428,245,300.0,0,300.0,"Y",250.0,250.0,599.0
3431919,0,14127021,1132,156.0,0,156.0,"Y",320.0,320.0,599.0
3431919,0,14127021,1204,156.0,0,156.0,"Y",320.0,320.0,599.0
3431919,0,14127021,245,313.0,0,313.0,"Y",320.0,320.0,599.0
3431919,0,14127022,1132,156.0,0,156.0,"Y",320.0,320.0,599.0
3431919,0,14127022,1204,156.0,0,156.0,"Y",320.0,320.0,599.0
3431919,0,14127022,245,313.0,0,313.0,"Y",320.0,320.0,599.0
3431919,0,14127023,1132,156.0,0,156.0,"Y",320.0,320.0,599.0
3431919,0,14127023,1204,156.0,0,156.0,"Y",320.0,320.0,599.0
3431919,0,14127023,245,313.0,0,313.0,"Y",320.0,320.0,599.0
3431920,0,30002978,148,333.0,0,333.0,"Y",146.0,146.0,279.0
3431920,0,30002978,270,333.0,0,333.0,"Y",146.0,146.0,279.0
3431920,0,30002978,130,334.0,0,334.0,"Y",146.0,146.0,279.0
3431920,0,30002979,148,333.0,0,333.0,"Y",146.0,146.0,279.0
3431920,0,30002979,270,333.0,0,333.0,"Y",146.0,146.0,279.0
3431920,0,30002979,130,334.0,0,334.0,"Y",146.0,146.0,279.0
3431920,0,30002980,148,333.0,0,333.0,"Y",146.0,146.0,279.0
3431920,0,30002980,270,333.0,0,333.0,"Y",146.0,146.0,279.0
3431920,0,30002980,130,334.0,0,334.0,"Y",146.0,146.0,279.0
3431921,0,14127030,142,156.0,0,156.0,"Y",320.0,320.0,599.0
3431921,0,14127030,149,156.0,0,156.0,"Y",320.0,320.0,599.0
3431921,0,14127030,50,313.0,0,313.0,"Y",320.0,320.0,599.0
3431921,0,14127032,142,156.0,0,156.0,"Y",320.0,320.0,599.0
3431921,0,14127032,149,156.0,0,156.0,"Y",320.0,320.0,599.0
3431921,0,14127032,50,313.0,0,313.0,"Y",320.0,320.0,599.0
3431921,0,14127034,142,156.0,0,156.0,"Y",320.0,320.0,599.0
3431921,0,14127034,149,156.0,0,156.0,"Y",320.0,320.0,599.0
3431921,0,14127034,50,313.0,0,313.0,"Y",320.0,320.0,599.0
3431922,0,14127025,1132,156.0,0,156.0,"Y",320.0,320.0,599.0
3431922,0,14127025,1204,156.0,0,156.0,"Y",320.0,320.0,599.0
3431922,0,14127025,245,313.0,0,313.0,"Y",320.0,320.0,599.0
3431922,0,14127028,1132,156.0,0,156.0,"Y",320.0,320.0,599.0
3431922,0,14127028,1204,156.0,0,156.0,"Y",320.0,320.0,599.0
3431922,0,14127028,245,313.0,0,313.0,"Y",320.0,320.0,599.0
3431922,0,14127029,1132,156.0,0,156.0,"Y",320.0,320.0,599.0
3431922,0,14127029,1204,156.0,0,156.0,"Y",320.0,320.0,599.0
3431922,0,14127029,245,313.0,0,313.0,"Y",320.0,320.0,599.0
3431924,0,14127035,245,313.0,0,313.0,"Y",320.0,320.0,599.0
3431924,0,14127037,245,313.0,0,313.0,"Y",320.0,320.0,599.0
3431924,0,14127040,245,313.0,0,313.0,"Y",320.0,320.0,599.0
3431924,0,14127035,1132,156.0,0,156.0,"Y",320.0,320.0,599.0
3431924,0,14127037,1132,156.0,0,156.0,"Y",320.0,320.0,599.0
3431924,0,14127040,1132,156.0,0,156.0,"Y",320.0,320.0,599.0
3431924,0,14127035,1204,156.0,0,156.0,"Y",320.0,320.0,599.0
3431924,0,14127037,1204,156.0,0,156.0,"Y",320.0,320.0,599.0
3431924,0,14127040,1204,156.0,0,156.0,"Y",320.0,320.0,599.0
3431930,0,14082860,1,20.0,0,20.0,"Y",128.0,128.0,229.0
3431930,0,14082861,1,20.0,0,20.0,"Y",78.0,78.0,169.0
3431930,0,14082860,6,20.0,0,20.0,"Y",128.0,128.0,229.0
3431930,0,14082861,6,20.0,0,20.0,"Y",78.0,78.0,169.0
3431926,0,14082860,1,20.0,0,20.0,"Y",128.0,128.0,229.0
3431926,0,14082861,1,20.0,0,20.0,"Y",78.0,78.0,169.0
3431926,0,14082860,6,20.0,0,20.0,"Y",128.0,128.0,229.0
3431926,0,14082861,6,20.0,0,20.0,"Y",78.0,78.0,169.0
3431929,0,14082860,1,20.0,0,20.0,"Y",128.0,128.0,229.0
3431929,0,14082861,1,20.0,0,20.0,"Y",78.0,78.0,169.0
3431929,0,14082860,6,20.0,0,20.0,"Y",128.0,128.0,229.0
3431929,0,14082861,6,20.0,0,20.0,"Y",78.0,78.0,169.0
3431928,0,14082860,1,20.0,0,20.0,"Y",128.0,128.0,229.0
3431928,0,14082861,1,20.0,0,20.0,"Y",78.0,78.0,169.0
3431928,0,14082860,6,20.0,0,20.0,"Y",128.0,128.0,229.0
3431928,0,14082861,6,20.0,0,20.0,"Y",78.0,78.0,169.0
3431923,0,14119429,32,250.0,0,250.0,"Y",250.0,250.0,599.0
3431923,0,14119430,32,250.0,0,250.0,"Y",250.0,250.0,599.0
3431923,0,14119431,32,250.0,0,250.0,"Y",250.0,250.0,599.0
3431923,0,14119429,50,167.0,0,167.0,"Y",250.0,250.0,599.0
3431923,0,14119430,50,167.0,0,167.0,"Y",250.0,250.0,599.0
3431923,0,14119431,50,167.0,0,167.0,"Y",250.0,250.0,599.0
3431923,0,14119429,142,83.0,0,83.0,"Y",250.0,250.0,599.0
3431923,0,14119430,142,83.0,0,83.0,"Y",250.0,250.0,599.0
3431923,0,14119431,142,83.0,0,83.0,"Y",250.0,250.0,599.0
3431927,0,14082860,1,20.0,0,20.0,"Y",128.0,128.0,229.0
3431927,0,14082861,1,20.0,0,20.0,"Y",78.0,78.0,169.0
3431927,0,14082860,6,20.0,0,20.0,"Y",128.0,128.0,229.0
3431927,0,14082861,6,20.0,0,20.0,"Y",78.0,78.0,169.0
3431924,0,14127035,245,313.0,0,313.0,"Y",320.0,320.0,599.0
3431924,0,14127037,245,313.0,0,313.0,"Y",320.0,320.0,599.0
3431924,0,14127040,245,313.0,0,313.0,"Y",320.0,320.0,599.0
3431924,0,14127035,1132,156.0,0,156.0,"Y",320.0,320.0,599.0
3431924,0,14127037,1132,156.0,0,156.0,"Y",320.0,320.0,599.0
3431924,0,14127040,1132,156.0,0,156.0,"Y",320.0,320.0,599.0
3431924,0,14127035,1204,156.0,0,156.0,"Y",320.0,320.0,599.0
3431924,0,14127037,1204,156.0,0,156.0,"Y",320.0,320.0,599.0
3431924,0,14127040,1204,156.0,0,156.0,"Y",320.0,320.0,599.0
3431930,0,14082860,1,20.0,0,20.0,"Y",128.0,128.0,229.0
3431930,0,14082861,1,20.0,0,20.0,"Y",78.0,78.0,169.0
3431930,0,14082860,6,20.0,0,20.0,"Y",128.0,128.0,229.0
3431930,0,14082861,6,20.0,0,20.0,"Y",78.0,78.0,169.0
3431926,0,14082860,1,20.0,0,20.0,"Y",128.0,128.0,229.0
3431926,0,14082861,1,20.0,0,20.0,"Y",78.0,78.0,169.0
3431926,0,14082860,6,20.0,0,20.0,"Y",128.0,128.0,229.0
3431926,0,14082861,6,20.0,0,20.0,"Y",78.0,78.0,169.0
3431929,0,14082860,1,20.0,0,20.0,"Y",128.0,128.0,229.0
3431929,0,14082861,1,20.0,0,20.0,"Y",78.0,78.0,169.0
3431929,0,14082860,6,20.0,0,20.0,"Y",128.0,128.0,229.0
3431929,0,14082861,6,20.0,0,20.0,"Y",78.0,78.0,169.0
3431928,0,14082860,1,20.0,0,20.0,"Y",128.0,128.0,229.0
3431928,0,14082861,1,20.0,0,20.0,"Y",78.0,78.0,169.0
3431928,0,14082860,6,20.0,0,20.0,"Y",128.0,128.0,229.0
3431928,0,14082861,6,20.0,0,20.0,"Y",78.0,78.0,169.0
3431923,0,14119429,32,250.0,0,250.0,"Y",250.0,250.0,599.0
3431923,0,14119430,32,250.0,0,250.0,"Y",250.0,250.0,599.0
3431923,0,14119431,32,250.0,0,250.0,"Y",250.0,250.0,599.0
3431923,0,14119429,50,167.0,0,167.0,"Y",250.0,250.0,599.0
3431923,0,14119430,50,167.0,0,167.0,"Y",250.0,250.0,599.0
3431923,0,14119431,50,167.0,0,167.0,"Y",250.0,250.0,599.0
3431923,0,14119429,142,83.0,0,83.0,"Y",250.0,250.0,599.0
3431923,0,14119430,142,83.0,0,83.0,"Y",250.0,250.0,599.0
3431923,0,14119431,142,83.0,0,83.0,"Y",250.0,250.0,599.0
3431927,0,14082860,1,20.0,0,20.0,"Y",128.0,128.0,229.0
3431927,0,14082861,1,20.0,0,20.0,"Y",78.0,78.0,169.0
3431927,0,14082860,6,20.0,0,20.0,"Y",128.0,128.0,229.0
3431927,0,14082861,6,20.0,0,20.0,"Y",78.0,78.0,169.0
3431937,0,14125562,1132,1000.0,0,1000.0,"Y",198.25,198.25,399.0
3431937,0,14125562,245,2000.0,0,2000.0,"Y",198.25,198.25,399.0
3431937,0,14125563,1132,1333.0,0,1333.0,"Y",198.25,198.25,399.0
3431937,0,14125563,245,2667.0,0,2667.0,"Y",198.25,198.25,399.0
3431937,0,14125564,1132,1666.0,0,1666.0,"Y",198.25,198.25,399.0
3431937,0,14125564,245,3334.0,0,3334.0,"Y",198.25,198.25,399.0
3431938,0,14127085,245,1000.0,0,1000.0,"Y",320.0,320.0,699.0
3431938,0,14127086,245,1000.0,0,1000.0,"Y",320.0,320.0,699.0
3431938,0,14127087,245,1000.0,0,1000.0,"Y",320.0,320.0,699.0
3431939,0,30009099,245,200.0,0,200.0,"Y",250.0,250.0,499.0
3431939,0,30009100,245,100.0,0,100.0,"Y",250.0,250.0,499.0
3431939,0,30009101,245,100.0,0,100.0,"Y",250.0,250.0,499.0
3431940,0,30009099,270,200.0,0,200.0,"Y",250.0,250.0,499.0
3431940,0,30009100,270,100.0,0,100.0,"Y",250.0,250.0,499.0
3431940,0,30009101,270,100.0,0,100.0,"Y",250.0,250.0,499.0
3431941,0,30009099,50,200.0,0,200.0,"Y",250.0,250.0,499.0
3431941,0,30009100,50,100.0,0,100.0,"Y",250.0,250.0,499.0
3431941,0,30009101,50,100.0,0,100.0,"Y",250.0,250.0,499.0
3431942,0,30008022,245,500.0,0,500.0,"Y",390.0,390.0,699.75
3431942,0,30008023,245,500.0,0,500.0,"Y",390.0,390.0,699.75
3431942,0,30008024,245,500.0,0,500.0,"Y",390.0,390.0,699.75
3431943,0,30008022,270,500.0,0,500.0,"Y",390.0,390.0,699.75
3431943,0,30008023,270,500.0,0,500.0,"Y",390.0,390.0,699.75
3431943,0,30008024,270,500.0,0,500.0,"Y",390.0,390.0,699.75
3431944,0,30008022,50,500.0,0,500.0,"Y",390.0,390.0,699.75
3431944,0,30008023,50,500.0,0,500.0,"Y",390.0,390.0,699.75
3431944,0,30008024,50,500.0,0,500.0,"Y",390.0,390.0,699.75
3431945,0,14119426,1132,150.0,0,150.0,"Y",250.0,250.0,599.0
3431945,0,14119426,1204,150.0,0,150.0,"Y",250.0,250.0,599.0
3431945,0,14119426,245,300.0,0,300.0,"Y",250.0,250.0,599.0
3431945,0,14119427,1132,150.0,0,150.0,"Y",250.0,250.0,599.0
3431945,0,14119427,1204,150.0,0,150.0,"Y",250.0,250.0,599.0
3431945,0,14119427,245,300.0,0,300.0,"Y",250.0,250.0,599.0
3431945,0,14119428,1132,150.0,0,150.0,"Y",250.0,250.0,599.0
3431945,0,14119428,1204,150.0,0,150.0,"Y",250.0,250.0,599.0
3431945,0,14119428,245,300.0,0,300.0,"Y",250.0,250.0,599.0
3431946,0,30002978,1132,3000.0,0,3000.0,"Y",146.0,146.0,279.0
3431946,0,30002978,1204,3000.0,0,3000.0,"Y",146.0,146.0,279.0
3431946,0,30002978,245,6000.0,0,6000.0,"Y",146.0,146.0,279.0
3431946,0,30002979,1132,3000.0,0,3000.0,"Y",146.0,146.0,279.0
3431946,0,30002979,1204,3000.0,0,3000.0,"Y",146.0,146.0,279.0
3431946,0,30002979,245,6000.0,0,6000.0,"Y",146.0,146.0,279.0
3431946,0,30002980,1132,3000.0,0,3000.0,"Y",146.0,146.0,279.0
3431946,0,30002980,1204,3000.0,0,3000.0,"Y",146.0,146.0,279.0
3431946,0,30002980,245,6000.0,0,6000.0,"Y",146.0,146.0,279.0
3431937,0,14125562,1132,1000.0,0,1000.0,"Y",198.25,198.25,399.0
3431937,0,14125562,245,2000.0,0,2000.0,"Y",198.25,198.25,399.0
3431937,0,14125563,1132,1333.0,0,1333.0,"Y",198.25,198.25,399.0
3431937,0,14125563,245,2667.0,0,2667.0,"Y",198.25,198.25,399.0
3431937,0,14125564,1132,1666.0,0,1666.0,"Y",198.25,198.25,399.0
3431937,0,14125564,245,3334.0,0,3334.0,"Y",198.25,198.25,399.0
3431938,0,14127085,245,1000.0,0,1000.0,"Y",320.0,320.0,699.0
3431938,0,14127086,245,1000.0,0,1000.0,"Y",320.0,320.0,699.0
3431938,0,14127087,245,1000.0,0,1000.0,"Y",320.0,320.0,699.0
3431939,0,30009099,245,200.0,0,200.0,"Y",250.0,250.0,499.0
3431939,0,30009100,245,100.0,0,100.0,"Y",250.0,250.0,499.0
3431939,0,30009101,245,100.0,0,100.0,"Y",250.0,250.0,499.0
3431940,0,30009099,270,200.0,0,200.0,"Y",250.0,250.0,499.0
3431940,0,30009100,270,100.0,0,100.0,"Y",250.0,250.0,499.0
3431940,0,30009101,270,100.0,0,100.0,"Y",250.0,250.0,499.0
3431941,0,30009099,50,200.0,0,200.0,"Y",250.0,250.0,499.0
3431941,0,30009100,50,100.0,0,100.0,"Y",250.0,250.0,499.0
3431941,0,30009101,50,100.0,0,100.0,"Y",250.0,250.0,499.0
3431942,0,30008022,245,500.0,0,500.0,"Y",390.0,390.0,699.75
3431942,0,30008023,245,500.0,0,500.0,"Y",390.0,390.0,699.75
3431942,0,30008024,245,500.0,0,500.0,"Y",390.0,390.0,699.75
3431943,0,30008022,270,500.0,0,500.0,"Y",390.0,390.0,699.75
3431943,0,30008023,270,500.0,0,500.0,"Y",390.0,390.0,699.75
3431943,0,30008024,270,500.0,0,500.0,"Y",390.0,390.0,699.75
3431944,0,30008022,50,500.0,0,500.0,"Y",390.0,390.0,699.75
3431944,0,30008023,50,500.0,0,500.0,"Y",390.0,390.0,699.75
3431944,0,30008024,50,500.0,0,500.0,"Y",390.0,390.0,699.75
3431945,0,14119426,1132,150.0,0,150.0,"Y",250.0,250.0,599.0
3431945,0,14119426,1204,150.0,0,150.0,"Y",250.0,250.0,599.0
3431945,0,14119426,245,300.0,0,300.0,"Y",250.0,250.0,599.0
3431945,0,14119427,1132,150.0,0,150.0,"Y",250.0,250.0,599.0
3431945,0,14119427,1204,150.0,0,150.0,"Y",250.0,250.0,599.0
3431945,0,14119427,245,300.0,0,300.0,"Y",250.0,250.0,599.0
3431945,0,14119428,1132,150.0,0,150.0,"Y",250.0,250.0,599.0
3431945,0,14119428,1204,150.0,0,150.0,"Y",250.0,250.0,599.0
3431945,0,14119428,245,300.0,0,300.0,"Y",250.0,250.0,599.0
3431946,0,30002978,1132,3000.0,0,3000.0,"Y",146.0,146.0,279.0
3431946,0,30002978,1204,3000.0,0,3000.0,"Y",146.0,146.0,279.0
3431946,0,30002978,245,6000.0,0,6000.0,"Y",146.0,146.0,279.0
3431946,0,30002979,1132,3000.0,0,3000.0,"Y",146.0,146.0,279.0
3431946,0,30002979,1204,3000.0,0,3000.0,"Y",146.0,146.0,279.0
3431946,0,30002979,245,6000.0,0,6000.0,"Y",146.0,146.0,279.0
3431946,0,30002980,1132,3000.0,0,3000.0,"Y",146.0,146.0,279.0
3431946,0,30002980,1204,3000.0,0,3000.0,"Y",146.0,146.0,279.0
3431946,0,30002980,245,6000.0,0,6000.0,"Y",146.0,146.0,279.0
3431948,0,30002978,1132,3000.0,0,3000.0,"Y",146.0,146.0,279.0
3431948,0,30002978,1204,3000.0,0,3000.0,"Y",146.0,146.0,279.0
3431948,0,30002978,245,6000.0,0,6000.0,"Y",146.0,146.0,279.0
3431948,0,30002979,1132,3000.0,0,3000.0,"Y",146.0,146.0,279.0
3431948,0,30002979,1204,3000.0,0,3000.0,"Y",146.0,146.0,279.0
3431948,0,30002979,245,6000.0,0,6000.0,"Y",146.0,146.0,279.0
3431948,0,30002980,1132,3000.0,0,3000.0,"Y",146.0,146.0,279.0
3431948,0,30002980,1204,3000.0,0,3000.0,"Y",146.0,146.0,279.0
3431948,0,30002980,245,6000.0,0,6000.0,"Y",146.0,146.0,279.0
3431950,0,30002978,1132,3000.0,0,3000.0,"Y",146.0,146.0,279.0
3431950,0,30002978,1204,3000.0,0,3000.0,"Y",146.0,146.0,279.0
3431950,0,30002978,245,6000.0,0,6000.0,"Y",146.0,146.0,279.0
3431950,0,30002979,1132,3000.0,0,3000.0,"Y",146.0,146.0,279.0
3431950,0,30002979,1204,3000.0,0,3000.0,"Y",146.0,146.0,279.0
3431950,0,30002979,245,6000.0,0,6000.0,"Y",146.0,146.0,279.0
3431950,0,30002980,1132,3000.0,0,3000.0,"Y",146.0,146.0,279.0
3431950,0,30002980,1204,3000.0,0,3000.0,"Y",146.0,146.0,279.0
3431950,0,30002980,245,6000.0,0,6000.0,"Y",146.0,146.0,279.0
3431951,0,30000104,148,1666.0,0,1666.0,"Y",160.0,160.0,269.75
3431951,0,30000104,270,1667.0,0,1667.0,"Y",160.0,160.0,269.75
3431951,0,30000104,130,1667.0,0,1667.0,"Y",160.0,160.0,269.75
3431951,0,30000105,148,2000.0,0,2000.0,"Y",160.0,160.0,269.75
3431951,0,30000105,270,2000.0,0,2000.0,"Y",160.0,160.0,269.75
3431951,0,30000105,130,2000.0,0,2000.0,"Y",160.0,160.0,269.75
3431951,0,30000106,148,1333.0,0,1333.0,"Y",160.0,160.0,269.75
3431951,0,30000106,270,1333.0,0,1333.0,"Y",160.0,160.0,269.75
3431951,0,30000106,130,1334.0,0,1334.0,"Y",160.0,160.0,269.75
3431952,0,30002978,148,333.0,0,333.0,"Y",146.0,146.0,279.0
3431952,0,30002978,270,333.0,0,333.0,"Y",146.0,146.0,279.0
3431952,0,30002978,130,334.0,0,334.0,"Y",146.0,146.0,279.0
3431952,0,30002979,148,333.0,0,333.0,"Y",146.0,146.0,279.0
3431952,0,30002979,270,333.0,0,333.0,"Y",146.0,146.0,279.0
3431952,0,30002979,130,334.0,0,334.0,"Y",146.0,146.0,279.0
3431952,0,30002980,148,333.0,0,333.0,"Y",146.0,146.0,279.0
3431952,0,30002980,270,333.0,0,333.0,"Y",146.0,146.0,279.0
3431952,0,30002980,130,334.0,0,334.0,"Y",146.0,146.0,279.0
3431953,0,14082860,148,3999.0,0,3999.0,"Y",128.0,128.0,229.0
3431953,0,14082860,270,4000.0,0,4000.0,"Y",128.0,128.0,229.0
3431953,0,14082860,130,4001.0,0,4001.0,"Y",128.0,128.0,229.0
3431953,0,14082861,148,3999.0,0,3999.0,"Y",78.0,78.0,169.0
3431953,0,14082861,270,4000.0,0,4000.0,"Y",78.0,78.0,169.0
3431953,0,14082861,130,4001.0,0,4001.0,"Y",78.0,78.0,169.0
3431953,0,14082904,148,3999.0,0,3999.0,"Y",118.0,118.0,229.0
3431953,0,14082904,270,4000.0,0,4000.0,"Y",118.0,118.0,229.0
3431953,0,14082904,130,4001.0,0,4001.0,"Y",118.0,118.0,229.0
3431948,0,30002978,1132,3000.0,0,3000.0,"Y",146.0,146.0,279.0
3431948,0,30002978,1204,3000.0,0,3000.0,"Y",146.0,146.0,279.0
3431948,0,30002978,245,6000.0,0,6000.0,"Y",146.0,146.0,279.0
3431948,0,30002979,1132,3000.0,0,3000.0,"Y",146.0,146.0,279.0
3431948,0,30002979,1204,3000.0,0,3000.0,"Y",146.0,146.0,279.0
3431948,0,30002979,245,6000.0,0,6000.0,"Y",146.0,146.0,279.0
3431948,0,30002980,1132,3000.0,0,3000.0,"Y",146.0,146.0,279.0
3431948,0,30002980,1204,3000.0,0,3000.0,"Y",146.0,146.0,279.0
3431948,0,30002980,245,6000.0,0,6000.0,"Y",146.0,146.0,279.0
3431950,0,30002978,1132,3000.0,0,3000.0,"Y",146.0,146.0,279.0
3431950,0,30002978,1204,3000.0,0,3000.0,"Y",146.0,146.0,279.0
3431950,0,30002978,245,6000.0,0,6000.0,"Y",146.0,146.0,279.0
3431950,0,30002979,1132,3000.0,0,3000.0,"Y",146.0,146.0,279.0
3431950,0,30002979,1204,3000.0,0,3000.0,"Y",146.0,146.0,279.0
3431950,0,30002979,245,6000.0,0,6000.0,"Y",146.0,146.0,279.0
3431950,0,30002980,1132,3000.0,0,3000.0,"Y",146.0,146.0,279.0
3431950,0,30002980,1204,3000.0,0,3000.0,"Y",146.0,146.0,279.0
3431950,0,30002980,245,6000.0,0,6000.0,"Y",146.0,146.0,279.0
3431951,0,30000104,148,1666.0,0,1666.0,"Y",160.0,160.0,269.75
3431951,0,30000104,270,1667.0,0,1667.0,"Y",160.0,160.0,269.75
3431951,0,30000104,130,1667.0,0,1667.0,"Y",160.0,160.0,269.75
3431951,0,30000105,148,2000.0,0,2000.0,"Y",160.0,160.0,269.75
3431951,0,30000105,270,2000.0,0,2000.0,"Y",160.0,160.0,269.75
3431951,0,30000105,130,2000.0,0,2000.0,"Y",160.0,160.0,269.75
3431951,0,30000106,148,1333.0,0,1333.0,"Y",160.0,160.0,269.75
3431951,0,30000106,270,1333.0,0,1333.0,"Y",160.0,160.0,269.75
3431951,0,30000106,130,1334.0,0,1334.0,"Y",160.0,160.0,269.75
3431952,0,30002978,148,333.0,0,333.0,"Y",146.0,146.0,279.0
3431952,0,30002978,270,333.0,0,333.0,"Y",146.0,146.0,279.0
3431952,0,30002978,130,334.0,0,334.0,"Y",146.0,146.0,279.0
3431952,0,30002979,148,333.0,0,333.0,"Y",146.0,146.0,279.0
3431952,0,30002979,270,333.0,0,333.0,"Y",146.0,146.0,279.0
3431952,0,30002979,130,334.0,0,334.0,"Y",146.0,146.0,279.0
3431952,0,30002980,148,333.0,0,333.0,"Y",146.0,146.0,279.0
3431952,0,30002980,270,333.0,0,333.0,"Y",146.0,146.0,279.0
3431952,0,30002980,130,334.0,0,334.0,"Y",146.0,146.0,279.0
3431953,0,14082860,148,3999.0,0,3999.0,"Y",128.0,128.0,229.0
3431953,0,14082860,270,4000.0,0,4000.0,"Y",128.0,128.0,229.0
3431953,0,14082860,130,4001.0,0,4001.0,"Y",128.0,128.0,229.0
3431953,0,14082861,148,3999.0,0,3999.0,"Y",78.0,78.0,169.0
3431953,0,14082861,270,4000.0,0,4000.0,"Y",78.0,78.0,169.0
3431953,0,14082861,130,4001.0,0,4001.0,"Y",78.0,78.0,169.0
3431953,0,14082904,148,3999.0,0,3999.0,"Y",118.0,118.0,229.0
3431953,0,14082904,270,4000.0,0,4000.0,"Y",118.0,118.0,229.0
3431953,0,14082904,130,4001.0,0,4001.0,"Y",118.0,118.0,229.0
3431954,0,14082905,1132,1500.0,0,1500.0,"Y",175.0,175.0,349.0
3431954,0,14082905,1204,1500.0,0,1500.0,"Y",175.0,175.0,349.0
3431954,0,14082905,245,3000.0,0,3000.0,"Y",175.0,175.0,349.0
3431954,0,14082927,1132,1500.0,0,1500.0,"Y",128.0,128.0,229.0
3431954,0,14082927,1204,1500.0,0,1500.0,"Y",128.0,128.0,229.0
3431954,0,14082927,245,3000.0,0,3000.0,"Y",128.0,128.0,229.0
3431954,0,14082928,1132,1500.0,0,1500.0,"Y",78.0,78.0,169.0
3431954,0,14082928,1204,1500.0,0,1500.0,"Y",78.0,78.0,169.0
3431954,0,14082928,245,3000.0,0,3000.0,"Y",78.0,78.0,169.0
3431955,0,14082930,148,333.0,0,333.0,"Y",118.0,118.0,229.0
3431955,0,14082930,270,333.0,0,333.0,"Y",118.0,118.0,229.0
3431955,0,14082930,130,334.0,0,334.0,"Y",118.0,118.0,229.0
3431955,0,14082937,148,333.0,0,333.0,"Y",118.0,118.0,229.0
3431955,0,14082937,270,333.0,0,333.0,"Y",118.0,118.0,229.0
3431955,0,14082937,130,334.0,0,334.0,"Y",118.0,118.0,229.0
3431955,0,14082943,148,333.0,0,333.0,"Y",175.0,175.0,349.0
3431955,0,14082943,270,333.0,0,333.0,"Y",175.0,175.0,349.0
3431955,0,14082943,130,334.0,0,334.0,"Y",175.0,175.0,349.0
3431954,0,14082905,1132,1500.0,0,1500.0,"Y",175.0,175.0,349.0
3431954,0,14082905,1204,1500.0,0,1500.0,"Y",175.0,175.0,349.0
3431954,0,14082905,245,3000.0,0,3000.0,"Y",175.0,175.0,349.0
3431954,0,14082927,1132,1500.0,0,1500.0,"Y",128.0,128.0,229.0
3431954,0,14082927,1204,1500.0,0,1500.0,"Y",128.0,128.0,229.0
3431954,0,14082927,245,3000.0,0,3000.0,"Y",128.0,128.0,229.0
3431954,0,14082928,1132,1500.0,0,1500.0,"Y",78.0,78.0,169.0
3431954,0,14082928,1204,1500.0,0,1500.0,"Y",78.0,78.0,169.0
3431954,0,14082928,245,3000.0,0,3000.0,"Y",78.0,78.0,169.0
3431955,0,14082930,148,333.0,0,333.0,"Y",118.0,118.0,229.0
3431955,0,14082930,270,333.0,0,333.0,"Y",118.0,118.0,229.0
3431955,0,14082930,130,334.0,0,334.0,"Y",118.0,118.0,229.0
3431955,0,14082937,148,333.0,0,333.0,"Y",118.0,118.0,229.0
3431955,0,14082937,270,333.0,0,333.0,"Y",118.0,118.0,229.0
3431955,0,14082937,130,334.0,0,334.0,"Y",118.0,118.0,229.0
3431955,0,14082943,148,333.0,0,333.0,"Y",175.0,175.0,349.0
3431955,0,14082943,270,333.0,0,333.0,"Y",175.0,175.0,349.0
3431955,0,14082943,130,334.0,0,334.0,"Y",175.0,175.0,349.0
3431956,0,14125562,245,2000.0,0,2000.0,"Y",198.25,198.25,399.0
3431956,0,14125563,245,2667.0,0,2667.0,"Y",198.25,198.25,399.0
3431956,0,14125564,245,3334.0,0,3334.0,"Y",198.25,198.25,399.0
3431956,0,14125562,1132,1000.0,0,1000.0,"Y",198.25,198.25,399.0
3431956,0,14125563,1132,1333.0,0,1333.0,"Y",198.25,198.25,399.0
3431956,0,14125564,1132,1666.0,0,1666.0,"Y",198.25,198.25,399.0
3431956,0,14125562,245,2000.0,0,2000.0,"Y",198.25,198.25,399.0
3431956,0,14125563,245,2667.0,0,2667.0,"Y",198.25,198.25,399.0
3431956,0,14125564,245,3334.0,0,3334.0,"Y",198.25,198.25,399.0
3431956,0,14125562,1132,1000.0,0,1000.0,"Y",198.25,198.25,399.0
3431956,0,14125563,1132,1333.0,0,1333.0,"Y",198.25,198.25,399.0
3431956,0,14125564,1132,1666.0,0,1666.0,"Y",198.25,198.25,399.0
3431957,0,30000117,3,10.0,0,10.0,"Y",400.0,400.0,700.0
3431957,0,30000117,245,10.0,0,10.0,"Y",400.0,400.0,700.0
3431958,0,30000117,3,10.0,0,10.0,"Y",400.0,400.0,700.0
3431958,0,30000117,245,10.0,0,10.0,"Y",400.0,400.0,700.0
3431959,0,30000117,3,10.0,0,10.0,"Y",400.0,400.0,700.0
3431959,0,30000117,245,10.0,0,10.0,"Y",400.0,400.0,700.0
3431960,0,30000117,3,10.0,0,10.0,"Y",400.0,400.0,700.0
3431960,0,30000117,245,10.0,0,10.0,"Y",400.0,400.0,700.0
3431961,0,30000117,3,10.0,0,10.0,"Y",400.0,400.0,700.0
3431961,0,30000117,245,10.0,0,10.0,"Y",400.0,400.0,700.0
3431957,0,30000117,3,10.0,0,10.0,"Y",400.0,400.0,700.0
3431957,0,30000117,245,10.0,0,10.0,"Y",400.0,400.0,700.0
3431958,0,30000117,3,10.0,0,10.0,"Y",400.0,400.0,700.0
3431958,0,30000117,245,10.0,0,10.0,"Y",400.0,400.0,700.0
3431959,0,30000117,3,10.0,0,10.0,"Y",400.0,400.0,700.0
3431959,0,30000117,245,10.0,0,10.0,"Y",400.0,400.0,700.0
3431960,0,30000117,3,10.0,0,10.0,"Y",400.0,400.0,700.0
3431960,0,30000117,245,10.0,0,10.0,"Y",400.0,400.0,700.0
3431961,0,30000117,3,10.0,0,10.0,"Y",400.0,400.0,700.0
3431961,0,30000117,245,10.0,0,10.0,"Y",400.0,400.0,700.0
3432022,0,30000117,3,20.0,0,20.0,"Y",400.0,400.0,700.0
3432023,0,30000117,3,20.0,0,20.0,"Y",400.0,400.0,700.0
3432024,0,30000117,3,20.0,0,20.0,"Y",400.0,400.0,700.0
3432025,0,30000117,3,20.0,0,20.0,"Y",400.0,400.0,700.0
3432026,0,30000117,3,20.0,0,20.0,"Y",400.0,400.0,700.0
3432045,0,30000117,65,7.0,0,7.0,"Y",400.0,400.0,700.0
3432045,0,30000117,3,13.0,0,13.0,"Y",400.0,400.0,700.0
3432073,0,59203733,6,15.0,0,15.0,"Y",664.825,664.825,949.75
3432073,0,59203733,238,15.0,0,15.0,"Y",664.825,664.825,949.75
3432073,0,59203734,6,25.0,0,25.0,"Y",664.825,664.825,949.75
3432073,0,59203734,238,25.0,0,25.0,"Y",664.825,664.825,949.75
3432073,0,59203733,6,15.0,0,15.0,"Y",664.825,664.825,949.75
3432073,0,59203733,238,15.0,0,15.0,"Y",664.825,664.825,949.75
3432073,0,59203734,6,25.0,0,25.0,"Y",664.825,664.825,949.75
3432073,0,59203734,238,25.0,0,25.0,"Y",664.825,664.825,949.75
3432075,0,30001168,2,8.0,0,8.0,"Y",230.0,230.0,399.0
3432075,0,30001168,5,15.0,0,15.0,"Y",230.0,230.0,399.0
3432075,0,30001168,14,23.0,0,23.0,"Y",230.0,230.0,399.0
3432075,0,30001168,15,23.0,0,23.0,"Y",230.0,230.0,399.0
3432075,0,30001168,3,31.0,0,31.0,"Y",230.0,230.0,399.0
3432075,0,30001169,2,8.0,0,8.0,"Y",230.0,230.0,399.0
3432075,0,30001169,5,15.0,0,15.0,"Y",230.0,230.0,399.0
3432075,0,30001169,14,23.0,0,23.0,"Y",230.0,230.0,399.0
3432075,0,30001169,15,23.0,0,23.0,"Y",230.0,230.0,399.0
3432075,0,30001169,3,31.0,0,31.0,"Y",230.0,230.0,399.0
3432075,0,30001170,2,8.0,0,8.0,"Y",230.0,230.0,399.0
3432075,0,30001170,5,15.0,0,15.0,"Y",230.0,230.0,399.0
3432075,0,30001170,14,23.0,0,23.0,"Y",230.0,230.0,399.0
3432075,0,30001170,15,23.0,0,23.0,"Y",230.0,230.0,399.0
3432075,0,30001170,3,31.0,0,31.0,"Y",230.0,230.0,399.0
3432075,0,30001171,2,8.0,0,8.0,"Y",230.0,230.0,399.0
3432075,0,30001171,5,15.0,0,15.0,"Y",230.0,230.0,399.0
3432075,0,30001171,14,23.0,0,23.0,"Y",230.0,230.0,399.0
3432075,0,30001171,15,23.0,0,23.0,"Y",230.0,230.0,399.0
3432075,0,30001171,3,31.0,0,31.0,"Y",230.0,230.0,399.0
3432075,0,30001172,2,8.0,0,8.0,"Y",230.0,230.0,399.0
3432075,0,30001172,5,15.0,0,15.0,"Y",230.0,230.0,399.0
3432075,0,30001172,14,23.0,0,23.0,"Y",230.0,230.0,399.0
3432075,0,30001172,15,23.0,0,23.0,"Y",230.0,230.0,399.0
3432075,0,30001172,3,31.0,0,31.0,"Y",230.0,230.0,399.0
3432076,0,39133005,5,11.0,0,11.0,"Y",230.75,230.75,325.0
3432076,0,39133005,15,17.0,0,17.0,"Y",230.75,230.75,325.0
3432076,0,39133005,3,24.0,0,24.0,"Y",230.75,230.75,325.0
3432076,0,39133005,6,24.0,0,24.0,"Y",230.75,230.75,325.0
3432076,0,39133005,9,24.0,0,24.0,"Y",230.75,230.75,325.0
3432076,0,39133006,5,11.0,0,11.0,"Y",230.75,230.75,325.0
3432076,0,39133006,15,17.0,0,17.0,"Y",230.75,230.75,325.0
3432076,0,39133006,3,24.0,0,24.0,"Y",230.75,230.75,325.0
3432076,0,39133006,6,24.0,0,24.0,"Y",230.75,230.75,325.0
3432076,0,39133006,9,24.0,0,24.0,"Y",230.75,230.75,325.0
3432076,0,39133007,5,11.0,0,11.0,"Y",230.75,230.75,325.0
3432076,0,39133007,15,17.0,0,17.0,"Y",230.75,230.75,325.0
3432076,0,39133007,3,24.0,0,24.0,"Y",230.75,230.75,325.0
3432076,0,39133007,6,24.0,0,24.0,"Y",230.75,230.75,325.0
3432076,0,39133007,9,24.0,0,24.0,"Y",230.75,230.75,325.0
3432076,0,39133008,5,11.0,0,11.0,"Y",230.75,230.75,325.0
3432076,0,39133008,15,17.0,0,17.0,"Y",230.75,230.75,325.0
3432076,0,39133008,3,24.0,0,24.0,"Y",230.75,230.75,325.0
3432076,0,39133008,6,24.0,0,24.0,"Y",230.75,230.75,325.0
3432076,0,39133008,9,24.0,0,24.0,"Y",230.75,230.75,325.0
3432077,0,57195475,1,17.0,0,17.0,"Y",182.5,182.5,250.0
3432077,0,57195475,14,17.0,0,17.0,"Y",182.5,182.5,250.0
3432077,0,57195475,15,18.0,0,18.0,"Y",182.5,182.5,250.0
3432077,0,57195475,6,24.0,0,24.0,"Y",182.5,182.5,250.0
3432077,0,57195475,9,24.0,0,24.0,"Y",182.5,182.5,250.0
3432077,0,57195496,1,17.0,0,17.0,"Y",182.5,182.5,250.0
3432077,0,57195496,14,17.0,0,17.0,"Y",182.5,182.5,250.0
3432077,0,57195496,15,18.0,0,18.0,"Y",182.5,182.5,250.0
3432077,0,57195496,6,24.0,0,24.0,"Y",182.5,182.5,250.0
3432077,0,57195496,9,24.0,0,24.0,"Y",182.5,182.5,250.0
3432077,0,57195518,1,17.0,0,17.0,"Y",182.5,182.5,250.0
3432077,0,57195518,14,17.0,0,17.0,"Y",182.5,182.5,250.0
3432077,0,57195518,15,18.0,0,18.0,"Y",182.5,182.5,250.0
3432077,0,57195518,6,24.0,0,24.0,"Y",182.5,182.5,250.0
3432077,0,57195518,9,24.0,0,24.0,"Y",182.5,182.5,250.0
3432075,0,30001168,2,8.0,0,8.0,"Y",230.0,230.0,399.0
3432075,0,30001168,5,15.0,0,15.0,"Y",230.0,230.0,399.0
3432075,0,30001168,14,23.0,0,23.0,"Y",230.0,230.0,399.0
3432075,0,30001168,15,23.0,0,23.0,"Y",230.0,230.0,399.0
3432075,0,30001168,3,31.0,0,31.0,"Y",230.0,230.0,399.0
3432075,0,30001169,2,8.0,0,8.0,"Y",230.0,230.0,399.0
3432075,0,30001169,5,15.0,0,15.0,"Y",230.0,230.0,399.0
3432075,0,30001169,14,23.0,0,23.0,"Y",230.0,230.0,399.0
3432075,0,30001169,15,23.0,0,23.0,"Y",230.0,230.0,399.0
3432075,0,30001169,3,31.0,0,31.0,"Y",230.0,230.0,399.0
3432075,0,30001170,2,8.0,0,8.0,"Y",230.0,230.0,399.0
3432075,0,30001170,5,15.0,0,15.0,"Y",230.0,230.0,399.0
3432075,0,30001170,14,23.0,0,23.0,"Y",230.0,230.0,399.0
3432075,0,30001170,15,23.0,0,23.0,"Y",230.0,230.0,399.0
3432075,0,30001170,3,31.0,0,31.0,"Y",230.0,230.0,399.0
3432075,0,30001171,2,8.0,0,8.0,"Y",230.0,230.0,399.0
3432075,0,30001171,5,15.0,0,15.0,"Y",230.0,230.0,399.0
3432075,0,30001171,14,23.0,0,23.0,"Y",230.0,230.0,399.0
3432075,0,30001171,15,23.0,0,23.0,"Y",230.0,230.0,399.0
3432075,0,30001171,3,31.0,0,31.0,"Y",230.0,230.0,399.0
3432075,0,30001172,2,8.0,0,8.0,"Y",230.0,230.0,399.0
3432075,0,30001172,5,15.0,0,15.0,"Y",230.0,230.0,399.0
3432075,0,30001172,14,23.0,0,23.0,"Y",230.0,230.0,399.0
3432075,0,30001172,15,23.0,0,23.0,"Y",230.0,230.0,399.0
3432075,0,30001172,3,31.0,0,31.0,"Y",230.0,230.0,399.0
3432076,0,39133005,5,11.0,0,11.0,"Y",230.75,230.75,325.0
3432076,0,39133005,15,17.0,0,17.0,"Y",230.75,230.75,325.0
3432076,0,39133005,3,24.0,0,24.0,"Y",230.75,230.75,325.0
3432076,0,39133005,6,24.0,0,24.0,"Y",230.75,230.75,325.0
3432076,0,39133005,9,24.0,0,24.0,"Y",230.75,230.75,325.0
3432076,0,39133006,5,11.0,0,11.0,"Y",230.75,230.75,325.0
3432076,0,39133006,15,17.0,0,17.0,"Y",230.75,230.75,325.0
3432076,0,39133006,3,24.0,0,24.0,"Y",230.75,230.75,325.0
3432076,0,39133006,6,24.0,0,24.0,"Y",230.75,230.75,325.0
3432076,0,39133006,9,24.0,0,24.0,"Y",230.75,230.75,325.0
3432076,0,39133007,5,11.0,0,11.0,"Y",230.75,230.75,325.0
3432076,0,39133007,15,17.0,0,17.0,"Y",230.75,230.75,325.0
3432076,0,39133007,3,24.0,0,24.0,"Y",230.75,230.75,325.0
3432076,0,39133007,6,24.0,0,24.0,"Y",230.75,230.75,325.0
3432076,0,39133007,9,24.0,0,24.0,"Y",230.75,230.75,325.0
3432076,0,39133008,5,11.0,0,11.0,"Y",230.75,230.75,325.0
3432076,0,39133008,15,17.0,0,17.0,"Y",230.75,230.75,325.0
3432076,0,39133008,3,24.0,0,24.0,"Y",230.75,230.75,325.0
3432076,0,39133008,6,24.0,0,24.0,"Y",230.75,230.75,325.0
3432076,0,39133008,9,24.0,0,24.0,"Y",230.75,230.75,325.0
3432077,0,57195475,1,17.0,0,17.0,"Y",182.5,182.5,250.0
3432077,0,57195475,14,17.0,0,17.0,"Y",182.5,182.5,250.0
3432077,0,57195475,15,18.0,0,18.0,"Y",182.5,182.5,250.0
3432077,0,57195475,6,24.0,0,24.0,"Y",182.5,182.5,250.0
3432077,0,57195475,9,24.0,0,24.0,"Y",182.5,182.5,250.0
3432077,0,57195496,1,17.0,0,17.0,"Y",182.5,182.5,250.0
3432077,0,57195496,14,17.0,0,17.0,"Y",182.5,182.5,250.0
3432077,0,57195496,15,18.0,0,18.0,"Y",182.5,182.5,250.0
3432077,0,57195496,6,24.0,0,24.0,"Y",182.5,182.5,250.0
3432077,0,57195496,9,24.0,0,24.0,"Y",182.5,182.5,250.0
3432077,0,57195518,1,17.0,0,17.0,"Y",182.5,182.5,250.0
3432077,0,57195518,14,17.0,0,17.0,"Y",182.5,182.5,250.0
3432077,0,57195518,15,18.0,0,18.0,"Y",182.5,182.5,250.0
3432077,0,57195518,6,24.0,0,24.0,"Y",182.5,182.5,250.0
3432077,0,57195518,9,24.0,0,24.0,"Y",182.5,182.5,250.0
3432081,0,14135909,32,5.0,0,5.0,"Y",0,0,549.0
3432081,0,14135910,32,5.0,0,5.0,"Y",0,0,549.0
3432081,0,14135911,32,5.0,0,5.0,"Y",0,0,549.0
3432081,0,14135912,32,5.0,0,5.0,"Y",0,0,549.0
3432081,0,14135913,32,5.0,0,5.0,"Y",0,0,549.0
3432111,0,30286817,3,10.0,0,10.0,"Y",999.0,999.0,1999.0
3432111,0,30286820,3,10.0,0,10.0,"Y",999.0,999.0,989.0
3432111,0,30286817,3,10.0,0,10.0,"Y",999.0,999.0,1999.0
3432111,0,30286820,3,10.0,0,10.0,"Y",999.0,999.0,989.0
3432112,0,14120833,1,3.0,0,3.0,"",0,0,599.0
3432112,0,14120834,1,3.0,0,3.0,"",0,0,599.0
3432112,0,14120835,1,5.0,0,5.0,"",0,0,599.0
3432112,0,14120836,1,4.0,0,4.0,"",0,0,599.0
3432112,0,14120837,1,2.0,0,2.0,"",0,0,599.0
3432112,0,14120838,1,2.0,0,2.0,"",0,0,599.0
3432112,0,14120839,1,5.0,0,5.0,"",0,0,599.0
3432112,0,14120840,1,5.0,0,5.0,"",0,0,599.0
3432112,0,14120841,1,2.0,0,2.0,"",0,0,599.0
3432112,0,14120842,1,2.0,0,2.0,"",0,0,599.0
3432112,0,14120843,1,5.0,0,5.0,"",0,0,599.0
3432112,0,14120844,1,5.0,0,5.0,"",0,0,599.0
3432112,0,14120833,6,4.0,0,4.0,"",0,0,599.0
3432112,0,14120834,6,3.0,0,3.0,"",0,0,599.0
3432112,0,14120835,6,6.0,0,6.0,"",0,0,599.0
3432112,0,14120836,6,6.0,0,6.0,"",0,0,599.0
3432112,0,14120837,6,4.0,0,4.0,"",0,0,599.0
3432112,0,14120838,6,3.0,0,3.0,"",0,0,599.0
3432112,0,14120839,6,6.0,0,6.0,"",0,0,599.0
3432112,0,14120840,6,6.0,0,6.0,"",0,0,599.0
3432112,0,14120841,6,4.0,0,4.0,"",0,0,599.0
3432112,0,14120842,6,3.0,0,3.0,"",0,0,599.0
3432112,0,14120843,6,6.0,0,6.0,"",0,0,599.0
3432112,0,14120844,6,6.0,0,6.0,"",0,0,599.0
3432112,0,14120833,1,3.0,0,3.0,"",0,0,599.0
3432112,0,14120834,1,3.0,0,3.0,"",0,0,599.0
3432112,0,14120835,1,5.0,0,5.0,"",0,0,599.0
3432112,0,14120836,1,4.0,0,4.0,"",0,0,599.0
3432112,0,14120837,1,2.0,0,2.0,"",0,0,599.0
3432112,0,14120838,1,2.0,0,2.0,"",0,0,599.0
3432112,0,14120839,1,5.0,0,5.0,"",0,0,599.0
3432112,0,14120840,1,5.0,0,5.0,"",0,0,599.0
3432112,0,14120841,1,2.0,0,2.0,"",0,0,599.0
3432112,0,14120842,1,2.0,0,2.0,"",0,0,599.0
3432112,0,14120843,1,5.0,0,5.0,"",0,0,599.0
3432112,0,14120844,1,5.0,0,5.0,"",0,0,599.0
3432112,0,14120833,6,4.0,0,4.0,"",0,0,599.0
3432112,0,14120834,6,3.0,0,3.0,"",0,0,599.0
3432112,0,14120835,6,6.0,0,6.0,"",0,0,599.0
3432112,0,14120836,6,6.0,0,6.0,"",0,0,599.0
3432112,0,14120837,6,4.0,0,4.0,"",0,0,599.0
3432112,0,14120838,6,3.0,0,3.0,"",0,0,599.0
3432112,0,14120839,6,6.0,0,6.0,"",0,0,599.0
3432112,0,14120840,6,6.0,0,6.0,"",0,0,599.0
3432112,0,14120841,6,4.0,0,4.0,"",0,0,599.0
3432112,0,14120842,6,3.0,0,3.0,"",0,0,599.0
3432112,0,14120843,6,6.0,0,6.0,"",0,0,599.0
3432112,0,14120844,6,6.0,0,6.0,"",0,0,599.0
3432116,0,14125530,2,1.0,0,1.0,"",100.0,100.0,299.0
3432116,0,14125531,2,1.0,0,1.0,"",100.0,100.0,299.0
3432116,0,14125538,2,1.0,0,1.0,"",100.0,100.0,299.0
3432116,0,14125542,2,1.0,0,1.0,"",100.0,100.0,299.0
3432116,0,14125546,2,1.0,0,1.0,"",100.0,100.0,299.0
3432116,0,14125530,5,1.0,0,1.0,"",100.0,100.0,299.0
3432116,0,14125531,5,1.0,0,1.0,"",100.0,100.0,299.0
3432116,0,14125532,5,1.0,0,1.0,"",100.0,100.0,299.0
3432116,0,14125535,5,1.0,0,1.0,"",100.0,100.0,299.0
3432116,0,14125536,5,1.0,0,1.0,"",100.0,100.0,299.0
3432116,0,14125537,5,1.0,0,1.0,"",100.0,100.0,299.0
3432116,0,14125538,5,1.0,0,1.0,"",100.0,100.0,299.0
3432116,0,14125539,5,1.0,0,1.0,"",100.0,100.0,299.0
3432116,0,14125540,5,1.0,0,1.0,"",100.0,100.0,299.0
3432116,0,14125542,5,1.0,0,1.0,"",100.0,100.0,299.0
3432116,0,14125543,5,1.0,0,1.0,"",100.0,100.0,299.0
3432116,0,14125544,5,1.0,0,1.0,"",100.0,100.0,299.0
3432116,0,14125546,5,1.0,0,1.0,"",100.0,100.0,299.0
3432116,0,14125530,2,1.0,0,1.0,"",100.0,100.0,299.0
3432116,0,14125531,2,1.0,0,1.0,"",100.0,100.0,299.0
3432116,0,14125538,2,1.0,0,1.0,"",100.0,100.0,299.0
3432116,0,14125542,2,1.0,0,1.0,"",100.0,100.0,299.0
3432116,0,14125546,2,1.0,0,1.0,"",100.0,100.0,299.0
3432116,0,14125530,5,1.0,0,1.0,"",100.0,100.0,299.0
3432116,0,14125531,5,1.0,0,1.0,"",100.0,100.0,299.0
3432116,0,14125532,5,1.0,0,1.0,"",100.0,100.0,299.0
3432116,0,14125535,5,1.0,0,1.0,"",100.0,100.0,299.0
3432116,0,14125536,5,1.0,0,1.0,"",100.0,100.0,299.0
3432116,0,14125537,5,1.0,0,1.0,"",100.0,100.0,299.0
3432116,0,14125538,5,1.0,0,1.0,"",100.0,100.0,299.0
3432116,0,14125539,5,1.0,0,1.0,"",100.0,100.0,299.0
3432116,0,14125540,5,1.0,0,1.0,"",100.0,100.0,299.0
3432116,0,14125542,5,1.0,0,1.0,"",100.0,100.0,299.0
3432116,0,14125543,5,1.0,0,1.0,"",100.0,100.0,299.0
3432116,0,14125544,5,1.0,0,1.0,"",100.0,100.0,299.0
3432116,0,14125546,5,1.0,0,1.0,"",100.0,100.0,299.0
3432117,0,30286715,277,200.0,0,200.0,"Y",600.0,600.0,750.0
3432120,0,30286715,277,150.0,0,150.0,"Y",600.0,600.0,750.0
3432123,0,14128421,245,30.0,0,30.0,"Y",180.0,180.0,399.0
3432124,0,14128444,245,30.0,0,30.0,"Y",200.0,200.0,499.0
3432125,0,14128421,6,30.0,0,30.0,"Y",180.0,180.0,399.0
3432126,0,14128444,6,30.0,0,30.0,"Y",200.0,200.0,499.0
3432123,0,14128421,245,30.0,0,30.0,"Y",180.0,180.0,399.0
3432124,0,14128444,245,30.0,0,30.0,"Y",200.0,200.0,499.0
3432125,0,14128421,6,30.0,0,30.0,"Y",180.0,180.0,399.0
3432126,0,14128444,6,30.0,0,30.0,"Y",200.0,200.0,499.0
3432128,0,14128444,6,30.0,0,30.0,"Y",200.0,200.0,499.0
3432129,0,14128444,6,30.0,0,30.0,"Y",200.0,200.0,499.0
3432130,0,14128444,2,11.0,0,11.0,"Y",200.0,200.0,499.0
3432130,0,14128444,28,23.0,0,23.0,"Y",200.0,200.0,499.0
3432130,0,14128444,5,23.0,0,23.0,"Y",200.0,200.0,499.0
3432130,0,14128444,14,35.0,0,35.0,"Y",200.0,200.0,499.0
3432130,0,14128444,15,35.0,0,35.0,"Y",200.0,200.0,499.0
3432130,0,14128444,1,35.0,0,35.0,"Y",200.0,200.0,499.0
3432130,0,14128444,9,46.0,0,46.0,"Y",200.0,200.0,499.0
3432130,0,14128444,3,46.0,0,46.0,"Y",200.0,200.0,499.0
3432130,0,14128444,6,46.0,0,46.0,"Y",200.0,200.0,499.0
3432131,0,14128444,2,1.0,0,1.0,"Y",200.0,200.0,499.0
3432131,0,14128444,142,1.0,0,1.0,"Y",200.0,200.0,499.0
3432131,0,14128444,149,1.0,0,1.0,"Y",200.0,200.0,499.0
3432131,0,14128444,452,1.0,0,1.0,"Y",200.0,200.0,499.0
3432131,0,14128444,1394,1.0,0,1.0,"Y",200.0,200.0,499.0
3432131,0,14128444,1395,1.0,0,1.0,"Y",200.0,200.0,499.0
3432131,0,14128444,1397,1.0,0,1.0,"Y",200.0,200.0,499.0
3432131,0,14128444,1398,1.0,0,1.0,"Y",200.0,200.0,499.0
3432131,0,14128444,5,2.0,0,2.0,"Y",200.0,200.0,499.0
3432131,0,14128444,28,2.0,0,2.0,"Y",200.0,200.0,499.0
3432131,0,14128444,46,2.0,0,2.0,"Y",200.0,200.0,499.0
3432131,0,14128444,50,2.0,0,2.0,"Y",200.0,200.0,499.0
3432131,0,14128444,65,2.0,0,2.0,"Y",200.0,200.0,499.0
3432131,0,14128444,94,2.0,0,2.0,"Y",200.0,200.0,499.0
3432131,0,14128444,99,2.0,0,2.0,"Y",200.0,200.0,499.0
3432131,0,14128444,120,2.0,0,2.0,"Y",200.0,200.0,499.0
3432131,0,14128444,130,2.0,0,2.0,"Y",200.0,200.0,499.0
3432131,0,14128444,134,2.0,0,2.0,"Y",200.0,200.0,499.0
3432131,0,14128444,138,2.0,0,2.0,"Y",200.0,200.0,499.0
3432131,0,14128444,145,2.0,0,2.0,"Y",200.0,200.0,499.0
3432131,0,14128444,148,2.0,0,2.0,"Y",200.0,200.0,499.0
3432131,0,14128444,156,2.0,0,2.0,"Y",200.0,200.0,499.0
3432131,0,14128444,228,2.0,0,2.0,"Y",200.0,200.0,499.0
3432131,0,14128444,238,2.0,0,2.0,"Y",200.0,200.0,499.0
3432131,0,14128444,241,2.0,0,2.0,"Y",200.0,200.0,499.0
3432131,0,14128444,270,2.0,0,2.0,"Y",200.0,200.0,499.0
3432131,0,14128444,274,2.0,0,2.0,"Y",200.0,200.0,499.0
3432131,0,14128444,275,2.0,0,2.0,"Y",200.0,200.0,499.0
3432131,0,14128444,276,2.0,0,2.0,"Y",200.0,200.0,499.0
3432131,0,14128444,277,2.0,0,2.0,"Y",200.0,200.0,499.0
3432131,0,14128444,351,2.0,0,2.0,"Y",200.0,200.0,499.0
3432131,0,14128444,352,2.0,0,2.0,"Y",200.0,200.0,499.0
3432131,0,14128444,353,2.0,0,2.0,"Y",200.0,200.0,499.0
3432131,0,14128444,432,2.0,0,2.0,"Y",200.0,200.0,499.0
3432131,0,14128444,440,2.0,0,2.0,"Y",200.0,200.0,499.0
3432131,0,14128444,445,2.0,0,2.0,"Y",200.0,200.0,499.0
3432131,0,14128444,448,2.0,0,2.0,"Y",200.0,200.0,499.0
3432131,0,14128444,457,2.0,0,2.0,"Y",200.0,200.0,499.0
3432131,0,14128444,855,2.0,0,2.0,"Y",200.0,200.0,499.0
3432131,0,14128444,1132,2.0,0,2.0,"Y",200.0,200.0,499.0
3432131,0,14128444,1204,2.0,0,2.0,"Y",200.0,200.0,499.0
3432131,0,14128444,1267,2.0,0,2.0,"Y",200.0,200.0,499.0
3432131,0,14128444,1268,2.0,0,2.0,"Y",200.0,200.0,499.0
3432131,0,14128444,1296,2.0,0,2.0,"Y",200.0,200.0,499.0
3432131,0,14128444,1393,2.0,0,2.0,"Y",200.0,200.0,499.0
3432131,0,14128444,1396,2.0,0,2.0,"Y",200.0,200.0,499.0
3432131,0,14128444,1399,2.0,0,2.0,"Y",200.0,200.0,499.0
3432131,0,14128444,1425,2.0,0,2.0,"Y",200.0,200.0,499.0
3432131,0,14128444,1663,2.0,0,2.0,"Y",200.0,200.0,499.0
3432131,0,14128444,1875,2.0,0,2.0,"Y",200.0,200.0,499.0
3432131,0,14128444,1887,2.0,0,2.0,"Y",200.0,200.0,499.0
3432131,0,14128444,1888,2.0,0,2.0,"Y",200.0,200.0,499.0
3432131,0,14128444,1896,2.0,0,2.0,"Y",200.0,200.0,499.0
3432131,0,14128444,2203,2.0,0,2.0,"Y",200.0,200.0,499.0
3432131,0,14128444,2267,2.0,0,2.0,"Y",200.0,200.0,499.0
3432131,0,14128444,2268,2.0,0,2.0,"Y",200.0,200.0,499.0
3432131,0,14128444,2551,2.0,0,2.0,"Y",200.0,200.0,499.0
3432131,0,14128444,2552,2.0,0,2.0,"Y",200.0,200.0,499.0
3432131,0,14128444,2553,2.0,0,2.0,"Y",200.0,200.0,499.0
3432131,0,14128444,2554,2.0,0,2.0,"Y",200.0,200.0,499.0
3432131,0,14128444,2592,2.0,0,2.0,"Y",200.0,200.0,499.0
3432131,0,14128444,3065,2.0,0,2.0,"Y",200.0,200.0,499.0
3432131,0,14128444,3066,2.0,0,2.0,"Y",200.0,200.0,499.0
3432131,0,14128444,3067,2.0,0,2.0,"Y",200.0,200.0,499.0
3432131,0,14128444,3068,2.0,0,2.0,"Y",200.0,200.0,499.0
3432131,0,14128444,3574,2.0,0,2.0,"Y",200.0,200.0,499.0
3432131,0,14128444,3752,2.0,0,2.0,"Y",200.0,200.0,499.0
3432131,0,14128444,4189,2.0,0,2.0,"Y",200.0,200.0,499.0
3432131,0,14128444,4255,2.0,0,2.0,"Y",200.0,200.0,499.0
3432131,0,14128444,4270,2.0,0,2.0,"Y",200.0,200.0,499.0
3432131,0,14128444,4534,2.0,0,2.0,"Y",200.0,200.0,499.0
3432131,0,14128444,4535,2.0,0,2.0,"Y",200.0,200.0,499.0
3432131,0,14128444,5132,2.0,0,2.0,"Y",200.0,200.0,499.0
3432131,0,14128444,5302,2.0,0,2.0,"Y",200.0,200.0,499.0
3432131,0,14128444,5305,2.0,0,2.0,"Y",200.0,200.0,499.0
3432131,0,14128444,5308,2.0,0,2.0,"Y",200.0,200.0,499.0
3432131,0,14128444,1,3.0,0,3.0,"Y",200.0,200.0,499.0
3432131,0,14128444,14,3.0,0,3.0,"Y",200.0,200.0,499.0
3432131,0,14128444,15,3.0,0,3.0,"Y",200.0,200.0,499.0
3432131,0,14128444,32,3.0,0,3.0,"Y",200.0,200.0,499.0
3432131,0,14128444,73,3.0,0,3.0,"Y",200.0,200.0,499.0
3432131,0,14128444,95,3.0,0,3.0,"Y",200.0,200.0,499.0
3432131,0,14128444,1063,3.0,0,3.0,"Y",200.0,200.0,499.0
3432131,0,14128444,1090,3.0,0,3.0,"Y",200.0,200.0,499.0
3432131,0,14128444,1800,3.0,0,3.0,"Y",200.0,200.0,499.0
3432131,0,14128444,4269,3.0,0,3.0,"Y",200.0,200.0,499.0
3432131,0,14128444,4536,3.0,0,3.0,"Y",200.0,200.0,499.0
3432131,0,14128444,4537,3.0,0,3.0,"Y",200.0,200.0,499.0
3432131,0,14128444,3,4.0,0,4.0,"Y",200.0,200.0,499.0
3432131,0,14128444,6,4.0,0,4.0,"Y",200.0,200.0,499.0
3432131,0,14128444,9,4.0,0,4.0,"Y",200.0,200.0,499.0
3432131,0,14128444,245,4.0,0,4.0,"Y",200.0,200.0,499.0
3432131,0,14128444,4268,4.0,0,4.0,"Y",200.0,200.0,499.0
